Game_ID,Platform,Genre,Publisher,ESRB_Rating,Year,Critic_Score,Global_Sales_Millions
1,Xbox Series X,Shooter,Publisher_2,T,2019,63.0,0.32
2,PC,Action,Publisher_19,M,2021,62.1,0.52
3,Xbox Series X,RPG,Publisher_11,E10+,2019,62.8,0.19
4,PS4,RPG,Publisher_5,E10+,2022,87.2,0.63
5,PC,Shooter,Publisher_12,E,2016,71.3,0.18
6,Xbox Series X,Sports,Publisher_1,M,2016,55.2,0.21
7,PS5,Sports,Publisher_37,E10+,2018,75.8,0.29
8,Xbox Series X,Simulation,Publisher_40,E10+,2018,73.4,0.09
9,Switch,Sports,Publisher_15,E,2023,67.5,0.49
10,PS4,Puzzle,Publisher_36,E10+,2023,61.8,0.05
11,Xbox Series X,Puzzle,Publisher_19,T,2019,61.4,0.3
12,PS5,Racing,Publisher_37,M,2020,82.9,0.32
13,Switch,Simulation,Publisher_7,E10+,2017,74.5,0.17
14,Xbox Series X,Action,Publisher_12,T,2020,76.8,0.53
15,PS4,RPG,Publisher_30,M,2022,74.4,0.21
16,PS4,Sports,Publisher_9,E10+,2022,75.3,0.36
17,Xbox One,Racing,Publisher_33,E10+,2024,67.3,0.07
18,Switch,Puzzle,Publisher_18,E,2020,69.9,0.2
19,PC,Simulation,Publisher_17,M,2018,83.6,0.66
20,Xbox Series X,Shooter,Publisher_19,E,2015,86.1,0.42
21,PS5,Sports,Publisher_32,E,2021,59.8,0.2
22,Switch,Simulation,Publisher_1,E,2023,69.9,0.2
23,Xbox One,Puzzle,Publisher_31,T,2020,80.4,0.06
24,Switch,Adventure,Publisher_32,E10+,2024,90.8,0.29
25,PS5,Shooter,Publisher_33,T,2018,89.8,0.49
26,PS4,Shooter,Publisher_40,T,2015,64.0,0.34
27,Switch,Shooter,Publisher_32,E,2021,84.8,0.34
28,Switch,Puzzle,Publisher_22,E10+,2016,72.6,0.15
29,Xbox Series X,Sports,Publisher_19,E,2015,82.4,0.37
30,Switch,Simulation,Publisher_16,E,2022,79.9,0.35
31,PC,Sports,Publisher_34,E10+,2019,59.4,0.07
32,Xbox Series X,Shooter,Publisher_16,E10+,2021,77.5,0.64
33,PC,RPG,Publisher_23,E,2022,82.1,0.22
34,PS4,Puzzle,Publisher_4,E10+,2018,,0.44
35,PS4,Puzzle,Publisher_13,E10+,2021,69.5,0.15
36,Switch,Simulation,Publisher_11,M,2020,56.3,0.23
37,Xbox One,Adventure,Publisher_18,T,2020,78.8,0.14
38,PS5,Sports,Publisher_21,E10+,2022,74.1,0.15
39,Switch,Sports,Publisher_29,E10+,2018,62.8,0.25
40,PS4,Simulation,Publisher_18,E,2020,68.7,0.11
41,Switch,Shooter,Publisher_7,E10+,2020,73.5,0.51
42,PS5,Action,Publisher_22,T,2016,66.4,0.35
43,Switch,Adventure,Publisher_3,E,2017,72.0,0.18
44,Switch,Puzzle,Publisher_34,M,2015,54.5,0.13
45,Switch,Action,Publisher_31,T,2016,85.5,0.43
46,Xbox One,Adventure,Publisher_10,M,2019,72.2,0.2
47,Xbox Series X,Racing,Publisher_11,E10+,2024,61.0,0.25
48,Switch,Racing,Publisher_2,M,2024,47.4,0.22
49,PS4,Adventure,Publisher_15,E10+,2022,82.3,0.27
50,Switch,Shooter,Publisher_2,M,2020,77.6,0.64
51,Xbox One,Shooter,Publisher_38,T,2017,74.1,0.29
52,Xbox Series X,Racing,Publisher_6,T,2018,80.6,0.43
53,Xbox One,Sports,Publisher_27,E,2022,80.6,0.31
54,Xbox One,Sports,Publisher_23,M,2024,73.9,0.51
55,PS5,Adventure,Publisher_10,E,2024,69.5,0.15
56,PS5,Sports,Publisher_33,E,2018,67.8,0.23
57,PS4,Racing,Publisher_5,E10+,2019,76.2,0.18
58,PS5,RPG,Publisher_36,M,2020,86.0,0.5
59,Xbox Series X,Sports,Publisher_30,M,2015,71.0,0.4
60,Switch,Racing,Publisher_26,M,2016,86.8,0.15
61,Xbox One,Adventure,Publisher_36,T,2015,75.7,0.15
62,Xbox Series X,Shooter,Publisher_17,M,2022,75.8,1.63
63,PC,Sports,Publisher_12,E10+,2017,96.1,0.21
64,Xbox One,Sports,Publisher_7,E10+,2022,88.5,0.13
65,PS5,Sports,Publisher_37,E,2018,88.8,0.45
66,Switch,Simulation,Publisher_17,M,2022,64.0,0.68
67,Xbox One,RPG,Publisher_34,E10+,2016,93.9,0.27
68,Xbox One,RPG,Publisher_14,E,2018,71.2,0.17
69,Xbox One,Action,Publisher_39,E10+,2017,69.7,0.61
70,Xbox One,Shooter,Publisher_35,T,2019,50.4,0.89
71,PS5,Simulation,Publisher_13,E10+,2020,75.3,0.32
72,Xbox One,Shooter,Publisher_20,E10+,2016,61.2,0.47
73,Switch,Puzzle,Publisher_32,E10+,2021,76.1,0.22
74,PS4,Sports,Publisher_10,T,2024,60.4,0.2
75,Xbox One,Sports,Publisher_1,T,2015,90.0,0.14
76,PS5,Puzzle,Publisher_12,T,2015,77.5,0.18
77,Xbox Series X,Action,Publisher_24,E,2024,94.8,0.6
78,Xbox Series X,Shooter,Publisher_6,E10+,2021,61.8,0.52
79,PC,RPG,Publisher_14,T,2024,87.5,0.24
80,PS4,Action,Publisher_37,E,2022,54.0,0.09
81,PS4,Racing,Publisher_4,E,2022,74.1,0.48
82,Xbox Series X,Simulation,Publisher_3,E10+,2016,65.7,0.12
83,PC,Action,Publisher_17,T,2020,67.5,0.53
84,PC,Adventure,Publisher_1,T,2018,66.8,0.2
85,PS5,Racing,Publisher_2,E,2023,62.9,0.15
86,PS4,Puzzle,Publisher_8,T,2015,59.4,0.18
87,Switch,Action,Publisher_5,E,2015,67.6,0.7
88,PS5,Adventure,Publisher_33,T,2020,73.2,0.19
89,PC,Action,Publisher_5,T,2024,83.6,0.58
90,PS4,Simulation,Publisher_21,E,2024,,0.18
91,PC,Puzzle,Publisher_29,E10+,2020,83.7,0.13
92,PS4,RPG,Publisher_26,M,2019,57.2,0.2
93,Xbox Series X,Action,Publisher_27,E10+,2017,67.7,0.67
94,Xbox One,Racing,Publisher_15,T,2024,79.1,0.16
95,PS5,Action,Publisher_36,T,2016,75.4,0.31
96,Xbox One,Racing,Publisher_3,E,2016,63.4,0.12
97,Xbox One,Adventure,Publisher_5,M,2020,81.3,0.27
98,Switch,RPG,Publisher_35,E10+,2018,66.7,1.57
99,PC,Sports,Publisher_3,M,2019,64.2,0.14
100,Xbox One,Sports,Publisher_8,E10+,2024,76.9,0.16
101,Xbox Series X,Sports,Publisher_7,T,2017,72.1,0.21
102,Xbox Series X,Action,Publisher_2,E10+,2023,66.8,0.44
103,Xbox Series X,Sports,Publisher_5,M,2017,66.4,0.53
104,Switch,Puzzle,Publisher_23,E,2018,61.3,0.29
105,PS4,RPG,Publisher_27,M,2015,68.0,0.74
106,PS4,Adventure,Publisher_4,E,2021,83.0,0.52
107,Xbox Series X,Adventure,Publisher_38,M,2023,74.4,0.25
108,PS5,Adventure,Publisher_4,E,2023,81.6,0.74
109,PS5,Racing,Publisher_28,E,2016,77.2,1.03
110,PS5,RPG,Publisher_33,E,2022,65.9,0.29
111,Switch,Simulation,Publisher_21,T,2016,55.5,0.16
112,Switch,Sports,Publisher_20,E10+,2021,62.7,0.65
113,Switch,Shooter,Publisher_5,T,2022,65.3,0.56
114,Xbox Series X,Shooter,Publisher_10,M,2016,64.5,0.4
115,Switch,Puzzle,Publisher_35,E,2016,81.8,0.53
116,PS5,Racing,Publisher_14,T,2015,81.7,0.3
117,PC,Adventure,Publisher_2,T,2022,94.1,0.19
118,Xbox One,Simulation,Publisher_30,E10+,2021,64.4,0.08
119,PC,Shooter,Publisher_28,M,2016,88.0,0.79
120,PS5,Adventure,Publisher_3,T,2020,87.9,0.19
121,Xbox Series X,Sports,Publisher_3,E,2022,69.7,0.22
122,Switch,Simulation,Publisher_5,T,2017,76.7,0.95
123,Xbox Series X,Sports,Publisher_3,E10+,2021,84.4,0.32
124,Xbox Series X,Adventure,Publisher_25,E,2017,71.4,0.52
125,PS5,Shooter,Publisher_6,M,2017,70.6,0.36
126,Xbox Series X,Simulation,Publisher_25,E,2018,65.7,0.28
127,PS4,Sports,Publisher_8,E,2018,48.4,0.13
128,PS4,Shooter,Publisher_39,E,2019,72.7,0.97
129,Switch,Simulation,Publisher_30,M,2017,64.9,0.2
130,Xbox One,Action,Publisher_15,T,2018,61.2,0.21
131,Xbox One,RPG,Publisher_18,M,2021,76.2,0.17
132,Xbox Series X,Action,Publisher_3,E10+,2018,57.5,0.36
133,PC,RPG,Publisher_3,E,2021,80.1,0.16
134,PS5,Shooter,Publisher_22,E10+,2016,76.8,0.36
135,Xbox Series X,Racing,Publisher_1,E,2016,68.0,0.18
136,PS5,RPG,Publisher_26,T,2023,71.4,0.79
137,Xbox Series X,Sports,Publisher_16,E10+,2019,60.1,0.72
138,PC,Sports,Publisher_6,M,2021,79.5,0.31
139,Xbox Series X,Simulation,Publisher_22,E10+,2022,73.9,0.09
140,PC,Simulation,Publisher_23,E10+,2016,74.6,0.14
141,Xbox Series X,Sports,Publisher_30,M,2024,77.0,0.27
142,Switch,Sports,Publisher_8,T,2019,65.6,0.41
143,Xbox Series X,Action,Publisher_22,E,2023,56.8,0.39
144,PS4,Simulation,Publisher_34,E10+,2019,81.6,0.16
145,Switch,Puzzle,Publisher_11,E10+,2019,78.9,0.11
146,PC,Adventure,Publisher_34,T,2021,66.6,0.09
147,PS4,RPG,Publisher_29,T,2016,76.1,0.52
148,Switch,Puzzle,Publisher_18,T,2021,84.6,0.2
149,PS4,Action,Publisher_36,M,2024,83.4,0.37
150,Switch,Puzzle,Publisher_39,T,2021,66.4,0.38
151,Switch,Racing,Publisher_10,E10+,2015,57.1,0.24
152,Xbox Series X,RPG,Publisher_40,E,2021,58.8,0.27
153,Switch,Puzzle,Publisher_1,T,2015,68.9,0.18
154,PS4,Puzzle,Publisher_6,E10+,2016,86.6,0.12
155,PS5,Shooter,Publisher_2,E10+,2017,64.7,0.4
156,PS5,Sports,Publisher_15,M,2018,66.0,0.55
157,Xbox Series X,Action,Publisher_38,M,2015,65.8,0.36
158,PC,Simulation,Publisher_25,E10+,2015,66.7,0.22
159,PS5,RPG,Publisher_25,T,2022,71.9,0.94
160,Xbox Series X,RPG,Publisher_4,M,2019,59.2,1.38
161,Switch,Puzzle,Publisher_21,E,2016,82.8,0.11
162,PS4,RPG,Publisher_16,E10+,2019,70.6,0.62
163,Switch,Shooter,Publisher_20,T,2021,96.8,1.16
164,PS4,Puzzle,Publisher_11,E10+,2022,60.3,0.11
165,Switch,Racing,Publisher_9,M,2017,87.9,0.98
166,Xbox One,Puzzle,Publisher_39,E10+,2016,85.9,0.27
167,Xbox One,Action,Publisher_23,E,2024,67.9,0.26
168,PS4,Shooter,Publisher_17,E10+,2021,68.0,0.97
169,Xbox Series X,Shooter,Publisher_3,E10+,2024,62.8,0.43
170,PC,Puzzle,Publisher_31,M,2018,62.9,0.04
171,PS5,Sports,Publisher_19,E,2016,72.0,1.09
172,Switch,Sports,Publisher_16,E,2018,72.2,1.4
173,Xbox Series X,Adventure,Publisher_27,E,2018,56.0,0.42
174,Switch,Puzzle,Publisher_6,T,2022,94.9,0.23
175,Xbox One,Adventure,Publisher_22,M,2022,69.4,0.19
176,Xbox Series X,RPG,Publisher_35,T,2015,72.7,0.84
177,PS4,Simulation,Publisher_19,M,2020,65.7,0.29
178,Xbox One,RPG,Publisher_1,M,2018,69.3,0.31
179,PS5,Puzzle,Publisher_10,T,2021,68.4,0.09
180,Xbox One,Sports,Publisher_3,T,2018,72.0,0.12
181,PS5,Simulation,Publisher_21,E,2020,71.9,0.16
182,Xbox One,RPG,Publisher_15,M,2022,80.0,0.47
183,Xbox One,Adventure,Publisher_6,M,2017,74.3,0.12
184,PS5,RPG,Publisher_28,M,2016,79.0,1.41
185,Switch,Adventure,Publisher_8,M,2022,71.9,0.3
186,Xbox Series X,Shooter,Publisher_14,E10+,2024,74.3,0.26
187,Switch,Action,Publisher_40,E,2019,69.6,0.16
188,PS5,Sports,Publisher_3,M,2024,82.0,0.29
189,PS4,Puzzle,Publisher_10,E10+,2016,75.2,0.1
190,Xbox Series X,Sports,Publisher_13,M,2023,70.4,0.66
191,PS4,RPG,Publisher_21,T,2024,70.1,0.3
192,PS4,Racing,Publisher_10,E10+,2017,70.9,0.21
193,Xbox One,RPG,Publisher_39,E10+,2016,72.3,0.4
194,PS5,Sports,Publisher_1,T,2021,71.4,0.25
195,Switch,Racing,Publisher_38,E10+,2023,66.4,0.3
196,PS5,Puzzle,Publisher_22,E10+,2015,79.6,0.12
197,PS4,Puzzle,Publisher_2,E,2021,80.3,0.12
198,Xbox One,Simulation,Publisher_5,T,2023,89.8,0.3
199,Switch,Action,Publisher_5,E,2015,66.0,1.24
200,PS4,Shooter,Publisher_12,E,2020,78.7,0.25
201,PS4,Sports,Publisher_14,E,2015,52.9,0.25
202,PC,Simulation,Publisher_26,T,2016,80.3,0.2
203,PC,Racing,Publisher_13,E,2019,57.4,0.17
204,Xbox One,Action,Publisher_30,E10+,2018,62.2,0.22
205,Xbox Series X,Puzzle,Publisher_12,E,2015,75.3,0.08
206,Xbox Series X,Action,Publisher_11,T,2023,65.8,0.44
207,Xbox One,RPG,Publisher_12,E,2017,64.4,0.25
208,Xbox One,Puzzle,Publisher_14,E,2023,67.2,0.05
209,PS4,Racing,Publisher_34,E10+,2016,79.3,0.23
210,PS5,Adventure,Publisher_10,T,2020,62.7,0.25
211,PS5,Racing,Publisher_11,E,2022,71.5,0.27
212,PC,Adventure,Publisher_39,E10+,2019,68.2,0.37
213,Xbox Series X,Racing,Publisher_27,M,2019,80.2,0.6
214,Xbox Series X,Action,Publisher_8,T,2022,80.5,0.34
215,Xbox Series X,Action,Publisher_35,M,2015,53.6,1.34
216,Switch,Adventure,Publisher_8,E10+,2023,82.5,0.41
217,PS5,Action,Publisher_7,M,2021,65.9,0.36
218,PS5,Shooter,Publisher_18,E,2022,74.4,0.41
219,PS4,Action,Publisher_28,T,2019,62.6,0.47
220,Xbox Series X,RPG,Publisher_8,E10+,2018,75.7,0.37
221,Switch,Racing,Publisher_31,E,2020,97.5,0.48
222,Xbox Series X,Sports,Publisher_7,M,2021,73.3,0.3
223,Xbox Series X,Shooter,Publisher_32,T,2024,67.4,0.38
224,PC,Simulation,Publisher_4,E,2023,69.7,0.27
225,PS5,Action,Publisher_19,E,2015,57.3,0.55
226,Xbox One,Action,Publisher_26,T,2016,86.5,0.26
227,Xbox One,RPG,Publisher_11,T,2024,75.1,0.15
228,Xbox Series X,Adventure,Publisher_25,E,2018,61.5,0.54
229,Switch,Shooter,Publisher_28,M,2020,61.8,1.27
230,PS4,Puzzle,Publisher_27,T,2015,72.2,0.21
231,PC,Action,Publisher_16,E10+,2016,81.3,0.4
232,PS4,Puzzle,Publisher_31,E,2019,60.5,0.06
233,Xbox One,Action,Publisher_30,E10+,2022,83.1,0.23
234,Xbox One,Puzzle,Publisher_14,E10+,2022,71.1,0.06
235,PC,Sports,Publisher_30,E,2023,62.7,0.19
236,Xbox Series X,Adventure,Publisher_37,E10+,2016,67.3,0.17
237,PS4,RPG,Publisher_33,E,2017,89.5,0.33
238,PS5,Sports,Publisher_30,E,2020,58.1,0.21
239,Xbox Series X,RPG,Publisher_31,E,2020,64.7,0.35
240,Switch,Action,Publisher_33,E10+,2015,,0.63
241,PS5,Sports,Publisher_12,E10+,2019,74.2,0.47
242,PC,Racing,Publisher_29,E10+,2023,64.1,0.29
243,Xbox One,RPG,Publisher_8,T,2016,81.6,0.24
244,PS5,RPG,Publisher_15,T,2023,82.1,0.94
245,PS4,Adventure,Publisher_38,E,2019,75.3,0.28
246,Xbox One,Action,Publisher_12,M,2020,65.9,0.16
247,PS4,Shooter,Publisher_34,T,2021,67.4,0.24
248,PS5,Sports,Publisher_17,E10+,2022,74.8,0.56
249,Xbox One,Shooter,Publisher_9,E,2021,58.9,0.59
250,Switch,RPG,Publisher_4,M,2016,85.3,1.06
251,PS5,Action,Publisher_22,T,2017,89.0,0.24
252,PS4,Action,Publisher_19,E10+,2023,69.6,0.35
253,PS4,Adventure,Publisher_21,E,2015,75.6,0.09
254,Xbox One,Action,Publisher_2,E,2022,83.9,0.23
255,Switch,Adventure,Publisher_11,E10+,2020,91.6,0.2
256,Switch,Simulation,Publisher_1,E,2016,87.6,0.12
257,PC,Shooter,Publisher_13,E,2016,54.6,0.27
258,Switch,RPG,Publisher_38,E10+,2024,68.8,0.37
259,PS4,Adventure,Publisher_7,E,2015,77.0,0.08
260,PS5,Simulation,Publisher_28,E10+,2015,67.1,0.49
261,Xbox One,Action,Publisher_1,M,2015,89.8,0.28
262,PC,Simulation,Publisher_23,M,2021,88.3,0.17
263,PC,Simulation,Publisher_37,E,2024,63.8,0.07
264,PS4,Sports,Publisher_14,T,2016,70.4,0.34
265,PS4,Action,Publisher_8,M,2022,64.5,0.63
266,PS5,Puzzle,Publisher_23,T,2022,70.0,0.19
267,PS5,Action,Publisher_12,E10+,2017,69.7,0.23
268,Xbox One,Racing,Publisher_36,E10+,2015,81.5,0.14
269,Xbox One,Action,Publisher_34,E,2019,,0.19
270,Xbox Series X,Puzzle,Publisher_27,E10+,2015,45.8,0.15
271,PS4,Sports,Publisher_26,M,2016,56.0,0.29
272,Switch,Action,Publisher_25,T,2019,61.7,2.9
273,Xbox Series X,Action,Publisher_30,E10+,2023,65.4,0.17
274,Switch,Sports,Publisher_19,E,2024,73.9,0.55
275,PC,Racing,Publisher_39,M,2021,61.2,0.59
276,PS4,Action,Publisher_14,E,2017,59.9,0.19
277,PS4,Adventure,Publisher_1,T,2018,62.7,0.21
278,PC,Racing,Publisher_28,E10+,2021,60.8,0.45
279,Xbox One,RPG,Publisher_27,E10+,2016,66.5,0.5
280,PS4,Simulation,Publisher_40,E,2020,66.0,0.23
281,Xbox One,Puzzle,Publisher_16,E10+,2022,78.9,0.16
282,Xbox One,Puzzle,Publisher_17,T,2023,62.1,0.1
283,PC,Sports,Publisher_23,E10+,2015,68.4,0.18
284,PS4,Puzzle,Publisher_16,E,2017,66.5,0.33
285,PC,Racing,Publisher_32,E10+,2017,80.1,0.08
286,PC,Simulation,Publisher_18,E,2020,70.5,0.1
287,PS4,Shooter,Publisher_32,E10+,2016,82.5,0.13
288,PS5,Puzzle,Publisher_18,M,2024,60.5,0.09
289,Xbox One,RPG,Publisher_10,M,2024,71.5,0.31
290,PS5,Action,Publisher_40,M,2018,66.2,0.44
291,PS4,Sports,Publisher_22,E,2019,59.7,0.16
292,Xbox Series X,Adventure,Publisher_29,E10+,2019,71.3,0.24
293,PC,Puzzle,Publisher_24,E,2015,89.3,0.03
294,PC,RPG,Publisher_15,E10+,2023,63.5,0.29
295,PS5,Puzzle,Publisher_39,T,2022,70.7,0.32
296,PC,Action,Publisher_15,M,2018,58.9,0.17
297,PS5,Action,Publisher_40,E10+,2020,57.4,0.34
298,Switch,Racing,Publisher_18,E,2018,64.1,0.3
299,PC,Racing,Publisher_1,E10+,2017,67.5,0.1
300,PC,Simulation,Publisher_2,E10+,2018,67.9,0.09
301,PS4,Adventure,Publisher_39,T,2016,69.7,0.46
302,PC,RPG,Publisher_22,E,2023,55.5,0.1
303,PS5,Adventure,Publisher_16,T,2021,65.7,0.47
304,Xbox One,Shooter,Publisher_33,E10+,2024,77.0,0.31
305,Xbox Series X,Adventure,Publisher_25,T,2015,58.4,0.91
306,PS4,Sports,Publisher_27,M,2021,68.4,0.61
307,PS5,Action,Publisher_28,E,2020,74.9,0.99
308,Switch,Action,Publisher_8,M,2021,64.2,0.58
309,Xbox Series X,Simulation,Publisher_4,E,2024,75.4,0.66
310,Xbox One,Action,Publisher_30,M,2018,56.8,0.17
311,Xbox Series X,Simulation,Publisher_1,E10+,2016,,0.15
312,Xbox Series X,Puzzle,Publisher_29,T,2015,75.7,0.24
313,PC,Sports,Publisher_6,M,2019,72.6,0.29
314,PS5,Adventure,Publisher_11,T,2016,83.2,0.14
315,Switch,Sports,Publisher_29,E10+,2016,68.7,0.94
316,Switch,Sports,Publisher_25,M,2016,65.8,1.99
317,Xbox Series X,Racing,Publisher_32,E10+,2017,85.7,0.26
318,PS4,RPG,Publisher_25,T,2016,90.4,0.91
319,PS5,RPG,Publisher_2,T,2019,65.1,0.4
320,PC,Sports,Publisher_34,E10+,2021,70.9,0.12
321,PC,Racing,Publisher_9,E,2017,82.5,0.24
322,PS4,Action,Publisher_6,E10+,2016,71.2,0.16
323,PS5,Sports,Publisher_36,M,2020,77.9,0.22
324,PS5,Racing,Publisher_8,T,2015,79.8,0.64
325,PS5,Shooter,Publisher_22,T,2022,66.4,0.44
326,Switch,Puzzle,Publisher_20,E10+,2018,76.2,0.31
327,PC,Sports,Publisher_31,T,2019,71.9,0.15
328,PS5,Puzzle,Publisher_2,E10+,2017,59.8,0.09
329,Switch,Adventure,Publisher_5,E,2017,62.1,0.43
330,PS4,Shooter,Publisher_17,E,2016,65.5,0.8
331,Xbox Series X,RPG,Publisher_19,E10+,2020,81.3,0.59
332,Xbox One,Racing,Publisher_32,T,2016,81.6,0.12
333,Switch,Racing,Publisher_25,E10+,2021,79.5,1.16
334,PC,Action,Publisher_6,E,2017,76.4,0.18
335,PS5,Racing,Publisher_40,E10+,2020,76.1,0.3
336,PS4,Sports,Publisher_19,E10+,2020,74.8,0.57
337,PS4,Racing,Publisher_39,T,2021,76.1,0.48
338,PS4,Simulation,Publisher_40,E10+,2022,76.8,0.13
339,PC,Racing,Publisher_3,E10+,2020,58.0,0.17
340,Switch,Adventure,Publisher_21,E,2023,64.1,0.16
341,PS4,RPG,Publisher_17,T,2017,61.7,0.35
342,PC,Simulation,Publisher_20,M,2022,83.1,0.28
343,Xbox Series X,Adventure,Publisher_13,T,2018,88.5,0.33
344,Xbox One,Simulation,Publisher_23,E10+,2021,50.3,0.09
345,Xbox Series X,Puzzle,Publisher_20,E10+,2019,87.6,0.33
346,PS5,Puzzle,Publisher_8,E10+,2024,,0.12
347,PC,Racing,Publisher_12,E,2017,82.1,0.08
348,PS5,Simulation,Publisher_6,E,2020,77.1,0.37
349,PS4,Adventure,Publisher_34,M,2016,86.4,0.13
350,PS4,Shooter,Publisher_28,M,2021,74.1,1.21
351,PS4,Action,Publisher_16,M,2015,58.4,0.29
352,PS5,Action,Publisher_16,T,2019,70.9,0.85
353,PS5,Sports,Publisher_4,M,2015,77.2,1.14
354,Switch,Action,Publisher_12,E10+,2018,69.8,0.53
355,PC,Sports,Publisher_37,E10+,2019,78.6,0.15
356,PS5,Action,Publisher_2,E,2018,71.3,0.57
357,PS4,Simulation,Publisher_6,E,2018,66.0,0.1
358,Xbox One,Action,Publisher_34,T,2016,61.1,0.11
359,PC,Puzzle,Publisher_21,E,2022,68.1,0.06
360,Switch,RPG,Publisher_2,M,2022,74.0,0.42
361,Switch,Sports,Publisher_20,M,2019,52.4,0.37
362,Xbox One,Puzzle,Publisher_30,E10+,2015,,0.04
363,Xbox Series X,Simulation,Publisher_14,T,2015,52.0,0.11
364,PS4,Adventure,Publisher_16,E,2021,65.8,0.5
365,PC,Simulation,Publisher_26,E10+,2024,84.0,0.12
366,Switch,Racing,Publisher_24,E,2023,60.1,0.21
367,PS5,Puzzle,Publisher_37,E,2019,79.0,0.15
368,Switch,Sports,Publisher_10,E,2019,99.0,0.19
369,PS5,Adventure,Publisher_12,M,2016,86.5,0.26
370,Switch,Puzzle,Publisher_7,T,2015,73.3,0.17
371,Switch,RPG,Publisher_27,M,2022,80.6,0.93
372,PS5,RPG,Publisher_22,M,2019,58.3,0.31
373,Xbox Series X,Racing,Publisher_14,M,2019,56.3,0.22
374,PS5,Action,Publisher_28,M,2018,72.3,1.77
375,Xbox One,Adventure,Publisher_16,E,2018,76.0,0.24
376,PC,RPG,Publisher_8,M,2024,82.9,0.29
377,PS5,Action,Publisher_22,T,2023,66.3,0.43
378,Xbox Series X,RPG,Publisher_18,E,2021,73.9,0.34
379,PC,Adventure,Publisher_17,E,2018,73.6,0.56
380,PS4,RPG,Publisher_18,M,2022,70.7,0.39
381,PS5,Racing,Publisher_37,M,2018,71.3,0.56
382,Xbox Series X,Adventure,Publisher_9,E10+,2020,63.5,0.31
383,Xbox One,Action,Publisher_12,E,2016,74.8,0.11
384,Xbox One,Adventure,Publisher_23,E10+,2022,74.0,0.2
385,PS4,RPG,Publisher_2,E,2015,67.6,0.2
386,PC,Puzzle,Publisher_6,T,2022,78.7,0.11
387,Xbox One,Sports,Publisher_23,E10+,2021,82.3,0.2
388,PS4,Sports,Publisher_21,E,2015,78.8,0.21
389,PC,Adventure,Publisher_27,M,2020,61.6,0.25
390,PC,Adventure,Publisher_5,M,2017,73.0,0.3
391,Xbox Series X,Simulation,Publisher_35,M,2019,62.9,0.51
392,PS5,Puzzle,Publisher_20,M,2015,73.0,0.35
393,Xbox One,Shooter,Publisher_7,E,2022,62.9,0.29
394,Xbox One,Sports,Publisher_13,M,2020,84.8,0.68
395,PS5,RPG,Publisher_10,M,2018,79.8,0.45
396,Xbox One,Puzzle,Publisher_19,M,2023,83.5,0.14
397,PC,RPG,Publisher_19,E10+,2021,82.5,0.6
398,PS5,Shooter,Publisher_18,E10+,2021,69.3,0.29
399,Switch,Sports,Publisher_19,M,2016,67.7,1.49
400,PS5,Shooter,Publisher_37,E,2020,89.4,0.74
401,Switch,Sports,Publisher_39,T,2022,70.3,1.58
402,Xbox Series X,Action,Publisher_20,M,2024,58.5,0.89
403,PS5,Sports,Publisher_39,M,2021,82.1,0.52
404,PC,Racing,Publisher_33,T,2016,73.4,0.09
405,PS5,RPG,Publisher_33,M,2021,87.1,0.53
406,Xbox One,Action,Publisher_10,M,2015,74.4,0.2
407,PS4,Racing,Publisher_18,M,2018,71.8,0.19
408,PC,Sports,Publisher_15,E,2024,87.3,0.3
409,Switch,Action,Publisher_4,E,2023,56.6,1.14
410,Switch,Sports,Publisher_4,E10+,2024,66.1,0.76
411,Xbox Series X,Shooter,Publisher_25,E10+,2018,63.1,1.55
412,Xbox Series X,Simulation,Publisher_17,E10+,2021,,0.46
413,Xbox One,Sports,Publisher_34,E,2022,80.7,0.16
414,Switch,RPG,Publisher_27,T,2017,66.4,0.87
415,PC,Sports,Publisher_4,E,2024,81.1,0.55
416,PS5,RPG,Publisher_34,M,2024,75.9,0.69
417,Xbox One,Puzzle,Publisher_20,T,2016,78.1,0.16
418,PS5,RPG,Publisher_23,M,2022,67.4,1.05
419,PS4,Puzzle,Publisher_39,E,2019,64.4,0.11
420,Switch,Simulation,Publisher_26,E10+,2021,72.9,0.24
421,PS4,Simulation,Publisher_1,M,2020,,0.15
422,Switch,Racing,Publisher_8,E10+,2017,71.5,0.2
423,Xbox Series X,Puzzle,Publisher_18,T,2015,65.0,0.16
424,PS4,Simulation,Publisher_2,E,2020,60.0,0.15
425,Xbox Series X,Adventure,Publisher_7,M,2023,74.0,0.12
426,Xbox One,RPG,Publisher_32,E10+,2023,66.5,0.23
427,Switch,Sports,Publisher_6,M,2017,71.3,0.5
428,Xbox One,Action,Publisher_7,E10+,2023,69.6,0.16
429,PC,Simulation,Publisher_21,E,2018,67.6,0.06
430,PC,Racing,Publisher_4,T,2020,74.9,0.26
431,Switch,RPG,Publisher_11,E10+,2018,77.5,0.35
432,Xbox One,RPG,Publisher_38,E10+,2020,91.7,0.2
433,PS4,RPG,Publisher_26,M,2020,79.6,0.41
434,Xbox Series X,Adventure,Publisher_39,E10+,2021,87.9,0.66
435,PS5,Racing,Publisher_15,E10+,2019,63.8,0.25
436,Xbox Series X,Simulation,Publisher_25,T,2020,56.0,0.54
437,PC,RPG,Publisher_10,E,2021,71.9,0.14
438,Xbox Series X,Shooter,Publisher_16,M,2019,80.6,0.66
439,PS5,Action,Publisher_7,E,2020,79.0,0.22
440,Xbox One,Simulation,Publisher_34,E,2015,84.1,0.13
441,PC,Racing,Publisher_8,E,2023,46.6,0.1
442,PC,Racing,Publisher_9,E10+,2016,84.5,0.33
443,PS4,Shooter,Publisher_19,T,2023,75.4,0.5
444,Xbox Series X,RPG,Publisher_18,T,2022,56.6,0.29
445,Xbox One,Simulation,Publisher_13,M,2024,79.2,0.14
446,PS4,Shooter,Publisher_15,M,2015,73.7,0.39
447,PS4,Puzzle,Publisher_12,E10+,2017,75.8,0.09
448,PS4,Action,Publisher_37,M,2015,82.0,0.38
449,PC,RPG,Publisher_24,E,2019,76.3,0.09
450,Switch,Adventure,Publisher_37,E,2024,57.3,0.15
451,PC,Action,Publisher_40,E10+,2022,,0.15
452,Switch,Action,Publisher_27,T,2022,55.8,0.95
453,PC,Adventure,Publisher_34,E,2023,78.5,0.08
454,PS5,RPG,Publisher_5,M,2015,86.0,1.06
455,PC,RPG,Publisher_38,E10+,2022,59.6,0.16
456,PS5,Racing,Publisher_20,E10+,2018,65.3,0.44
457,Xbox Series X,Sports,Publisher_29,T,2021,63.2,0.46
458,Xbox One,Action,Publisher_10,E10+,2022,67.5,0.12
459,Xbox Series X,Action,Publisher_4,E10+,2021,76.1,0.95
460,PS5,Action,Publisher_36,M,2019,67.6,0.73
461,PS4,Sports,Publisher_18,E10+,2021,78.5,0.39
462,Switch,Puzzle,Publisher_6,E,2019,82.7,0.19
463,PS4,RPG,Publisher_27,T,2021,83.0,0.74
464,PS4,Action,Publisher_3,T,2019,60.8,0.13
465,PC,Action,Publisher_19,E,2018,,0.26
466,PS5,Shooter,Publisher_29,M,2017,86.7,0.83
467,PC,Adventure,Publisher_29,E10+,2018,87.5,0.46
468,PC,RPG,Publisher_19,E,2022,70.4,0.27
469,Xbox One,Action,Publisher_15,E,2023,64.5,0.36
470,PS5,Sports,Publisher_34,T,2016,62.2,0.35
471,PS5,Shooter,Publisher_8,E,2016,61.0,0.42
472,PS4,Sports,Publisher_3,E10+,2020,72.1,0.22
473,Xbox One,Simulation,Publisher_7,T,2022,80.5,0.08
474,PS5,Adventure,Publisher_33,M,2016,85.1,0.12
475,Xbox Series X,RPG,Publisher_19,E10+,2018,67.1,0.88
476,PS5,Simulation,Publisher_2,M,2015,71.6,0.18
477,Xbox One,RPG,Publisher_7,E10+,2015,71.0,0.1
478,PS5,Sports,Publisher_2,M,2016,65.6,0.42
479,Switch,Simulation,Publisher_33,E10+,2022,79.4,0.25
480,PS5,Simulation,Publisher_19,E,2023,75.6,0.48
481,PS4,RPG,Publisher_3,T,2019,73.4,0.38
482,PS4,Racing,Publisher_9,M,2016,75.6,0.33
483,Switch,Sports,Publisher_25,M,2024,78.2,1.08
484,PS5,Puzzle,Publisher_24,M,2017,78.1,0.14
485,Xbox Series X,Puzzle,Publisher_33,E,2016,63.6,0.13
486,Xbox One,Puzzle,Publisher_2,T,2016,81.0,0.04
487,Xbox One,Racing,Publisher_3,T,2018,74.6,0.15
488,Switch,Puzzle,Publisher_2,T,2022,67.7,0.19
489,Switch,Racing,Publisher_16,E,2018,74.3,0.7
490,Xbox Series X,Adventure,Publisher_30,E,2019,75.4,0.25
491,Switch,Sports,Publisher_27,T,2018,82.8,1.03
492,PS4,Shooter,Publisher_9,M,2024,61.5,0.26
493,PC,Shooter,Publisher_27,E,2021,85.2,0.66
494,Xbox One,Racing,Publisher_27,E,2021,72.2,0.26
495,Switch,Sports,Publisher_8,E10+,2019,66.9,0.52
496,PC,RPG,Publisher_30,E10+,2020,66.6,0.1
497,Switch,Simulation,Publisher_17,M,2023,62.0,0.36
498,PC,Action,Publisher_3,M,2021,54.6,0.34
499,Xbox One,Puzzle,Publisher_16,T,2023,78.8,0.11
500,PS5,Puzzle,Publisher_31,M,2015,91.8,0.16
501,Xbox Series X,Shooter,Publisher_28,E,2023,55.8,1.22
502,PS4,Action,Publisher_11,M,2024,62.5,0.38
503,PC,Action,Publisher_31,E10+,2021,79.5,0.27
504,PS4,RPG,Publisher_16,E10+,2024,71.5,0.51
505,PS4,Action,Publisher_19,E,2020,80.3,0.37
506,PS4,Action,Publisher_4,E,2017,71.0,1.13
507,Xbox One,Sports,Publisher_40,E,2021,66.2,0.2
508,Xbox One,Sports,Publisher_34,E10+,2021,69.7,0.09
509,PC,Adventure,Publisher_8,E,2016,48.2,0.14
510,Xbox Series X,Puzzle,Publisher_23,E,2017,60.6,0.06
511,PS4,Action,Publisher_32,T,2017,81.5,0.43
512,PS5,Puzzle,Publisher_21,M,2020,83.9,0.13
513,PS5,Sports,Publisher_9,E,2016,86.1,0.9
514,Xbox Series X,Shooter,Publisher_39,T,2022,76.4,1.25
515,PC,Action,Publisher_11,M,2016,49.4,0.17
516,Xbox One,Action,Publisher_14,E10+,2024,65.6,0.23
517,PC,Sports,Publisher_15,E,2021,85.2,0.23
518,PS5,Shooter,Publisher_36,E,2018,88.2,0.59
519,PS5,Shooter,Publisher_21,M,2018,85.6,1.23
520,PC,RPG,Publisher_29,E10+,2021,69.6,0.16
521,PS5,Racing,Publisher_37,E,2015,58.9,0.07
522,PS5,Puzzle,Publisher_38,M,2022,71.6,0.13
523,Xbox Series X,Puzzle,Publisher_35,M,2020,72.1,0.33
524,PC,Racing,Publisher_37,T,2017,87.7,0.12
525,Switch,Racing,Publisher_38,E,2023,74.3,0.19
526,PS5,Shooter,Publisher_40,E,2021,72.2,0.55
527,PC,Sports,Publisher_26,E,2016,72.7,0.09
528,PC,Shooter,Publisher_6,E,2021,76.0,0.23
529,Switch,Action,Publisher_5,T,2019,78.3,1.22
530,PC,Simulation,Publisher_32,E10+,2022,64.8,0.09
531,PS4,RPG,Publisher_13,M,2019,61.4,0.55
532,PC,Adventure,Publisher_33,E,2024,85.7,0.16
533,PS4,Simulation,Publisher_38,T,2024,55.6,0.12
534,Switch,Shooter,Publisher_26,M,2015,88.4,0.56
535,Xbox One,Adventure,Publisher_31,E,2019,52.9,0.12
536,Switch,Shooter,Publisher_12,T,2017,66.2,0.57
537,Xbox One,Sports,Publisher_18,T,2019,81.7,0.26
538,Xbox One,Action,Publisher_39,E,2016,72.0,0.28
539,Xbox One,Sports,Publisher_33,E10+,2020,58.8,0.14
540,Switch,Simulation,Publisher_9,M,2016,76.3,0.37
541,Switch,Shooter,Publisher_38,M,2021,72.7,0.68
542,PS5,RPG,Publisher_20,E10+,2019,69.8,0.89
543,Switch,Shooter,Publisher_34,E,2024,65.8,0.38
544,Xbox One,RPG,Publisher_21,E,2023,71.7,0.14
545,PS4,Adventure,Publisher_25,M,2021,66.2,0.79
546,Xbox One,Simulation,Publisher_7,T,2019,,0.12
547,PC,Action,Publisher_14,E10+,2022,69.6,0.28
548,PC,Puzzle,Publisher_29,E,2021,68.3,0.16
549,PC,RPG,Publisher_34,M,2016,66.6,0.26
550,Xbox Series X,Action,Publisher_4,E10+,2018,89.8,1.43
551,Switch,Simulation,Publisher_4,T,2024,55.6,1.26
552,Xbox Series X,Action,Publisher_28,M,2018,75.6,1.49
553,Switch,Sports,Publisher_18,T,2015,69.6,0.3
554,Xbox One,Action,Publisher_34,M,2023,57.8,0.17
555,PS4,Shooter,Publisher_3,T,2024,63.8,0.23
556,PS4,Racing,Publisher_14,E10+,2021,75.2,0.18
557,PS5,RPG,Publisher_2,M,2021,63.4,0.46
558,PS5,Action,Publisher_29,T,2018,74.6,0.4
559,Xbox Series X,Action,Publisher_35,M,2018,89.3,1.15
560,Xbox Series X,Simulation,Publisher_7,E,2024,73.7,0.17
561,PS5,Adventure,Publisher_13,T,2023,57.5,0.48
562,Xbox Series X,Simulation,Publisher_34,T,2019,63.5,0.16
563,Xbox One,Racing,Publisher_2,E,2018,69.1,0.14
564,PS4,Racing,Publisher_39,E10+,2016,68.5,0.29
565,Xbox Series X,Adventure,Publisher_36,M,2015,73.5,0.18
566,Xbox Series X,Racing,Publisher_7,T,2019,75.1,0.23
567,Xbox One,Shooter,Publisher_6,M,2020,89.3,0.38
568,Xbox Series X,RPG,Publisher_28,E,2021,72.0,1.03
569,Switch,Shooter,Publisher_1,E,2023,60.5,0.29
570,PS4,Action,Publisher_21,M,2018,83.5,0.32
571,Xbox Series X,Sports,Publisher_3,E10+,2016,,0.5
572,Xbox Series X,Puzzle,Publisher_22,M,2023,74.3,0.16
573,PS4,Adventure,Publisher_15,M,2022,69.5,0.28
574,Switch,Action,Publisher_29,E10+,2020,78.2,0.48
575,PS4,Action,Publisher_36,M,2015,69.9,0.24
576,PS4,Action,Publisher_20,M,2019,51.4,0.54
577,Switch,Adventure,Publisher_26,E,2021,77.6,0.28
578,PC,RPG,Publisher_25,E,2023,80.9,0.67
579,Switch,RPG,Publisher_40,E,2020,86.4,0.45
580,PC,Action,Publisher_10,T,2019,64.7,0.15
581,PC,Simulation,Publisher_10,E,2018,74.3,0.07
582,Xbox Series X,Shooter,Publisher_16,E10+,2019,74.5,1.48
583,Switch,Adventure,Publisher_30,E10+,2015,72.9,0.21
584,PS4,Puzzle,Publisher_35,E,2016,73.1,0.16
585,Xbox Series X,Sports,Publisher_12,E10+,2022,72.4,0.15
586,Xbox One,Adventure,Publisher_5,T,2018,74.1,0.26
587,PC,Racing,Publisher_25,M,2023,79.4,0.71
588,PC,Racing,Publisher_24,E10+,2018,84.2,0.11
589,Xbox Series X,Sports,Publisher_15,T,2024,64.4,0.68
590,Xbox One,Adventure,Publisher_8,T,2016,70.3,0.13
591,PS4,Simulation,Publisher_34,E10+,2016,67.8,0.19
592,Switch,Shooter,Publisher_34,T,2020,66.3,0.35
593,Xbox One,Action,Publisher_30,M,2023,55.8,0.17
594,Xbox One,Adventure,Publisher_24,E,2016,72.2,0.13
595,Switch,Simulation,Publisher_11,T,2020,76.8,0.26
596,Xbox One,Racing,Publisher_17,E,2017,70.4,0.35
597,PS5,Racing,Publisher_3,M,2022,71.9,0.34
598,PS4,Sports,Publisher_10,T,2020,76.2,0.29
599,PS4,Action,Publisher_19,E,2021,86.1,0.34
600,Switch,Simulation,Publisher_18,T,2017,67.8,0.18
601,PS5,Shooter,Publisher_4,E10+,2017,60.3,1.15
602,PS4,RPG,Publisher_39,E,2021,71.1,0.51
603,Xbox One,Puzzle,Publisher_11,M,2018,90.8,0.11
604,Switch,Action,Publisher_21,E10+,2021,60.4,0.31
605,Xbox One,Action,Publisher_19,E,2016,78.5,0.2
606,PC,Sports,Publisher_19,T,2018,83.6,0.31
607,PC,Shooter,Publisher_34,E10+,2016,48.3,0.11
608,PS5,RPG,Publisher_30,T,2015,76.1,0.45
609,PC,Sports,Publisher_35,E,2017,78.0,0.58
610,Xbox One,RPG,Publisher_16,M,2019,69.3,0.2
611,Xbox One,RPG,Publisher_11,E10+,2016,65.5,0.14
612,PS5,Racing,Publisher_18,E10+,2015,66.1,0.27
613,Xbox One,Racing,Publisher_23,M,2023,68.7,0.16
614,Switch,Simulation,Publisher_14,T,2020,69.0,0.28
615,Xbox One,Adventure,Publisher_19,E,2022,67.1,0.33
616,PS5,RPG,Publisher_7,T,2022,68.6,0.34
617,Xbox One,Simulation,Publisher_24,T,2016,83.9,0.09
618,PC,Racing,Publisher_29,E10+,2021,59.9,0.08
619,Switch,Sports,Publisher_22,E,2023,54.5,0.37
620,PS5,RPG,Publisher_35,E,2019,84.1,2.21
621,PC,Puzzle,Publisher_40,M,2023,70.1,0.13
622,PC,Adventure,Publisher_37,E,2024,68.1,0.09
623,PS4,RPG,Publisher_4,T,2020,70.9,0.61
624,Switch,Sports,Publisher_36,M,2016,74.1,0.56
625,Xbox Series X,Sports,Publisher_14,E10+,2021,66.8,0.25
626,Xbox One,Action,Publisher_19,E,2023,77.1,0.48
627,Xbox Series X,Puzzle,Publisher_17,T,2020,62.4,0.34
628,Switch,Racing,Publisher_12,T,2023,69.0,0.29
629,PC,Shooter,Publisher_36,E,2020,49.9,0.22
630,Switch,Puzzle,Publisher_26,T,2019,83.7,0.23
631,PC,Adventure,Publisher_39,E,2024,70.2,0.23
632,PC,Adventure,Publisher_39,E10+,2016,78.7,0.22
633,PS5,Sports,Publisher_17,E10+,2019,76.8,0.4
634,PS4,Racing,Publisher_30,M,2016,77.5,0.2
635,Switch,Simulation,Publisher_21,M,2021,71.9,0.17
636,Xbox One,Adventure,Publisher_20,T,2024,,0.32
637,PS5,RPG,Publisher_30,T,2024,62.4,0.3
638,PS5,Shooter,Publisher_28,E,2017,60.3,1.15
639,Xbox One,Simulation,Publisher_37,E,2022,71.0,0.13
640,Xbox One,Action,Publisher_31,M,2023,65.2,0.27
641,PS4,Racing,Publisher_25,E10+,2023,86.3,0.64
642,PS4,Action,Publisher_37,T,2020,75.8,0.51
643,PS5,Simulation,Publisher_5,T,2016,64.8,0.52
644,Xbox One,Action,Publisher_31,E10+,2019,69.3,0.17
645,PS5,Action,Publisher_16,T,2022,73.3,0.69
646,Xbox One,RPG,Publisher_18,T,2021,71.3,0.26
647,Xbox Series X,Sports,Publisher_32,E,2018,74.7,0.28
648,Xbox Series X,Shooter,Publisher_11,T,2017,72.7,0.26
649,Switch,RPG,Publisher_36,E,2021,58.1,0.43
650,Xbox One,RPG,Publisher_20,E10+,2019,50.5,0.48
651,Switch,Racing,Publisher_14,M,2019,68.3,0.48
652,Switch,Racing,Publisher_14,M,2024,77.6,0.59
653,PC,Simulation,Publisher_17,E,2015,68.4,0.49
654,Switch,Shooter,Publisher_38,T,2017,84.4,0.98
655,Xbox One,Racing,Publisher_5,T,2024,71.5,0.35
656,Xbox Series X,Puzzle,Publisher_21,T,2024,85.6,0.12
657,PS4,Sports,Publisher_34,M,2018,83.5,0.15
658,Xbox One,Puzzle,Publisher_19,E,2024,82.5,0.14
659,PS5,Adventure,Publisher_23,T,2017,60.0,0.44
660,PC,RPG,Publisher_14,E10+,2015,72.2,0.16
661,PC,Sports,Publisher_6,E,2018,84.2,0.08
662,PS5,RPG,Publisher_26,E10+,2020,74.7,0.32
663,Switch,RPG,Publisher_37,E,2015,77.5,0.47
664,PS5,Racing,Publisher_21,T,2016,58.1,0.16
665,Switch,Adventure,Publisher_18,T,2022,,0.33
666,PS5,Racing,Publisher_6,T,2021,64.1,0.29
667,Xbox Series X,Sports,Publisher_38,E,2021,52.1,0.31
668,Xbox One,RPG,Publisher_35,M,2024,68.5,1.21
669,Switch,Puzzle,Publisher_37,E,2017,47.5,0.09
670,Xbox Series X,RPG,Publisher_15,E10+,2023,61.1,0.44
671,PC,Racing,Publisher_26,E10+,2018,97.6,0.15
672,Switch,Puzzle,Publisher_18,T,2024,68.2,0.17
673,PS4,RPG,Publisher_10,E10+,2022,57.7,0.26
674,Switch,Puzzle,Publisher_9,M,2017,72.3,0.57
675,Switch,Shooter,Publisher_16,M,2017,63.0,0.45
676,Xbox Series X,Sports,Publisher_23,M,2020,80.6,0.65
677,Switch,RPG,Publisher_5,E,2020,63.1,0.84
678,PC,Shooter,Publisher_29,M,2017,74.7,0.36
679,Switch,Action,Publisher_19,E,2017,60.5,0.32
680,Switch,Simulation,Publisher_36,M,2023,98.0,0.29
681,Xbox One,Racing,Publisher_12,M,2022,77.0,0.13
682,PS4,Action,Publisher_3,E,2016,70.5,0.44
683,Switch,Adventure,Publisher_13,E,2022,69.1,0.47
684,Xbox Series X,Adventure,Publisher_39,T,2016,66.5,0.4
685,Xbox One,Action,Publisher_13,E,2019,64.4,0.15
686,PS4,Sports,Publisher_29,M,2015,64.1,0.49
687,PS4,RPG,Publisher_34,T,2021,88.8,0.37
688,PS5,Racing,Publisher_12,T,2016,66.5,0.24
689,PC,Puzzle,Publisher_26,M,2017,50.7,0.07
690,PS5,Shooter,Publisher_9,E,2016,60.3,0.68
691,PS5,Racing,Publisher_15,T,2016,81.3,0.64
692,PC,Action,Publisher_12,M,2015,69.5,0.29
693,Xbox One,Puzzle,Publisher_27,E,2020,70.7,0.07
694,Xbox Series X,Simulation,Publisher_36,E,2023,83.7,0.1
695,Switch,Racing,Publisher_11,E,2018,64.2,0.49
696,Xbox Series X,Shooter,Publisher_12,E10+,2022,78.3,0.53
697,PS5,RPG,Publisher_33,E,2020,65.3,0.2
698,Switch,Simulation,Publisher_19,E,2017,77.8,0.23
699,PS4,Action,Publisher_21,M,2015,68.1,0.33
700,Xbox One,RPG,Publisher_29,E10+,2022,69.6,0.2
701,PC,Sports,Publisher_6,E10+,2015,80.2,0.14
702,PC,Adventure,Publisher_35,E10+,2019,79.5,0.35
703,Xbox Series X,Shooter,Publisher_15,M,2015,70.3,0.64
704,Switch,Simulation,Publisher_27,E10+,2022,67.3,0.53
705,Xbox One,Puzzle,Publisher_18,E10+,2024,88.0,0.15
706,Xbox Series X,Racing,Publisher_31,M,2018,77.9,0.23
707,PS5,Racing,Publisher_25,E,2018,68.1,0.53
708,Xbox Series X,Sports,Publisher_7,E10+,2020,65.5,0.29
709,Xbox One,Racing,Publisher_8,T,2020,82.2,0.28
710,PC,Puzzle,Publisher_36,T,2018,73.2,0.05
711,PS5,Simulation,Publisher_21,M,2018,70.4,0.31
712,Switch,Racing,Publisher_12,M,2016,73.1,0.25
713,PC,Simulation,Publisher_6,E10+,2017,75.4,0.09
714,PC,Simulation,Publisher_6,M,2020,71.4,0.07
715,Xbox Series X,Racing,Publisher_37,E,2022,84.0,0.22
716,PS5,Shooter,Publisher_40,E,2022,84.6,0.43
717,PS4,Sports,Publisher_16,M,2020,77.3,0.67
718,PC,RPG,Publisher_9,E,2022,85.7,0.66
719,PC,Simulation,Publisher_17,E10+,2020,72.1,0.22
720,Xbox One,Sports,Publisher_6,T,2018,78.9,0.09
721,PS5,Shooter,Publisher_22,E10+,2018,82.0,0.43
722,PS5,Puzzle,Publisher_26,M,2020,82.2,0.18
723,Xbox Series X,Sports,Publisher_40,E10+,2018,81.2,0.31
724,Xbox One,Simulation,Publisher_13,T,2022,78.3,0.19
725,PS5,Puzzle,Publisher_8,E,2016,91.6,0.23
726,Switch,Action,Publisher_6,E,2015,66.6,0.39
727,Xbox One,Sports,Publisher_16,E,2019,70.4,0.3
728,PS5,Puzzle,Publisher_25,T,2015,69.9,0.34
729,PS5,Adventure,Publisher_3,E,2016,68.3,0.12
730,Xbox Series X,Simulation,Publisher_31,T,2018,52.1,0.16
731,Switch,Adventure,Publisher_19,E10+,2015,85.7,0.62
732,Switch,Action,Publisher_32,T,2017,61.7,0.27
733,Xbox Series X,Puzzle,Publisher_19,M,2020,73.7,0.26
734,PS4,Action,Publisher_7,M,2018,57.8,0.27
735,PC,Action,Publisher_1,E,2023,78.2,0.14
736,Xbox Series X,Puzzle,Publisher_23,M,2015,64.1,0.15
737,PS4,Shooter,Publisher_22,M,2022,60.6,0.37
738,Xbox Series X,Puzzle,Publisher_33,T,2020,73.9,0.11
739,PS5,Adventure,Publisher_36,E,2021,65.0,0.17
740,PS4,Action,Publisher_7,T,2021,66.3,0.2
741,Xbox One,Racing,Publisher_13,T,2015,73.7,0.24
742,PC,Adventure,Publisher_9,T,2022,80.0,0.36
743,Switch,Shooter,Publisher_5,E10+,2018,63.8,0.99
744,Switch,Racing,Publisher_1,T,2021,62.1,0.24
745,Xbox One,Shooter,Publisher_4,T,2017,72.2,0.97
746,PS5,Simulation,Publisher_21,E10+,2018,77.4,0.32
747,Xbox Series X,Action,Publisher_7,M,2022,86.6,0.52
748,PC,Simulation,Publisher_8,T,2024,61.3,0.09
749,PS5,Adventure,Publisher_5,E10+,2023,68.8,0.62
750,PC,Adventure,Publisher_29,T,2022,83.8,0.19
751,Switch,Shooter,Publisher_26,M,2020,91.7,0.69
752,PS4,Racing,Publisher_39,E10+,2020,62.1,0.36
753,Switch,RPG,Publisher_5,T,2024,64.6,0.46
754,PC,RPG,Publisher_9,E,2017,75.8,0.37
755,PS5,Simulation,Publisher_19,E10+,2024,66.2,0.41
756,PS5,Racing,Publisher_26,T,2021,64.4,0.23
757,Xbox One,Puzzle,Publisher_6,M,2021,74.4,0.12
758,PC,Action,Publisher_9,T,2020,87.5,0.34
759,PS5,Adventure,Publisher_17,T,2023,58.9,0.35
760,Xbox One,Puzzle,Publisher_1,E10+,2021,87.0,0.06
761,PS5,Simulation,Publisher_16,T,2015,66.3,0.22
762,Xbox One,Sports,Publisher_31,E10+,2022,75.5,0.2
763,Xbox One,Racing,Publisher_22,E,2022,87.9,0.11
764,PS5,Racing,Publisher_18,E,2024,75.3,0.35
765,Switch,Racing,Publisher_20,T,2024,69.0,0.79
766,PC,Action,Publisher_38,M,2024,79.2,0.16
767,PC,Shooter,Publisher_21,E10+,2015,70.3,0.15
768,PS5,RPG,Publisher_22,M,2021,77.2,0.53
769,PS4,Racing,Publisher_38,M,2024,70.0,0.29
770,PS4,Sports,Publisher_7,T,2024,80.6,0.12
771,Xbox Series X,Shooter,Publisher_4,M,2020,58.1,1.53
772,PS5,Racing,Publisher_18,E10+,2024,61.9,0.11
773,PC,Action,Publisher_13,E10+,2023,57.9,0.22
774,Switch,Adventure,Publisher_9,T,2015,71.4,0.82
775,Switch,Puzzle,Publisher_5,T,2023,56.7,0.77
776,PS4,Action,Publisher_36,T,2021,65.1,0.24
777,PS5,Action,Publisher_25,E10+,2020,60.9,0.76
778,PC,Adventure,Publisher_28,M,2016,86.8,0.42
779,PS4,RPG,Publisher_5,E,2024,62.1,0.46
780,Xbox One,Adventure,Publisher_14,E,2017,59.1,0.09
781,PC,Shooter,Publisher_25,E10+,2019,74.5,0.49
782,PS5,RPG,Publisher_22,E,2017,88.9,0.32
783,PS5,RPG,Publisher_28,E10+,2024,70.8,1.35
784,PS5,Puzzle,Publisher_27,T,2019,71.6,0.23
785,PS5,Action,Publisher_17,E10+,2016,84.9,0.9
786,PS5,Shooter,Publisher_32,E,2015,80.8,0.34
787,Switch,RPG,Publisher_11,E10+,2024,76.3,0.34
788,Xbox One,Sports,Publisher_4,T,2017,66.2,0.43
789,PC,RPG,Publisher_37,M,2022,76.6,0.16
790,Switch,Racing,Publisher_1,M,2015,58.4,0.37
791,PC,Puzzle,Publisher_12,T,2023,65.8,0.05
792,PS4,Action,Publisher_5,E,2021,86.3,0.32
793,PS4,Adventure,Publisher_10,E,2017,85.0,0.25
794,PC,Simulation,Publisher_16,E10+,2023,76.4,0.21
795,PS4,Puzzle,Publisher_6,E,2017,52.7,0.04
796,PS5,Simulation,Publisher_19,T,2024,,0.32
797,Switch,Shooter,Publisher_38,E10+,2020,65.2,0.33
798,Switch,Adventure,Publisher_6,M,2019,70.3,0.39
799,PC,Puzzle,Publisher_38,E10+,2015,59.5,0.05
800,PC,Racing,Publisher_17,E10+,2017,69.5,0.33
801,PS5,Sports,Publisher_24,T,2015,89.7,0.36
802,Switch,Racing,Publisher_18,E,2023,76.0,0.16
803,PC,Simulation,Publisher_13,M,2016,74.2,0.31
804,Switch,Simulation,Publisher_5,T,2016,61.8,0.53
805,Switch,Shooter,Publisher_24,T,2016,55.6,0.32
806,PC,Sports,Publisher_37,E10+,2024,59.7,0.14
807,Xbox Series X,Puzzle,Publisher_21,M,2024,55.2,0.16
808,PS5,Action,Publisher_24,M,2022,72.8,0.47
809,Xbox Series X,Sports,Publisher_26,E,2015,75.8,0.45
810,PS4,Racing,Publisher_16,T,2020,62.3,0.92
811,PS5,Simulation,Publisher_5,M,2024,73.5,0.48
812,PS5,RPG,Publisher_21,E10+,2015,86.7,0.32
813,Switch,Shooter,Publisher_35,T,2022,91.6,1.2
814,Xbox One,RPG,Publisher_13,M,2015,79.7,0.19
815,Xbox One,Shooter,Publisher_35,E10+,2023,70.3,1.06
816,Switch,Action,Publisher_35,T,2020,79.4,1.22
817,Xbox One,Racing,Publisher_10,T,2023,85.5,0.22
818,Xbox One,Racing,Publisher_24,E,2019,51.9,0.16
819,PS5,RPG,Publisher_30,E,2022,86.8,0.25
820,PC,RPG,Publisher_20,T,2023,66.6,0.24
821,Xbox Series X,Adventure,Publisher_28,E,2018,66.7,1.15
822,PS5,Sports,Publisher_37,M,2021,68.5,0.36
823,Switch,Action,Publisher_26,T,2019,75.2,0.35
824,Switch,Action,Publisher_34,T,2019,60.9,0.27
825,PS5,Simulation,Publisher_33,E10+,2022,69.2,0.18
826,PS4,RPG,Publisher_33,E10+,2017,77.3,0.43
827,PS5,Action,Publisher_35,E10+,2016,74.2,1.49
828,PS4,Simulation,Publisher_10,T,2019,75.8,0.15
829,PS5,Sports,Publisher_1,E10+,2023,68.8,0.54
830,Switch,RPG,Publisher_7,E10+,2016,78.9,0.65
831,Xbox One,Action,Publisher_10,E,2018,82.6,0.24
832,PC,Puzzle,Publisher_28,T,2021,82.0,0.6
833,Switch,Puzzle,Publisher_21,T,2019,76.3,0.14
834,Xbox One,Adventure,Publisher_19,T,2021,81.4,0.42
835,Xbox One,RPG,Publisher_1,E10+,2020,80.7,0.17
836,PS5,RPG,Publisher_28,E,2023,98.8,1.88
837,PS5,Simulation,Publisher_15,E10+,2023,84.2,0.29
838,Xbox One,Adventure,Publisher_31,E10+,2019,71.1,0.15
839,PS5,Action,Publisher_5,E,2019,62.9,1.65
840,PS5,Puzzle,Publisher_12,M,2017,69.4,0.21
841,PS4,Adventure,Publisher_3,E10+,2019,68.7,0.19
842,PC,Racing,Publisher_12,E10+,2023,77.1,0.09
843,Xbox Series X,Puzzle,Publisher_37,T,2020,65.0,0.11
844,Switch,Action,Publisher_20,M,2021,83.9,0.77
845,Xbox Series X,Action,Publisher_18,E10+,2019,58.1,0.39
846,PS4,Action,Publisher_11,T,2022,55.7,0.32
847,Xbox Series X,Sports,Publisher_11,E,2022,70.6,0.24
848,PS5,Simulation,Publisher_27,T,2020,63.6,0.6
849,Switch,Puzzle,Publisher_40,E,2024,59.4,0.2
850,PS4,Adventure,Publisher_30,E,2023,65.6,0.16
851,Xbox Series X,RPG,Publisher_30,T,2016,64.4,0.35
852,PC,Simulation,Publisher_19,E,2017,72.1,0.13
853,Xbox One,Sports,Publisher_4,E,2024,65.8,0.5
854,Xbox Series X,Simulation,Publisher_29,E,2019,66.6,0.16
855,Xbox One,Action,Publisher_33,M,2018,72.0,0.21
856,Switch,Action,Publisher_21,T,2022,82.1,0.45
857,PS4,Action,Publisher_4,E10+,2021,86.7,0.59
858,Xbox One,Adventure,Publisher_29,M,2016,73.5,0.31
859,PC,RPG,Publisher_37,E10+,2015,74.3,0.23
860,Xbox One,Shooter,Publisher_9,M,2023,70.2,0.57
861,Xbox Series X,Shooter,Publisher_7,E10+,2022,76.8,0.15
862,PS5,Adventure,Publisher_30,E,2018,75.9,0.21
863,PS4,RPG,Publisher_14,E,2023,85.3,0.16
864,PC,Action,Publisher_29,E10+,2016,53.1,0.19
865,Xbox One,Shooter,Publisher_29,E,2023,69.7,0.57
866,PS4,RPG,Publisher_11,E,2015,75.4,0.1
867,Xbox Series X,Puzzle,Publisher_2,E10+,2021,71.7,0.08
868,Xbox One,Adventure,Publisher_23,M,2023,62.6,0.31
869,Xbox One,Action,Publisher_17,E,2021,59.0,0.4
870,Switch,Adventure,Publisher_35,E,2022,80.1,0.59
871,PS4,Action,Publisher_15,M,2018,64.4,0.93
872,Xbox One,Racing,Publisher_10,E,2017,54.5,0.13
873,Xbox Series X,Shooter,Publisher_35,M,2017,80.6,1.97
874,PC,RPG,Publisher_30,T,2016,76.6,0.21
875,PS5,Shooter,Publisher_25,M,2017,70.8,1.84
876,PS5,RPG,Publisher_39,T,2017,62.9,1.4
877,Xbox Series X,Adventure,Publisher_32,T,2022,70.9,0.41
878,Xbox One,Simulation,Publisher_35,E,2017,84.2,0.18
879,Switch,Adventure,Publisher_32,T,2016,55.9,0.23
880,Xbox Series X,Shooter,Publisher_17,T,2022,56.4,0.96
881,PC,Racing,Publisher_3,M,2020,65.7,0.12
882,Xbox Series X,Shooter,Publisher_25,E,2017,71.7,1.63
883,PS5,Adventure,Publisher_31,E,2022,67.0,0.24
884,PS5,Racing,Publisher_40,E,2017,78.4,0.5
885,PC,Shooter,Publisher_28,M,2022,82.9,1.31
886,PS5,Shooter,Publisher_23,E,2015,74.8,1.09
887,PC,Shooter,Publisher_24,M,2020,77.6,0.16
888,PS4,Racing,Publisher_5,E10+,2020,74.7,0.29
889,PS5,Puzzle,Publisher_1,E10+,2018,72.1,0.1
890,PS4,Shooter,Publisher_2,M,2021,59.1,0.51
891,Xbox One,Adventure,Publisher_37,T,2018,61.7,0.09
892,Xbox Series X,Adventure,Publisher_32,T,2021,58.5,0.14
893,Switch,Shooter,Publisher_11,M,2017,70.5,0.37
894,Xbox One,Simulation,Publisher_17,M,2020,74.3,0.97
895,Xbox Series X,Sports,Publisher_20,T,2022,57.5,0.48
896,Xbox One,Simulation,Publisher_10,E10+,2024,72.7,0.12
897,PC,RPG,Publisher_17,M,2018,63.2,0.35
898,Xbox Series X,Racing,Publisher_14,T,2019,61.3,0.29
899,PS5,RPG,Publisher_28,M,2019,65.7,0.73
900,Xbox Series X,Shooter,Publisher_31,M,2023,60.8,0.28
901,PC,RPG,Publisher_4,T,2024,,0.49
902,PS4,Puzzle,Publisher_19,E10+,2021,70.3,0.19
903,PC,Action,Publisher_40,M,2023,80.2,0.17
904,Xbox One,Adventure,Publisher_35,M,2015,67.6,0.77
905,Xbox One,Simulation,Publisher_32,E,2022,67.9,0.11
906,PS4,Racing,Publisher_30,T,2023,90.7,0.17
907,PC,Racing,Publisher_1,T,2022,55.8,0.15
908,PS5,Puzzle,Publisher_39,T,2020,84.8,0.34
909,PS4,Sports,Publisher_30,M,2023,88.5,0.24
910,Xbox Series X,Puzzle,Publisher_36,E10+,2021,79.7,0.16
911,Xbox Series X,Sports,Publisher_37,M,2023,,0.13
912,Xbox Series X,Puzzle,Publisher_11,T,2016,86.3,0.16
913,PS5,RPG,Publisher_1,E,2021,68.8,0.25
914,PS4,Puzzle,Publisher_27,T,2019,64.9,0.12
915,PS5,Adventure,Publisher_19,E,2023,68.1,0.86
916,Xbox One,Sports,Publisher_1,M,2023,66.3,0.16
917,Xbox Series X,Racing,Publisher_11,M,2023,62.5,0.33
918,Xbox One,Shooter,Publisher_40,M,2017,83.1,0.33
919,Xbox One,RPG,Publisher_15,T,2019,64.3,0.32
920,Switch,Racing,Publisher_11,E10+,2015,71.7,0.25
921,Xbox One,Simulation,Publisher_27,E10+,2024,57.6,0.15
922,Xbox One,Action,Publisher_27,M,2017,72.3,0.77
923,Xbox One,Simulation,Publisher_14,E,2021,60.4,0.12
924,Xbox One,Adventure,Publisher_34,M,2019,60.2,0.12
925,Xbox One,Racing,Publisher_24,E10+,2024,70.9,0.09
926,PS4,Racing,Publisher_7,T,2023,82.6,0.16
927,PS4,RPG,Publisher_13,T,2022,76.4,0.64
928,Switch,Sports,Publisher_34,E,2021,,0.51
929,Xbox Series X,Racing,Publisher_4,E,2016,70.7,0.87
930,Xbox One,Adventure,Publisher_1,E,2024,68.6,0.07
931,PS4,Sports,Publisher_27,M,2015,79.9,0.67
932,Xbox Series X,Puzzle,Publisher_18,E,2019,66.4,0.15
933,Xbox One,Puzzle,Publisher_11,T,2018,80.3,0.08
934,Xbox One,Adventure,Publisher_19,E,2018,84.4,0.53
935,Xbox One,RPG,Publisher_8,M,2024,63.6,0.13
936,Xbox Series X,Shooter,Publisher_15,M,2017,65.1,0.8
937,PC,Shooter,Publisher_10,E10+,2020,66.5,0.13
938,Xbox One,Adventure,Publisher_24,E,2017,57.3,0.15
939,Switch,Simulation,Publisher_27,E10+,2024,67.3,0.44
940,Switch,Shooter,Publisher_37,T,2022,85.0,1.01
941,Xbox One,Simulation,Publisher_3,T,2019,61.5,0.12
942,PC,Racing,Publisher_14,T,2015,85.3,0.12
943,PS5,Shooter,Publisher_11,T,2016,67.7,0.37
944,PC,Action,Publisher_24,T,2017,93.1,0.2
945,PC,Racing,Publisher_22,E,2019,65.2,0.09
946,Xbox One,Puzzle,Publisher_36,E,2023,70.6,0.1
947,Switch,Simulation,Publisher_37,M,2016,62.9,0.36
948,Xbox One,Puzzle,Publisher_31,T,2020,65.1,0.04
949,PS4,Action,Publisher_8,M,2018,85.4,0.36
950,Switch,Racing,Publisher_2,T,2015,76.7,0.3
951,PS4,Puzzle,Publisher_36,E10+,2021,82.3,0.07
952,PS4,Shooter,Publisher_38,T,2022,58.8,0.32
953,Xbox One,Shooter,Publisher_11,T,2024,78.5,0.43
954,PC,Adventure,Publisher_2,E,2020,62.3,0.13
955,Xbox Series X,Racing,Publisher_28,E10+,2018,58.6,1.04
956,Xbox Series X,Puzzle,Publisher_24,T,2023,74.4,0.09
957,PS5,Shooter,Publisher_36,E,2017,74.3,0.42
958,PS5,RPG,Publisher_24,E,2021,72.5,0.25
959,PS5,Racing,Publisher_31,E,2024,79.2,0.28
960,PS5,Simulation,Publisher_32,T,2015,80.7,0.24
961,PC,Racing,Publisher_1,E,2024,86.7,0.17
962,PC,Puzzle,Publisher_6,E10+,2017,60.1,0.08
963,Switch,Action,Publisher_32,E,2019,87.0,0.55
964,PS5,Simulation,Publisher_8,E10+,2017,90.8,0.16
965,PS5,Sports,Publisher_9,E,2016,,0.38
966,PS4,Simulation,Publisher_31,M,2022,55.3,0.16
967,Xbox One,Shooter,Publisher_9,E10+,2019,58.2,0.72
968,Xbox Series X,Simulation,Publisher_6,E,2020,67.4,0.15
969,Xbox Series X,Simulation,Publisher_1,T,2019,92.1,0.12
970,PS4,Adventure,Publisher_19,M,2022,72.2,0.82
971,Switch,Simulation,Publisher_26,M,2024,65.8,0.28
972,PS4,Racing,Publisher_30,M,2020,65.1,0.21
973,PS5,Adventure,Publisher_37,E10+,2016,58.8,0.14
974,Switch,Sports,Publisher_27,E10+,2018,80.7,0.66
975,PC,Action,Publisher_31,E10+,2019,71.1,0.22
976,PS5,Racing,Publisher_9,E10+,2016,93.0,0.74
977,Xbox Series X,Adventure,Publisher_14,M,2017,78.3,0.2
978,Switch,Adventure,Publisher_13,E,2017,80.3,0.44
979,Switch,Racing,Publisher_3,M,2024,69.6,0.26
980,PC,Racing,Publisher_39,M,2019,61.1,0.61
981,Xbox Series X,Racing,Publisher_10,M,2023,63.3,0.33
982,Xbox Series X,Adventure,Publisher_18,T,2020,58.3,0.16
983,Switch,Adventure,Publisher_15,M,2020,81.1,0.34
984,PS5,Action,Publisher_2,E,2024,68.2,0.38
985,PS4,Racing,Publisher_37,M,2021,81.5,0.19
986,Xbox One,Shooter,Publisher_9,T,2017,73.4,0.44
987,Switch,Adventure,Publisher_5,M,2017,69.1,0.44
988,PS5,Racing,Publisher_14,E,2021,60.3,0.15
989,Xbox One,Simulation,Publisher_6,M,2015,75.0,0.13
990,Xbox Series X,Shooter,Publisher_40,T,2016,69.8,0.34
991,Xbox One,Puzzle,Publisher_8,E,2015,81.0,0.17
992,PC,Action,Publisher_13,T,2022,64.8,0.37
993,PS5,Simulation,Publisher_11,E,2019,78.2,0.13
994,PC,Sports,Publisher_2,E,2015,88.4,0.09
995,Xbox Series X,Shooter,Publisher_1,T,2022,74.7,0.45
996,Switch,Adventure,Publisher_21,M,2021,79.9,0.29
997,Xbox Series X,Simulation,Publisher_10,E,2022,77.7,0.25
998,PS4,Shooter,Publisher_4,E10+,2016,91.0,1.35
999,Switch,Shooter,Publisher_12,E10+,2023,75.7,0.24
1000,Switch,Action,Publisher_11,T,2016,79.0,0.32
1001,PS5,Simulation,Publisher_17,E,2020,71.6,0.42
1002,Switch,Action,Publisher_40,T,2020,64.3,0.47
1003,Switch,Action,Publisher_13,E10+,2017,59.9,0.44
1004,Xbox Series X,Shooter,Publisher_29,M,2018,84.7,0.82
1005,PC,Action,Publisher_31,E10+,2015,61.9,0.1
1006,Xbox One,Sports,Publisher_3,E10+,2019,79.5,0.18
1007,Xbox Series X,Puzzle,Publisher_21,E,2021,76.2,0.12
1008,PS5,Puzzle,Publisher_18,M,2018,81.2,0.27
1009,Switch,RPG,Publisher_21,M,2020,66.9,0.47
1010,PS4,Adventure,Publisher_7,E10+,2024,64.1,0.12
1011,Switch,Racing,Publisher_19,E10+,2017,75.8,0.95
1012,Xbox One,Sports,Publisher_5,M,2017,69.1,0.41
1013,Xbox Series X,Puzzle,Publisher_38,E10+,2016,,0.13
1014,PS5,Racing,Publisher_24,E,2020,91.4,0.22
1015,Switch,Adventure,Publisher_2,E,2017,64.1,0.23
1016,PS5,Sports,Publisher_21,T,2023,62.1,0.23
1017,Xbox Series X,Sports,Publisher_38,E,2017,69.6,0.28
1018,PC,RPG,Publisher_30,E,2021,84.5,0.22
1019,PC,RPG,Publisher_11,E,2016,50.3,0.11
1020,PC,Simulation,Publisher_36,M,2018,83.7,0.1
1021,PC,Puzzle,Publisher_8,M,2016,62.9,0.07
1022,Xbox One,Racing,Publisher_10,M,2020,74.6,0.13
1023,PS4,Racing,Publisher_7,E10+,2015,65.2,0.1
1024,PC,Simulation,Publisher_37,E10+,2015,91.9,0.12
1025,Switch,Shooter,Publisher_29,E10+,2020,73.2,0.72
1026,PC,Sports,Publisher_21,T,2020,64.9,0.14
1027,Xbox One,Sports,Publisher_27,E,2018,69.0,0.34
1028,PS5,RPG,Publisher_11,T,2019,72.9,0.47
1029,Xbox One,Puzzle,Publisher_3,E,2019,73.8,0.06
1030,Xbox Series X,Shooter,Publisher_34,E10+,2022,76.4,0.25
1031,PC,Shooter,Publisher_39,E10+,2019,72.0,0.42
1032,Xbox Series X,Shooter,Publisher_2,T,2023,58.2,0.41
1033,PS4,Simulation,Publisher_3,M,2017,68.6,0.16
1034,PS5,Simulation,Publisher_23,T,2016,78.1,0.28
1035,PC,Sports,Publisher_2,E10+,2019,65.3,0.1
1036,Switch,Action,Publisher_29,T,2015,78.7,0.9
1037,PS5,Sports,Publisher_38,T,2021,72.3,0.31
1038,Xbox Series X,Adventure,Publisher_12,E,2018,69.8,0.24
1039,Xbox Series X,Shooter,Publisher_12,M,2018,83.9,0.65
1040,Xbox Series X,Adventure,Publisher_35,M,2020,54.6,0.57
1041,PC,Puzzle,Publisher_15,E,2015,65.2,0.11
1042,PS5,Racing,Publisher_10,E,2018,84.3,0.28
1043,PS4,RPG,Publisher_4,E,2024,90.3,1.03
1044,PS4,RPG,Publisher_34,T,2021,94.9,0.14
1045,PS4,Sports,Publisher_38,E,2020,72.5,0.15
1046,PC,Racing,Publisher_4,E,2020,76.6,0.3
1047,PC,RPG,Publisher_33,T,2019,80.2,0.16
1048,PS5,RPG,Publisher_7,E,2024,84.8,0.38
1049,Xbox One,Action,Publisher_6,E,2024,75.1,0.21
1050,PS4,Adventure,Publisher_16,E,2019,81.3,0.36
1051,PS4,Simulation,Publisher_18,T,2024,76.6,0.11
1052,PS4,Shooter,Publisher_35,E10+,2015,77.2,1.19
1053,PS4,Racing,Publisher_28,E10+,2018,62.8,1.04
1054,Xbox Series X,Simulation,Publisher_6,T,2018,68.7,0.15
1055,PC,Racing,Publisher_24,E,2021,66.8,0.08
1056,Xbox One,Racing,Publisher_36,T,2021,60.1,0.1
1057,Switch,Shooter,Publisher_27,E10+,2019,55.5,0.74
1058,Xbox Series X,Racing,Publisher_10,T,2017,67.8,0.18
1059,PS5,Racing,Publisher_6,T,2020,69.4,0.14
1060,PS5,Puzzle,Publisher_19,T,2017,73.1,0.16
1061,PS4,Racing,Publisher_19,E,2019,77.6,0.5
1062,PS4,Racing,Publisher_15,E,2018,73.9,0.4
1063,PC,Action,Publisher_5,T,2023,69.4,0.68
1064,PC,Simulation,Publisher_5,E,2022,62.8,0.18
1065,PC,Simulation,Publisher_22,E10+,2016,80.8,0.07
1066,Xbox One,Sports,Publisher_38,T,2024,71.0,0.15
1067,Xbox One,RPG,Publisher_24,M,2021,67.7,0.13
1068,Xbox One,Simulation,Publisher_18,T,2018,70.1,0.06
1069,Xbox Series X,RPG,Publisher_38,M,2020,64.7,0.37
1070,Switch,Adventure,Publisher_28,T,2016,66.7,1.06
1071,Switch,Adventure,Publisher_29,E10+,2015,66.4,0.78
1072,Switch,Adventure,Publisher_24,E,2019,69.1,0.23
1073,Xbox One,Action,Publisher_31,T,2022,78.6,0.14
1074,PS5,Shooter,Publisher_21,M,2018,76.1,0.51
1075,Switch,Racing,Publisher_25,E10+,2018,87.5,0.94
1076,Xbox Series X,Adventure,Publisher_25,E,2024,84.1,0.6
1077,Switch,Sports,Publisher_31,E,2024,91.6,0.42
1078,Xbox One,RPG,Publisher_36,T,2019,77.6,0.13
1079,PC,Sports,Publisher_12,T,2015,77.4,0.17
1080,Xbox Series X,Adventure,Publisher_28,E,2021,,0.78
1081,PC,Simulation,Publisher_2,E,2022,,0.15
1082,PC,Sports,Publisher_22,T,2024,65.4,0.16
1083,PS4,Sports,Publisher_36,E10+,2024,57.3,0.28
1084,Xbox Series X,RPG,Publisher_26,E10+,2021,87.3,0.28
1085,Xbox One,Simulation,Publisher_11,E10+,2016,59.5,0.08
1086,Switch,Shooter,Publisher_25,T,2017,76.4,2.72
1087,Switch,RPG,Publisher_15,T,2022,63.2,0.35
1088,PC,RPG,Publisher_18,E,2021,83.3,0.14
1089,Xbox Series X,Racing,Publisher_10,E,2019,84.6,0.33
1090,Xbox One,Shooter,Publisher_25,T,2019,77.3,0.79
1091,Xbox Series X,Sports,Publisher_8,T,2022,84.5,0.28
1092,PC,Adventure,Publisher_18,E,2019,72.1,0.09
1093,PS4,Shooter,Publisher_38,E,2016,94.3,0.35
1094,Xbox One,RPG,Publisher_31,T,2024,79.5,0.31
1095,PS5,Puzzle,Publisher_17,E10+,2018,63.0,0.48
1096,PC,Puzzle,Publisher_39,E,2017,72.7,0.15
1097,Xbox Series X,Sports,Publisher_1,T,2015,70.5,0.41
1098,Xbox Series X,Action,Publisher_39,E,2019,69.5,0.89
1099,Xbox One,Action,Publisher_15,E,2024,55.4,0.35
1100,Xbox Series X,Adventure,Publisher_33,T,2016,75.9,0.15
1101,PC,Puzzle,Publisher_38,E,2017,58.1,0.09
1102,Xbox One,Adventure,Publisher_25,E,2016,46.7,0.35
1103,Xbox One,Puzzle,Publisher_25,M,2015,68.6,0.1
1104,PS5,Shooter,Publisher_30,E,2021,64.4,0.68
1105,PS5,Racing,Publisher_10,T,2017,63.4,0.25
1106,Xbox Series X,Puzzle,Publisher_8,M,2022,41.0,0.08
1107,PC,Shooter,Publisher_14,M,2019,63.5,0.18
1108,PC,Simulation,Publisher_20,M,2021,70.3,0.25
1109,Xbox One,Simulation,Publisher_30,E10+,2015,65.7,0.07
1110,Xbox One,Adventure,Publisher_11,M,2018,75.9,0.13
1111,Xbox Series X,Simulation,Publisher_23,E,2019,85.9,0.23
1112,PS4,Shooter,Publisher_1,E10+,2015,77.2,0.28
1113,PS5,Action,Publisher_2,E,2019,82.3,0.33
1114,Xbox Series X,Shooter,Publisher_39,T,2019,83.1,1.48
1115,PS4,Puzzle,Publisher_35,M,2019,61.8,0.32
1116,PS4,Adventure,Publisher_35,M,2020,76.4,0.72
1117,PS4,Shooter,Publisher_14,M,2022,82.0,0.48
1118,PS5,RPG,Publisher_21,E,2022,67.6,0.31
1119,Xbox One,Shooter,Publisher_27,M,2015,64.1,0.33
1120,PC,Adventure,Publisher_11,T,2021,77.3,0.23
1121,Switch,Action,Publisher_30,E10+,2024,57.2,0.5
1122,Xbox Series X,RPG,Publisher_28,E,2023,61.1,1.53
1123,Xbox Series X,Sports,Publisher_17,E,2018,65.3,1.01
1124,PS4,Adventure,Publisher_18,M,2022,76.5,0.18
1125,PS5,Shooter,Publisher_13,E10+,2023,74.2,0.33
1126,Xbox One,Action,Publisher_33,T,2018,82.3,0.15
1127,Xbox One,RPG,Publisher_40,M,2023,62.8,0.26
1128,PS5,Action,Publisher_40,E10+,2021,62.2,0.34
1129,Xbox Series X,Shooter,Publisher_31,E,2022,77.2,0.31
1130,PS4,Simulation,Publisher_14,E10+,2022,64.0,0.05
1131,PS4,Racing,Publisher_32,E,2022,66.0,0.16
1132,Switch,Adventure,Publisher_10,E,2024,53.4,0.14
1133,Xbox One,Puzzle,Publisher_36,M,2023,74.9,0.07
1134,Xbox One,Simulation,Publisher_11,E10+,2019,87.4,0.16
1135,Switch,RPG,Publisher_17,T,2020,61.7,0.74
1136,PC,Simulation,Publisher_4,T,2021,82.2,0.26
1137,Switch,Sports,Publisher_4,T,2023,71.4,1.36
1138,Xbox One,Shooter,Publisher_16,T,2018,54.3,0.55
1139,PC,Puzzle,Publisher_23,E,2018,63.1,0.07
1140,Xbox Series X,RPG,Publisher_1,T,2022,62.4,0.48
1141,PC,RPG,Publisher_34,M,2024,,0.12
1142,Switch,Sports,Publisher_5,E,2024,76.2,0.43
1143,Xbox One,Action,Publisher_40,E,2016,90.5,0.13
1144,PC,Racing,Publisher_11,T,2024,57.7,0.06
1145,Xbox One,Simulation,Publisher_16,M,2022,67.2,0.26
1146,Switch,Sports,Publisher_7,E10+,2016,63.0,0.22
1147,PS4,Shooter,Publisher_33,M,2015,59.3,0.2
1148,PC,Simulation,Publisher_30,E,2017,73.0,0.1
1149,Xbox One,Adventure,Publisher_4,T,2024,72.0,0.64
1150,Switch,Action,Publisher_5,M,2022,53.9,1.31
1151,Xbox Series X,Racing,Publisher_25,E10+,2020,,0.99
1152,PC,Sports,Publisher_35,T,2021,59.9,0.3
1153,PS5,Sports,Publisher_5,E,2019,72.1,0.71
1154,PS5,Sports,Publisher_9,T,2024,84.7,0.92
1155,Xbox One,Racing,Publisher_22,T,2016,76.6,0.13
1156,Switch,Sports,Publisher_5,M,2018,73.8,0.95
1157,Switch,RPG,Publisher_13,E,2017,66.7,0.38
1158,Xbox Series X,Sports,Publisher_1,E10+,2023,72.7,0.22
1159,Xbox One,RPG,Publisher_20,T,2020,77.6,0.47
1160,Xbox One,Puzzle,Publisher_29,M,2021,76.6,0.23
1161,PC,Shooter,Publisher_17,E,2024,71.0,0.81
1162,Xbox One,RPG,Publisher_11,T,2016,74.2,0.25
1163,Xbox Series X,Racing,Publisher_17,M,2024,58.8,0.7
1164,PC,Racing,Publisher_21,T,2016,64.7,0.11
1165,PS5,Action,Publisher_7,E10+,2022,79.1,0.24
1166,PC,Simulation,Publisher_5,E,2022,80.4,0.14
1167,PS5,Simulation,Publisher_8,E10+,2023,72.9,0.14
1168,PS4,Racing,Publisher_40,E,2016,86.8,0.23
1169,Switch,Racing,Publisher_29,E,2024,77.1,0.6
1170,Switch,Puzzle,Publisher_6,E10+,2022,69.7,0.17
1171,PC,Shooter,Publisher_13,E,2016,59.8,0.44
1172,Switch,RPG,Publisher_17,E,2020,86.4,1.19
1173,Xbox One,RPG,Publisher_8,T,2023,79.7,0.15
1174,Xbox Series X,Sports,Publisher_35,E,2019,90.0,0.87
1175,PS5,Adventure,Publisher_38,E,2018,93.7,0.21
1176,PS5,RPG,Publisher_10,T,2017,59.1,0.41
1177,PS4,RPG,Publisher_1,M,2020,59.2,0.23
1178,PS5,Simulation,Publisher_11,T,2024,43.4,0.15
1179,Xbox One,Racing,Publisher_24,E,2021,81.2,0.18
1180,Switch,Racing,Publisher_33,E,2022,78.6,0.21
1181,PC,Sports,Publisher_14,T,2022,73.0,0.22
1182,Xbox Series X,RPG,Publisher_11,T,2022,59.7,0.17
1183,PC,Puzzle,Publisher_10,E10+,2019,71.1,0.06
1184,PC,Shooter,Publisher_1,M,2022,73.8,0.23
1185,PC,Sports,Publisher_1,M,2018,79.8,0.25
1186,Xbox Series X,Adventure,Publisher_18,T,2020,74.7,0.13
1187,PS4,Shooter,Publisher_25,T,2018,78.6,0.65
1188,PC,Puzzle,Publisher_1,M,2024,70.8,0.09
1189,PS4,RPG,Publisher_9,E,2022,83.8,0.46
1190,Xbox Series X,Racing,Publisher_37,T,2020,78.3,0.23
1191,PS5,Adventure,Publisher_40,M,2019,60.1,0.21
1192,Switch,Simulation,Publisher_26,E,2020,85.9,0.3
1193,Xbox One,Sports,Publisher_21,E,2022,84.3,0.2
1194,PS5,Puzzle,Publisher_24,E10+,2017,76.7,0.14
1195,PS4,Simulation,Publisher_15,E10+,2023,74.8,0.14
1196,Xbox One,Puzzle,Publisher_9,M,2017,88.6,0.23
1197,Xbox One,Sports,Publisher_16,E10+,2016,55.7,0.2
1198,Switch,Sports,Publisher_28,T,2022,84.4,1.07
1199,PS4,Sports,Publisher_27,M,2022,67.2,0.29
1200,PC,Action,Publisher_28,M,2018,83.0,0.75
1201,Xbox Series X,Adventure,Publisher_25,T,2021,73.2,1.05
1202,Switch,Simulation,Publisher_3,M,2022,59.6,0.24
1203,PS4,Racing,Publisher_26,T,2022,67.0,0.15
1204,PS5,Racing,Publisher_36,E,2024,82.2,0.27
1205,PS5,Adventure,Publisher_26,T,2023,69.9,0.25
1206,Xbox Series X,Shooter,Publisher_24,E10+,2019,65.8,0.35
1207,PC,Shooter,Publisher_9,E10+,2017,65.7,0.42
1208,PS5,Racing,Publisher_32,T,2015,78.4,0.19
1209,Xbox Series X,RPG,Publisher_19,E10+,2020,89.5,0.7
1210,PS5,Action,Publisher_11,E,2021,50.6,0.16
1211,PC,Racing,Publisher_20,M,2021,99.0,0.43
1212,Switch,Adventure,Publisher_5,T,2015,74.0,0.4
1213,Switch,Action,Publisher_38,T,2022,77.8,0.68
1214,Switch,Sports,Publisher_29,M,2022,67.6,0.27
1215,Xbox One,RPG,Publisher_14,T,2022,72.0,0.35
1216,Switch,Adventure,Publisher_32,T,2020,73.9,0.15
1217,PS5,Racing,Publisher_3,M,2015,61.5,0.18
1218,PC,Racing,Publisher_16,E10+,2019,,0.24
1219,Switch,Puzzle,Publisher_27,M,2021,83.8,0.41
1220,Switch,RPG,Publisher_1,T,2020,,0.31
1221,Xbox Series X,Puzzle,Publisher_29,E,2020,76.4,0.23
1222,Switch,Action,Publisher_33,E,2020,68.3,0.28
1223,Xbox Series X,Action,Publisher_24,M,2020,,0.31
1224,PS5,Adventure,Publisher_9,M,2018,91.7,0.63
1225,PC,Puzzle,Publisher_30,M,2021,62.5,0.05
1226,PS4,Sports,Publisher_14,E,2017,60.7,0.1
1227,PS5,Shooter,Publisher_30,M,2019,70.1,0.5
1228,Xbox One,Action,Publisher_26,M,2019,64.3,0.22
1229,PS4,Puzzle,Publisher_4,M,2022,72.1,0.55
1230,PC,Adventure,Publisher_4,E10+,2023,73.6,0.25
1231,Xbox Series X,RPG,Publisher_1,T,2021,74.3,0.25
1232,PS5,RPG,Publisher_3,E10+,2016,70.8,0.53
1233,PC,Sports,Publisher_12,E,2021,65.0,0.14
1234,Xbox One,Shooter,Publisher_2,T,2018,78.4,0.31
1235,PS4,RPG,Publisher_38,E,2015,70.9,0.27
1236,Switch,Sports,Publisher_37,E,2016,67.0,0.36
1237,Xbox One,Shooter,Publisher_7,E,2024,86.8,0.46
1238,PS5,Adventure,Publisher_13,E10+,2019,70.8,0.42
1239,Switch,Adventure,Publisher_30,E,2017,82.9,0.19
1240,Xbox Series X,RPG,Publisher_27,M,2016,84.3,0.89
1241,Switch,Simulation,Publisher_24,M,2021,84.9,0.22
1242,PC,Sports,Publisher_40,M,2022,78.9,0.18
1243,Xbox One,Simulation,Publisher_26,E10+,2018,72.0,0.12
1244,Switch,RPG,Publisher_27,E,2016,71.4,0.48
1245,PS4,Racing,Publisher_21,T,2018,69.6,0.15
1246,PS4,Sports,Publisher_22,T,2021,50.3,0.22
1247,Xbox Series X,Adventure,Publisher_12,E,2016,79.2,0.17
1248,PC,RPG,Publisher_21,M,2017,74.4,0.28
1249,Xbox One,Adventure,Publisher_37,E10+,2015,80.3,0.1
1250,Xbox Series X,Action,Publisher_16,M,2019,70.8,0.53
1251,Switch,Racing,Publisher_6,E,2016,78.6,0.53
1252,PC,Sports,Publisher_24,E10+,2016,58.2,0.08
1253,PC,Simulation,Publisher_32,E10+,2016,60.3,0.08
1254,PS4,Shooter,Publisher_39,E,2022,47.2,1.13
1255,Switch,Puzzle,Publisher_22,T,2019,70.7,0.14
1256,Xbox One,Simulation,Publisher_32,M,2024,64.3,0.19
1257,Xbox Series X,Racing,Publisher_11,T,2018,63.0,0.26
1258,Xbox Series X,Action,Publisher_17,E10+,2017,75.3,0.97
1259,PS5,Sports,Publisher_17,T,2017,67.7,0.9
1260,PS4,Sports,Publisher_14,E10+,2024,57.7,0.09
1261,Xbox One,Simulation,Publisher_29,E10+,2020,97.4,0.18
1262,PC,Simulation,Publisher_36,M,2018,71.6,0.11
1263,PC,Shooter,Publisher_14,T,2021,61.2,0.21
1264,PS4,Simulation,Publisher_6,E10+,2020,,0.29
1265,Switch,Sports,Publisher_34,E10+,2016,70.3,0.37
1266,PS5,Puzzle,Publisher_34,M,2022,70.2,0.19
1267,Switch,Shooter,Publisher_38,T,2016,85.0,0.81
1268,Xbox Series X,Sports,Publisher_11,E,2016,71.2,0.3
1269,Xbox Series X,RPG,Publisher_29,M,2022,90.6,0.64
1270,Switch,Shooter,Publisher_29,T,2019,67.7,0.73
1271,Xbox Series X,RPG,Publisher_32,E10+,2017,76.3,0.27
1272,Switch,Sports,Publisher_33,M,2015,82.2,0.52
1273,Xbox One,RPG,Publisher_39,M,2020,84.0,0.62
1274,PC,Sports,Publisher_20,M,2021,85.1,0.49
1275,Xbox One,Simulation,Publisher_4,E10+,2017,69.3,0.25
1276,PS4,Shooter,Publisher_8,M,2019,71.9,0.38
1277,Switch,Action,Publisher_36,M,2018,47.2,0.68
1278,Xbox Series X,Racing,Publisher_34,M,2023,70.0,0.24
1279,Xbox One,Simulation,Publisher_1,T,2022,82.9,0.22
1280,PS5,RPG,Publisher_15,E10+,2017,81.0,0.61
1281,PS5,Adventure,Publisher_10,E,2020,71.1,0.22
1282,Xbox One,Racing,Publisher_13,M,2024,89.0,0.34
1283,PS4,Puzzle,Publisher_26,T,2018,68.2,0.08
1284,PC,RPG,Publisher_21,M,2016,64.8,0.09
1285,PC,Action,Publisher_20,T,2017,67.3,0.49
1286,Switch,RPG,Publisher_18,T,2021,60.8,0.77
1287,Switch,Simulation,Publisher_26,E,2024,78.2,0.24
1288,Xbox One,Adventure,Publisher_28,E10+,2018,74.9,0.54
1289,PS5,Adventure,Publisher_2,T,2015,78.1,0.25
1290,Xbox Series X,Simulation,Publisher_6,E,2016,67.9,0.22
1291,Xbox Series X,RPG,Publisher_14,E,2019,71.4,0.27
1292,PC,RPG,Publisher_18,T,2015,50.2,0.15
1293,PS4,Simulation,Publisher_40,E,2015,75.8,0.07
1294,Xbox Series X,Racing,Publisher_36,T,2021,73.0,0.19
1295,Xbox Series X,RPG,Publisher_26,E10+,2023,61.0,0.3
1296,PS5,RPG,Publisher_2,E10+,2017,71.0,0.47
1297,PS5,Simulation,Publisher_5,E,2020,69.4,0.52
1298,Xbox Series X,Action,Publisher_19,E10+,2020,89.6,0.42
1299,PS5,Action,Publisher_24,T,2021,61.4,0.22
1300,PS5,Puzzle,Publisher_27,T,2024,75.3,0.3
1301,Xbox Series X,Action,Publisher_6,E10+,2023,61.1,0.23
1302,PS4,Sports,Publisher_36,E,2018,66.4,0.27
1303,Xbox One,Simulation,Publisher_20,M,2024,74.8,0.14
1304,PS5,Shooter,Publisher_24,M,2015,69.9,0.49
1305,PS4,Puzzle,Publisher_2,M,2024,71.9,0.1
1306,Xbox Series X,Shooter,Publisher_33,E10+,2016,75.3,0.44
1307,PC,Action,Publisher_22,T,2016,67.1,0.12
1308,Xbox One,Sports,Publisher_9,E,2016,80.8,0.18
1309,PC,Adventure,Publisher_13,M,2016,,0.24
1310,Xbox Series X,Action,Publisher_15,E,2019,71.0,0.56
1311,Xbox Series X,Racing,Publisher_2,E10+,2021,75.6,0.31
1312,Xbox Series X,RPG,Publisher_38,M,2022,74.3,0.32
1313,PC,RPG,Publisher_33,T,2015,78.4,0.23
1314,PC,Simulation,Publisher_36,M,2017,75.2,0.13
1315,PC,Racing,Publisher_15,E10+,2016,76.7,0.29
1316,Switch,Racing,Publisher_23,E,2016,68.7,0.4
1317,Xbox One,RPG,Publisher_19,E,2022,61.3,0.18
1318,Xbox One,Shooter,Publisher_20,E,2021,57.7,0.38
1319,PC,Puzzle,Publisher_24,E,2017,55.3,0.05
1320,PS4,Action,Publisher_19,E10+,2018,89.6,0.72
1321,Xbox Series X,Sports,Publisher_31,E,2024,49.9,0.12
1322,PC,Racing,Publisher_3,E,2020,83.9,0.11
1323,Xbox Series X,Racing,Publisher_8,E10+,2017,63.8,0.27
1324,PS4,Action,Publisher_36,T,2024,83.9,0.29
1325,Xbox One,Adventure,Publisher_36,T,2016,50.0,0.1
1326,PS4,Racing,Publisher_33,E,2017,69.6,0.32
1327,PC,Sports,Publisher_15,M,2021,86.5,0.21
1328,PC,Adventure,Publisher_19,T,2020,79.1,0.38
1329,PS4,Simulation,Publisher_2,E10+,2015,68.6,0.18
1330,Xbox One,Shooter,Publisher_12,E10+,2023,52.6,0.18
1331,PC,RPG,Publisher_30,M,2017,58.8,0.17
1332,Switch,RPG,Publisher_14,E10+,2021,,0.41
1333,PS4,Racing,Publisher_20,E,2018,68.5,0.35
1334,Xbox One,Action,Publisher_5,E10+,2022,71.3,0.35
1335,Xbox One,Shooter,Publisher_20,E,2023,74.8,0.39
1336,Xbox One,Action,Publisher_29,E,2022,59.0,0.24
1337,PS5,Action,Publisher_23,E10+,2024,76.1,0.57
1338,PS4,Shooter,Publisher_23,E,2020,,0.4
1339,PC,Puzzle,Publisher_37,E10+,2015,74.9,0.03
1340,PS4,Simulation,Publisher_10,E,2020,66.2,0.12
1341,PS4,Action,Publisher_12,T,2019,56.3,0.2
1342,PS4,Sports,Publisher_25,E,2022,67.7,0.35
1343,PS4,Shooter,Publisher_20,E,2017,78.4,0.53
1344,PS5,Racing,Publisher_40,M,2021,75.9,0.28
1345,Xbox Series X,Simulation,Publisher_3,E,2019,72.3,0.24
1346,PC,Puzzle,Publisher_5,E10+,2021,81.0,0.11
1347,PS5,Racing,Publisher_14,T,2019,70.0,0.33
1348,PS4,Action,Publisher_19,E10+,2018,72.6,0.86
1349,PS5,Action,Publisher_36,E10+,2017,67.2,0.29
1350,Xbox One,Sports,Publisher_20,E,2023,81.6,0.35
1351,PS4,Puzzle,Publisher_18,E10+,2015,74.9,0.16
1352,Switch,RPG,Publisher_7,M,2017,66.4,0.47
1353,Xbox One,Sports,Publisher_18,T,2019,57.1,0.18
1354,Switch,Puzzle,Publisher_22,M,2016,,0.16
1355,Xbox One,Adventure,Publisher_24,T,2024,64.6,0.16
1356,Xbox Series X,Shooter,Publisher_25,M,2018,72.7,1.47
1357,PC,Simulation,Publisher_18,E10+,2017,95.5,0.06
1358,Xbox Series X,Puzzle,Publisher_7,T,2017,80.0,0.11
1359,PC,Puzzle,Publisher_7,T,2016,88.1,0.05
1360,PC,Adventure,Publisher_7,M,2021,66.6,0.13
1361,Xbox One,Sports,Publisher_25,T,2019,82.7,0.48
1362,Switch,Adventure,Publisher_35,E10+,2017,72.3,0.92
1363,PS4,Simulation,Publisher_36,E,2023,75.7,0.13
1364,Switch,Simulation,Publisher_13,M,2021,92.2,0.32
1365,Switch,Racing,Publisher_4,E10+,2019,69.2,0.8
1366,PC,Adventure,Publisher_26,M,2020,72.2,0.17
1367,PS4,Simulation,Publisher_2,T,2021,63.0,0.19
1368,Switch,Adventure,Publisher_26,E,2016,80.9,0.19
1369,Xbox Series X,Simulation,Publisher_16,T,2023,66.4,0.21
1370,PS4,Adventure,Publisher_34,E10+,2017,82.2,0.35
1371,PS4,Shooter,Publisher_26,E,2015,55.5,0.24
1372,Xbox One,Puzzle,Publisher_30,E10+,2020,77.5,0.07
1373,PS4,Shooter,Publisher_17,T,2023,65.6,0.67
1374,PS5,Adventure,Publisher_34,E,2022,79.3,0.26
1375,Xbox Series X,Adventure,Publisher_22,T,2018,71.9,0.38
1376,Xbox One,Simulation,Publisher_26,M,2018,66.6,0.13
1377,PS4,Racing,Publisher_15,E,2020,68.1,0.36
1378,PC,Shooter,Publisher_18,E,2017,63.5,0.18
1379,Switch,Sports,Publisher_34,E,2023,80.4,0.24
1380,Xbox One,Puzzle,Publisher_16,T,2017,61.5,0.1
1381,PC,Racing,Publisher_1,M,2017,69.3,0.09
1382,Xbox Series X,Racing,Publisher_16,M,2015,75.5,0.56
1383,PS5,Puzzle,Publisher_16,E,2021,88.1,0.41
1384,PS5,Adventure,Publisher_17,E10+,2015,71.9,0.74
1385,PC,Sports,Publisher_3,E,2023,69.6,0.12
1386,PC,Shooter,Publisher_6,E10+,2024,74.7,0.15
1387,Switch,Puzzle,Publisher_13,E10+,2016,51.3,0.22
1388,PS5,Adventure,Publisher_17,T,2015,60.0,0.43
1389,PS4,Adventure,Publisher_2,M,2024,68.2,0.13
1390,PS5,Adventure,Publisher_16,M,2016,64.9,0.72
1391,PS5,Adventure,Publisher_13,E,2019,56.0,0.31
1392,PS4,Simulation,Publisher_2,E,2023,80.6,0.12
1393,Xbox One,Racing,Publisher_11,E10+,2016,74.6,0.13
1394,PS5,Sports,Publisher_12,E10+,2021,73.4,0.41
1395,PC,Racing,Publisher_6,E10+,2018,65.1,0.12
1396,Xbox Series X,Puzzle,Publisher_31,T,2019,72.8,0.09
1397,PS4,Action,Publisher_3,T,2024,77.1,0.23
1398,Xbox One,Adventure,Publisher_24,M,2021,69.4,0.14
1399,Switch,Racing,Publisher_27,T,2018,76.4,0.6
1400,PS4,Simulation,Publisher_33,E10+,2024,64.0,0.12
1401,PS5,Sports,Publisher_22,E,2020,73.0,0.29
1402,PS5,Simulation,Publisher_22,E10+,2015,,0.21
1403,PC,Shooter,Publisher_31,M,2018,84.3,0.26
1404,PS5,Racing,Publisher_35,M,2017,85.3,0.78
1405,Xbox One,Puzzle,Publisher_9,E10+,2021,74.9,0.22
1406,Xbox Series X,Racing,Publisher_32,E,2023,72.3,0.17
1407,Switch,Simulation,Publisher_19,E,2015,67.5,0.39
1408,PS5,Sports,Publisher_4,E,2022,53.9,0.44
1409,PC,Puzzle,Publisher_25,T,2024,58.6,0.17
1410,Switch,Simulation,Publisher_40,T,2024,70.3,0.14
1411,Xbox Series X,Sports,Publisher_6,T,2021,70.9,0.2
1412,PS4,RPG,Publisher_1,E,2018,,0.59
1413,PC,Shooter,Publisher_37,E10+,2016,85.1,0.24
1414,PS4,Puzzle,Publisher_24,E,2024,65.1,0.12
1415,Xbox Series X,Simulation,Publisher_9,E10+,2019,80.2,0.48
1416,Xbox Series X,Adventure,Publisher_32,T,2018,67.2,0.29
1417,PS4,Adventure,Publisher_16,E10+,2022,78.8,0.32
1418,Xbox Series X,Shooter,Publisher_14,T,2022,80.1,0.71
1419,PS5,Puzzle,Publisher_12,E10+,2023,84.4,0.19
1420,PS5,Sports,Publisher_24,T,2023,67.1,0.32
1421,PS4,Shooter,Publisher_6,E10+,2023,82.1,0.35
1422,PS5,Sports,Publisher_15,E10+,2016,53.3,0.39
1423,Xbox Series X,Action,Publisher_13,E,2016,85.0,0.6
1424,PC,Adventure,Publisher_3,T,2017,71.7,0.11
1425,PS5,Adventure,Publisher_31,M,2021,72.0,0.33
1426,PS5,Racing,Publisher_1,T,2020,51.6,0.41
1427,PS5,Action,Publisher_39,T,2023,68.1,0.67
1428,Xbox One,Action,Publisher_4,M,2023,85.6,1.47
1429,PS4,Action,Publisher_15,E,2023,67.7,0.32
1430,Xbox Series X,Puzzle,Publisher_4,M,2015,79.1,0.77
1431,PS5,Sports,Publisher_15,E,2021,72.3,0.41
1432,PS4,RPG,Publisher_25,T,2023,82.6,1.08
1433,Xbox Series X,Adventure,Publisher_4,M,2024,73.9,0.84
1434,Xbox Series X,Simulation,Publisher_22,M,2018,62.7,0.1
1435,Xbox One,Adventure,Publisher_31,E10+,2022,72.6,0.24
1436,Switch,RPG,Publisher_19,M,2019,88.0,0.74
1437,Xbox Series X,Racing,Publisher_5,T,2016,77.0,0.52
1438,PC,Sports,Publisher_28,E,2018,70.8,0.32
1439,Xbox One,Adventure,Publisher_8,E,2017,94.6,0.09
1440,PS4,Action,Publisher_1,M,2024,83.6,0.32
1441,PS4,Puzzle,Publisher_18,M,2016,80.2,0.09
1442,PS4,Racing,Publisher_11,M,2016,75.2,0.14
1443,Xbox One,Adventure,Publisher_2,E10+,2020,79.3,0.13
1444,PS4,Shooter,Publisher_32,E10+,2020,79.6,0.19
1445,PC,Sports,Publisher_24,M,2020,50.2,0.15
1446,Xbox Series X,Adventure,Publisher_37,E,2016,,0.19
1447,PC,Puzzle,Publisher_20,M,2019,70.4,0.06
1448,Switch,Shooter,Publisher_18,T,2024,67.0,0.39
1449,Xbox Series X,RPG,Publisher_34,T,2015,70.0,0.36
1450,PS4,RPG,Publisher_4,E10+,2022,56.4,0.52
1451,Switch,Shooter,Publisher_15,M,2016,54.0,0.87
1452,PS4,RPG,Publisher_32,T,2017,84.5,0.33
1453,PS4,RPG,Publisher_12,E,2023,76.6,0.17
1454,PC,RPG,Publisher_36,T,2017,47.9,0.14
1455,Xbox Series X,Action,Publisher_12,M,2020,66.2,0.49
1456,PS5,Simulation,Publisher_17,E,2018,80.8,0.42
1457,Xbox Series X,Sports,Publisher_36,T,2021,69.2,0.26
1458,Xbox Series X,Sports,Publisher_10,E,2019,84.5,0.42
1459,PC,Sports,Publisher_39,T,2019,82.5,0.33
1460,Switch,Simulation,Publisher_2,M,2023,58.4,0.26
1461,PS4,Shooter,Publisher_11,E10+,2020,70.6,0.2
1462,PS5,RPG,Publisher_24,E,2020,67.5,0.3
1463,Xbox One,Shooter,Publisher_24,E,2023,58.1,0.23
1464,PS5,Action,Publisher_37,T,2019,57.5,0.15
1465,PS4,RPG,Publisher_39,M,2023,63.9,0.6
1466,PS5,Sports,Publisher_28,E10+,2022,65.6,1.19
1467,PS5,Adventure,Publisher_27,M,2023,74.8,0.58
1468,PC,Action,Publisher_13,E10+,2019,82.4,0.28
1469,PS5,Shooter,Publisher_33,E,2020,77.1,0.29
1470,PS5,Adventure,Publisher_26,T,2016,,0.33
1471,PC,Adventure,Publisher_1,M,2016,69.3,0.12
1472,PS4,Racing,Publisher_34,E10+,2016,78.0,0.22
1473,Switch,Sports,Publisher_15,M,2021,70.5,0.71
1474,PS5,RPG,Publisher_20,T,2018,67.6,0.61
1475,PS5,Sports,Publisher_20,E10+,2017,91.0,1.07
1476,PS5,Puzzle,Publisher_33,T,2021,48.7,0.09
1477,Switch,RPG,Publisher_11,E10+,2018,53.3,0.48
1478,Xbox One,Puzzle,Publisher_16,E,2016,75.8,0.21
1479,Xbox Series X,Puzzle,Publisher_2,M,2020,69.4,0.18
1480,PS4,Simulation,Publisher_14,E10+,2020,57.6,0.11
1481,PS5,RPG,Publisher_4,T,2016,61.5,2.92
1482,Xbox One,Simulation,Publisher_24,T,2017,62.8,0.1
1483,PS4,Shooter,Publisher_36,E,2017,80.9,0.33
1484,Xbox One,Puzzle,Publisher_19,T,2021,84.1,0.16
1485,Switch,Puzzle,Publisher_37,E10+,2017,88.4,0.1
1486,PC,Adventure,Publisher_40,T,2015,56.1,0.16
1487,Xbox Series X,Shooter,Publisher_3,E10+,2017,58.3,0.26
1488,PS5,Adventure,Publisher_21,M,2019,57.6,0.35
1489,PS4,RPG,Publisher_22,E,2022,84.9,0.38
1490,PC,Shooter,Publisher_16,E,2015,76.2,0.47
1491,Xbox One,Shooter,Publisher_34,E10+,2023,72.8,0.18
1492,Xbox One,Puzzle,Publisher_16,E,2018,74.3,0.11
1493,Xbox Series X,Racing,Publisher_3,E,2018,71.4,0.08
1494,PS5,Action,Publisher_22,T,2015,60.8,0.35
1495,PC,Adventure,Publisher_9,M,2017,77.1,0.38
1496,Switch,Adventure,Publisher_15,T,2019,70.1,0.37
1497,PC,Action,Publisher_21,E10+,2021,60.0,0.13
1498,PC,Simulation,Publisher_29,M,2022,77.7,0.16
1499,PS4,Puzzle,Publisher_12,E10+,2020,67.7,0.13
1500,PS4,Action,Publisher_16,E,2016,74.3,0.49
1501,PS4,Shooter,Publisher_3,M,2018,70.8,0.68
1502,PC,Adventure,Publisher_16,T,2022,80.9,0.2
1503,Xbox One,RPG,Publisher_24,E10+,2021,74.2,0.21
1504,Xbox Series X,Simulation,Publisher_25,T,2020,63.2,0.46
1505,PC,Shooter,Publisher_12,T,2020,75.2,0.44
1506,Xbox One,Sports,Publisher_3,E,2020,75.5,0.18
1507,PC,RPG,Publisher_24,E,2024,77.1,0.33
1508,PC,Racing,Publisher_27,T,2020,82.4,0.21
1509,PS5,Puzzle,Publisher_4,E,2020,65.8,0.7
1510,Xbox Series X,Simulation,Publisher_21,T,2018,78.7,0.19
1511,Switch,Sports,Publisher_4,E10+,2019,54.8,1.4
1512,Switch,Simulation,Publisher_19,E,2022,70.8,0.25
1513,PS5,Racing,Publisher_26,T,2023,69.3,0.29
1514,PS4,Sports,Publisher_29,E10+,2022,86.5,0.27
1515,Xbox One,Simulation,Publisher_29,E10+,2021,70.4,0.18
1516,Switch,RPG,Publisher_31,E,2022,78.1,0.22
1517,PS5,Racing,Publisher_10,T,2015,54.4,0.22
1518,Xbox One,Puzzle,Publisher_34,M,2017,68.5,0.12
1519,PS4,Action,Publisher_14,T,2017,63.5,0.31
1520,PS4,Sports,Publisher_15,E,2021,96.8,0.25
1521,Xbox One,Puzzle,Publisher_32,M,2022,,0.04
1522,Xbox Series X,RPG,Publisher_14,E,2016,72.7,0.33
1523,Xbox One,Action,Publisher_3,E10+,2016,73.3,0.36
1524,PS4,Action,Publisher_29,E,2019,56.1,0.25
1525,Switch,Adventure,Publisher_27,M,2024,66.7,1.12
1526,PS5,Sports,Publisher_24,E,2015,76.0,0.31
1527,PC,Action,Publisher_6,T,2023,,0.09
1528,PS5,Racing,Publisher_26,E,2016,49.0,0.11
1529,Switch,Action,Publisher_8,E,2017,66.3,0.48
1530,Xbox Series X,Puzzle,Publisher_23,T,2021,82.2,0.21
1531,Xbox Series X,Racing,Publisher_21,M,2022,77.9,0.46
1532,PS5,Puzzle,Publisher_31,E,2023,84.2,0.09
1533,Switch,Shooter,Publisher_40,E,2015,62.1,0.42
1534,PS5,Adventure,Publisher_8,E10+,2015,84.8,0.26
1535,Xbox One,Puzzle,Publisher_5,M,2019,71.6,0.17
1536,Switch,Shooter,Publisher_23,E,2020,87.9,0.7
1537,PC,Action,Publisher_39,E,2017,72.0,0.39
1538,Switch,RPG,Publisher_7,E10+,2021,51.5,0.33
1539,PS4,Sports,Publisher_20,E10+,2017,80.5,0.53
1540,Switch,Action,Publisher_17,E,2024,67.6,1.2
1541,Switch,RPG,Publisher_13,T,2016,68.2,1.01
1542,PS4,Sports,Publisher_27,T,2021,57.5,0.24
1543,PS5,Action,Publisher_12,E,2020,88.2,0.22
1544,PC,RPG,Publisher_20,T,2016,66.8,0.47
1545,PS5,Racing,Publisher_34,E,2021,87.8,0.19
1546,Xbox One,Sports,Publisher_16,T,2016,67.7,0.3
1547,PS4,RPG,Publisher_1,E10+,2020,62.7,0.18
1548,PS5,Action,Publisher_36,E,2021,,0.32
1549,Switch,Action,Publisher_11,E,2015,71.3,0.23
1550,PS5,Sports,Publisher_31,M,2017,71.4,0.31
1551,Switch,Shooter,Publisher_31,T,2017,59.2,0.54
1552,Switch,Puzzle,Publisher_22,T,2024,67.4,0.14
1553,PS5,Adventure,Publisher_4,E,2017,76.3,0.99
1554,PS4,Puzzle,Publisher_39,E,2024,59.0,0.17
1555,Switch,Racing,Publisher_28,E,2020,66.6,1.16
1556,Xbox One,Simulation,Publisher_17,E10+,2024,67.8,0.24
1557,PS5,RPG,Publisher_35,E10+,2023,72.7,0.51
1558,PC,Adventure,Publisher_32,M,2017,86.8,0.17
1559,PS4,Simulation,Publisher_31,M,2020,69.0,0.2
1560,PS5,Racing,Publisher_7,E10+,2022,65.1,0.2
1561,PC,Adventure,Publisher_26,E10+,2015,99.0,0.2
1562,PS5,Sports,Publisher_12,E10+,2021,67.7,0.23
1563,Xbox One,Simulation,Publisher_4,T,2019,70.1,0.48
1564,PC,Racing,Publisher_14,T,2015,68.4,0.22
1565,Xbox One,Sports,Publisher_5,T,2023,69.2,0.38
1566,Xbox One,Action,Publisher_5,E,2017,72.8,0.39
1567,Xbox Series X,Puzzle,Publisher_30,E10+,2023,81.2,0.11
1568,PS5,Shooter,Publisher_21,M,2017,76.0,0.94
1569,Xbox One,RPG,Publisher_16,E10+,2020,82.8,0.46
1570,PC,Shooter,Publisher_8,E,2018,82.4,0.43
1571,PS5,Simulation,Publisher_31,E,2023,74.1,0.2
1572,PC,Shooter,Publisher_26,E,2024,75.8,0.15
1573,Xbox Series X,Action,Publisher_24,M,2022,83.1,0.35
1574,Xbox One,RPG,Publisher_8,E,2023,60.9,0.16
1575,PS5,Sports,Publisher_5,T,2022,97.0,0.42
1576,Xbox One,Puzzle,Publisher_5,E10+,2017,66.9,0.12
1577,PS4,Adventure,Publisher_2,E,2024,68.5,0.13
1578,PS4,Adventure,Publisher_39,M,2020,59.9,0.52
1579,Switch,Puzzle,Publisher_15,T,2018,60.2,0.39
1580,PS5,Adventure,Publisher_27,M,2016,81.7,0.57
1581,Xbox Series X,Shooter,Publisher_40,M,2022,94.7,0.26
1582,Xbox One,Puzzle,Publisher_38,M,2017,66.3,0.06
1583,PS5,Action,Publisher_13,T,2021,75.5,0.78
1584,PS4,Racing,Publisher_20,T,2015,74.2,0.39
1585,Xbox Series X,Racing,Publisher_19,T,2021,82.0,0.86
1586,Xbox One,Action,Publisher_2,E10+,2021,94.2,0.34
1587,PC,Racing,Publisher_31,E,2020,87.2,0.17
1588,PC,Puzzle,Publisher_23,E10+,2021,69.6,0.09
1589,PS4,RPG,Publisher_15,E10+,2024,77.3,0.56
1590,PS5,Racing,Publisher_23,E,2023,78.3,0.3
1591,PS5,RPG,Publisher_30,M,2019,71.8,0.59
1592,Xbox One,RPG,Publisher_1,M,2023,61.0,0.19
1593,PS5,Sports,Publisher_26,E10+,2024,64.0,0.18
1594,PS4,RPG,Publisher_35,E10+,2016,83.5,0.98
1595,PC,Adventure,Publisher_30,M,2018,84.5,0.24
1596,PC,Simulation,Publisher_25,E10+,2022,69.9,0.25
1597,PC,Puzzle,Publisher_4,T,2020,74.6,0.39
1598,PS4,Racing,Publisher_30,T,2016,84.0,0.11
1599,Xbox One,Racing,Publisher_31,E10+,2019,55.0,0.08
1600,Xbox One,Shooter,Publisher_20,M,2018,67.5,0.51
1601,PS4,Shooter,Publisher_24,E,2022,92.2,0.29
1602,Xbox One,Racing,Publisher_25,E,2020,75.0,0.35
1603,Xbox One,Adventure,Publisher_5,T,2016,60.7,0.27
1604,Xbox Series X,Shooter,Publisher_11,T,2015,73.2,0.32
1605,Switch,Racing,Publisher_32,M,2017,82.2,0.32
1606,Switch,Shooter,Publisher_39,T,2016,46.5,1.12
1607,Xbox One,RPG,Publisher_11,E,2023,73.8,0.14
1608,Switch,RPG,Publisher_17,M,2017,68.3,1.24
1609,Switch,Action,Publisher_37,E10+,2021,55.6,0.28
1610,Xbox One,Shooter,Publisher_7,E,2016,72.8,0.14
1611,PS4,Puzzle,Publisher_11,T,2019,70.6,0.12
1612,Switch,Puzzle,Publisher_3,E,2024,71.8,0.23
1613,Switch,Simulation,Publisher_10,E10+,2021,68.5,0.29
1614,PC,Action,Publisher_26,E10+,2017,61.8,0.18
1615,PS5,Adventure,Publisher_14,E,2022,57.5,0.16
1616,Xbox Series X,Adventure,Publisher_40,M,2020,65.1,0.21
1617,PC,Shooter,Publisher_36,T,2017,80.6,0.32
1618,Xbox One,RPG,Publisher_36,M,2024,74.3,0.1
1619,PC,RPG,Publisher_30,E10+,2024,71.3,0.14
1620,PS5,Puzzle,Publisher_29,T,2020,61.6,0.25
1621,PS5,Adventure,Publisher_21,M,2015,68.3,0.19
1622,Switch,Puzzle,Publisher_40,E,2019,79.4,0.16
1623,Xbox Series X,Racing,Publisher_4,M,2020,77.0,1.1
1624,Xbox One,Puzzle,Publisher_29,E,2024,67.2,0.06
1625,Xbox Series X,Action,Publisher_6,M,2022,45.9,0.32
1626,Xbox Series X,Racing,Publisher_14,T,2017,65.3,0.17
1627,PC,Action,Publisher_11,T,2020,67.2,0.2
1628,PS5,Simulation,Publisher_25,E,2016,62.9,0.71
1629,Switch,Simulation,Publisher_32,T,2019,67.9,0.24
1630,PC,Racing,Publisher_4,T,2020,80.2,0.48
1631,Xbox One,RPG,Publisher_25,M,2020,71.6,0.85
1632,Xbox Series X,Puzzle,Publisher_9,M,2019,81.9,0.19
1633,PS5,Puzzle,Publisher_4,E10+,2019,56.9,0.39
1634,Switch,Puzzle,Publisher_17,E10+,2022,68.9,0.29
1635,Xbox Series X,Racing,Publisher_24,E10+,2020,52.6,0.26
1636,PS5,Sports,Publisher_9,E10+,2015,67.7,0.81
1637,Xbox Series X,Action,Publisher_16,E,2022,61.5,0.69
1638,PC,RPG,Publisher_39,E,2021,84.8,0.81
1639,PS4,Racing,Publisher_14,M,2021,76.1,0.2
1640,PS4,Shooter,Publisher_40,E10+,2022,82.1,0.26
1641,Switch,Racing,Publisher_34,E10+,2016,67.7,0.23
1642,PS4,RPG,Publisher_15,T,2024,61.8,0.2
1643,PC,Simulation,Publisher_24,T,2024,61.5,0.05
1644,PC,RPG,Publisher_29,E10+,2016,74.7,0.33
1645,PC,Adventure,Publisher_19,M,2017,90.1,0.19
1646,PC,Shooter,Publisher_17,E,2017,76.1,0.39
1647,PS4,Shooter,Publisher_14,E10+,2024,68.3,0.28
1648,PS4,Racing,Publisher_6,E,2024,70.1,0.14
1649,Xbox Series X,RPG,Publisher_1,T,2017,71.7,0.42
1650,Xbox Series X,Sports,Publisher_14,E,2021,92.3,0.3
1651,PC,Shooter,Publisher_32,M,2017,84.3,0.2
1652,Switch,Adventure,Publisher_10,T,2015,74.6,0.39
1653,Xbox One,Sports,Publisher_8,E,2017,73.1,0.21
1654,PC,Shooter,Publisher_14,T,2015,75.0,0.13
1655,Xbox One,Puzzle,Publisher_24,E10+,2023,76.9,0.08
1656,Xbox Series X,Puzzle,Publisher_9,T,2022,67.9,0.18
1657,Xbox Series X,Shooter,Publisher_9,E,2016,63.6,0.52
1658,Xbox One,Action,Publisher_5,T,2020,82.3,0.96
1659,PS5,Action,Publisher_14,E,2017,72.2,0.38
1660,Switch,Shooter,Publisher_9,E,2020,81.5,0.91
1661,Xbox One,Adventure,Publisher_34,T,2023,88.5,0.16
1662,Switch,Action,Publisher_37,T,2023,77.2,0.61
1663,Xbox One,Simulation,Publisher_15,E10+,2023,75.6,0.13
1664,Switch,Puzzle,Publisher_4,E,2017,99.0,0.47
1665,PC,Action,Publisher_4,E10+,2016,74.1,0.8
1666,Xbox One,RPG,Publisher_13,M,2016,61.1,0.21
1667,Xbox Series X,Sports,Publisher_19,T,2016,69.2,0.78
1668,PS5,Simulation,Publisher_22,E,2021,87.5,0.12
1669,Switch,Racing,Publisher_13,M,2021,59.1,0.47
1670,PC,RPG,Publisher_15,E10+,2023,64.5,0.13
1671,Switch,RPG,Publisher_12,T,2015,83.1,0.3
1672,PC,Racing,Publisher_21,E,2017,69.3,0.17
1673,PC,Action,Publisher_28,E10+,2022,70.9,0.86
1674,Switch,RPG,Publisher_2,M,2021,82.7,0.74
1675,Xbox One,Sports,Publisher_20,E10+,2019,64.8,0.19
1676,PS5,Racing,Publisher_26,E,2016,57.3,0.15
1677,PS5,Puzzle,Publisher_27,E,2019,58.1,0.22
1678,PS4,Shooter,Publisher_23,M,2016,77.8,0.79
1679,Xbox Series X,Sports,Publisher_22,M,2020,74.6,0.25
1680,Switch,RPG,Publisher_28,E,2024,65.1,0.93
1681,Xbox Series X,Adventure,Publisher_16,M,2016,60.4,0.29
1682,PS5,Sports,Publisher_23,M,2016,69.3,1.09
1683,PS4,Sports,Publisher_13,E10+,2022,83.2,0.35
1684,PC,Action,Publisher_18,T,2015,63.6,0.17
1685,PC,Adventure,Publisher_5,E10+,2024,65.4,0.23
1686,Xbox Series X,Action,Publisher_15,E,2022,60.1,0.62
1687,Switch,Racing,Publisher_6,T,2019,68.3,0.2
1688,Switch,Simulation,Publisher_10,E,2018,75.4,0.3
1689,PC,Puzzle,Publisher_17,E10+,2018,93.2,0.13
1690,PC,Shooter,Publisher_21,E10+,2018,74.2,0.3
1691,Xbox One,Sports,Publisher_38,E,2023,71.5,0.09
1692,Xbox Series X,Action,Publisher_2,M,2022,80.6,0.4
1693,Xbox One,Sports,Publisher_36,T,2017,79.0,0.33
1694,PS4,Simulation,Publisher_14,M,2016,66.2,0.19
1695,Xbox Series X,Sports,Publisher_29,T,2020,95.0,0.62
1696,Xbox One,Action,Publisher_28,E,2021,71.8,0.46
1697,Xbox One,Adventure,Publisher_39,E10+,2022,74.4,0.27
1698,Xbox One,Shooter,Publisher_5,E10+,2018,77.5,0.83
1699,Xbox Series X,RPG,Publisher_39,M,2019,75.5,1.15
1700,Xbox Series X,Puzzle,Publisher_3,E,2016,87.3,0.16
1701,PS5,Racing,Publisher_36,T,2019,66.1,0.26
1702,Xbox One,Simulation,Publisher_27,E,2021,79.8,0.17
1703,Xbox One,Shooter,Publisher_20,M,2018,73.6,0.74
1704,PC,Puzzle,Publisher_16,T,2018,81.8,0.14
1705,Xbox One,Simulation,Publisher_4,E10+,2019,69.9,0.34
1706,Xbox Series X,Shooter,Publisher_33,E10+,2023,68.5,0.21
1707,PS5,RPG,Publisher_30,E10+,2021,79.3,0.52
1708,PS4,Simulation,Publisher_38,E,2024,,0.15
1709,Xbox Series X,Sports,Publisher_30,T,2015,63.8,0.21
1710,Xbox Series X,Action,Publisher_39,M,2023,85.5,1.73
1711,Xbox Series X,Racing,Publisher_36,E,2015,79.3,0.23
1712,Xbox Series X,Simulation,Publisher_18,T,2018,71.3,0.18
1713,Switch,Action,Publisher_29,T,2019,67.3,0.9
1714,PS5,Adventure,Publisher_11,M,2017,75.6,0.37
1715,PS4,Adventure,Publisher_32,M,2024,,0.23
1716,PS5,Simulation,Publisher_25,E,2023,56.1,0.5
1717,PS4,Shooter,Publisher_18,E,2020,75.8,0.58
1718,Switch,RPG,Publisher_26,M,2019,78.5,0.37
1719,PS5,Racing,Publisher_12,E,2022,48.5,0.25
1720,Xbox Series X,Sports,Publisher_25,T,2022,74.0,0.94
1721,PS5,Adventure,Publisher_19,M,2019,78.9,0.71
1722,PC,Puzzle,Publisher_13,T,2023,77.8,0.17
1723,Switch,Shooter,Publisher_40,E,2016,80.0,0.42
1724,PS4,Racing,Publisher_3,E,2017,68.7,0.2
1725,PS4,Puzzle,Publisher_31,T,2015,61.6,0.09
1726,PS5,Racing,Publisher_9,M,2016,54.0,0.44
1727,Xbox Series X,Adventure,Publisher_9,E10+,2016,82.9,0.71
1728,Switch,Simulation,Publisher_7,T,2021,79.0,0.29
1729,Xbox One,Simulation,Publisher_5,M,2023,83.7,0.25
1730,PC,Racing,Publisher_5,M,2020,64.7,0.42
1731,Xbox Series X,Puzzle,Publisher_34,T,2019,80.0,0.09
1732,PS4,RPG,Publisher_38,T,2017,57.0,0.22
1733,Xbox Series X,Action,Publisher_24,M,2016,63.3,0.31
1734,PS4,Shooter,Publisher_1,M,2020,73.3,0.47
1735,PC,Adventure,Publisher_35,E10+,2016,,0.3
1736,PS4,Sports,Publisher_25,T,2022,88.8,1.16
1737,Xbox Series X,Racing,Publisher_21,E10+,2019,69.6,0.26
1738,Xbox One,Sports,Publisher_38,M,2018,63.3,0.17
1739,PS5,Shooter,Publisher_17,E,2015,62.8,2.08
1740,Xbox Series X,Sports,Publisher_15,E,2017,65.1,0.28
1741,Xbox Series X,Puzzle,Publisher_32,E10+,2015,94.2,0.08
1742,PS4,Adventure,Publisher_22,E,2022,79.6,0.22
1743,PS5,Adventure,Publisher_29,T,2019,83.1,0.21
1744,PS5,Puzzle,Publisher_28,T,2022,69.6,0.75
1745,PS5,Sports,Publisher_34,M,2020,72.0,0.4
1746,Xbox Series X,Racing,Publisher_13,T,2024,,0.25
1747,PS5,Action,Publisher_3,T,2022,66.9,0.27
1748,PC,RPG,Publisher_20,T,2016,69.1,0.19
1749,PS4,Racing,Publisher_26,E,2016,65.3,0.18
1750,Xbox One,Puzzle,Publisher_33,T,2023,67.5,0.04
1751,Switch,Action,Publisher_11,E,2017,72.5,0.46
1752,Xbox Series X,Adventure,Publisher_30,T,2022,63.8,0.18
1753,PC,Shooter,Publisher_34,M,2021,74.9,0.21
1754,PS5,Simulation,Publisher_33,M,2022,74.8,0.28
1755,PS4,Racing,Publisher_33,T,2017,70.2,0.23
1756,PS4,Racing,Publisher_40,E10+,2018,63.7,0.24
1757,PS5,Puzzle,Publisher_27,M,2020,73.0,0.22
1758,PS4,Adventure,Publisher_15,M,2015,67.0,0.29
1759,PS4,Sports,Publisher_18,E10+,2018,72.5,0.18
1760,Switch,Racing,Publisher_30,E,2020,83.0,0.3
1761,PS4,Action,Publisher_10,T,2017,59.5,0.19
1762,PC,Shooter,Publisher_25,T,2017,93.7,0.71
1763,Switch,Adventure,Publisher_23,M,2024,71.3,0.43
1764,PC,Adventure,Publisher_27,M,2017,76.1,0.28
1765,PS5,RPG,Publisher_17,E,2024,64.5,0.91
1766,PC,Shooter,Publisher_30,E10+,2024,,0.26
1767,Xbox One,Racing,Publisher_3,M,2021,70.7,0.16
1768,PC,Shooter,Publisher_30,E10+,2016,68.1,0.16
1769,Xbox Series X,Sports,Publisher_33,E10+,2017,66.2,0.27
1770,PC,RPG,Publisher_36,E10+,2024,69.3,0.11
1771,Xbox One,Shooter,Publisher_37,E10+,2015,76.2,0.29
1772,PS5,Racing,Publisher_14,T,2020,73.7,0.24
1773,Xbox Series X,Simulation,Publisher_2,E10+,2020,71.6,0.17
1774,PS5,Racing,Publisher_27,E10+,2023,64.9,0.47
1775,PC,Shooter,Publisher_4,E10+,2023,64.3,1.16
1776,PS4,Puzzle,Publisher_12,E,2017,67.4,0.09
1777,PS4,Adventure,Publisher_29,M,2020,76.6,0.34
1778,Xbox One,Shooter,Publisher_24,M,2021,78.6,0.23
1779,Xbox Series X,Shooter,Publisher_25,E10+,2024,80.0,1.73
1780,PS5,Sports,Publisher_31,E,2020,72.0,0.27
1781,Switch,Adventure,Publisher_7,T,2016,75.8,0.16
1782,PC,Adventure,Publisher_32,T,2024,70.3,0.11
1783,Switch,Sports,Publisher_24,T,2020,54.6,0.33
1784,Xbox One,RPG,Publisher_17,T,2016,69.8,0.43
1785,Xbox Series X,RPG,Publisher_19,T,2016,68.2,0.58
1786,Xbox One,Simulation,Publisher_21,E,2017,61.6,0.09
1787,Xbox One,Action,Publisher_23,E,2022,66.3,0.3
1788,PS5,Sports,Publisher_14,E,2024,73.4,0.47
1789,PS5,RPG,Publisher_9,E,2019,60.7,0.4
1790,PS4,Racing,Publisher_7,M,2015,64.9,0.41
1791,Xbox Series X,Sports,Publisher_14,T,2023,87.5,0.31
1792,PS5,Racing,Publisher_11,T,2021,56.0,0.28
1793,PS5,Puzzle,Publisher_21,T,2020,70.2,0.14
1794,PC,Adventure,Publisher_37,E,2015,60.3,0.05
1795,Xbox Series X,Action,Publisher_5,E,2024,64.5,0.42
1796,Xbox One,Sports,Publisher_13,M,2015,70.0,0.29
1797,Xbox One,Action,Publisher_2,E10+,2021,62.1,0.27
1798,Switch,Simulation,Publisher_39,T,2020,77.7,0.37
1799,Switch,Puzzle,Publisher_29,M,2020,85.5,0.22
1800,PS4,Racing,Publisher_10,E,2020,80.4,0.19
1801,PC,Adventure,Publisher_17,M,2018,82.2,0.5
1802,Xbox Series X,Racing,Publisher_29,T,2020,58.2,0.37
1803,PC,Sports,Publisher_39,E10+,2018,69.6,0.27
1804,Xbox Series X,Racing,Publisher_23,E10+,2019,76.7,0.21
1805,PS5,Puzzle,Publisher_11,E,2021,80.7,0.16
1806,Switch,Action,Publisher_28,E,2022,89.5,2.5
1807,PS5,Racing,Publisher_28,E,2016,82.7,0.79
1808,Switch,Shooter,Publisher_26,M,2024,81.0,0.4
1809,PS5,Action,Publisher_2,E,2015,98.3,0.38
1810,PS4,RPG,Publisher_29,E10+,2017,73.0,0.45
1811,Xbox One,Shooter,Publisher_1,E,2018,69.1,0.2
1812,PC,RPG,Publisher_37,E10+,2018,73.8,0.27
1813,Xbox Series X,RPG,Publisher_36,E,2018,62.8,0.36
1814,PS5,Puzzle,Publisher_23,E10+,2018,72.7,0.22
1815,PS4,Shooter,Publisher_26,T,2019,54.7,0.13
1816,PC,Shooter,Publisher_3,M,2022,66.7,0.18
1817,Switch,Adventure,Publisher_35,E10+,2023,70.8,0.63
1818,PS5,Action,Publisher_11,T,2018,81.5,0.33
1819,Xbox Series X,RPG,Publisher_11,T,2017,83.1,0.36
1820,PS4,Action,Publisher_29,M,2021,62.4,0.51
1821,PS4,Simulation,Publisher_38,M,2015,92.8,0.1
1822,PC,Sports,Publisher_20,E,2019,73.5,0.37
1823,Xbox One,Adventure,Publisher_21,T,2017,74.4,0.14
1824,PS4,Sports,Publisher_22,M,2021,55.8,0.26
1825,Xbox One,RPG,Publisher_12,E10+,2015,65.8,0.23
1826,Xbox Series X,Racing,Publisher_24,T,2023,82.5,0.19
1827,PS5,Adventure,Publisher_39,E10+,2017,73.7,0.99
1828,Xbox Series X,Sports,Publisher_16,E10+,2020,73.1,0.5
1829,PS4,Sports,Publisher_31,E,2020,74.3,0.36
1830,PS4,Simulation,Publisher_31,E,2019,57.6,0.08
1831,PC,RPG,Publisher_35,T,2019,71.0,0.84
1832,Switch,Sports,Publisher_29,M,2017,86.1,0.54
1833,PS5,Puzzle,Publisher_37,T,2022,82.9,0.35
1834,PC,Action,Publisher_29,E,2020,70.7,0.19
1835,Xbox One,Adventure,Publisher_40,E,2017,87.6,0.2
1836,PC,Simulation,Publisher_29,T,2017,59.4,0.12
1837,Switch,Adventure,Publisher_34,E,2019,62.3,0.29
1838,Xbox Series X,RPG,Publisher_36,T,2023,90.6,0.35
1839,Xbox One,Action,Publisher_40,M,2024,77.8,0.18
1840,Xbox One,Shooter,Publisher_24,E,2018,69.1,0.08
1841,Switch,RPG,Publisher_29,T,2018,71.4,1.51
1842,PS4,Simulation,Publisher_39,M,2016,63.9,0.4
1843,PS4,Puzzle,Publisher_16,E10+,2020,,0.06
1844,PS4,Simulation,Publisher_5,M,2017,74.0,0.39
1845,PS4,Adventure,Publisher_36,M,2023,72.2,0.25
1846,PS5,Puzzle,Publisher_26,E10+,2020,60.4,0.09
1847,PS5,Action,Publisher_18,E10+,2017,74.6,0.3
1848,PC,Action,Publisher_29,T,2024,66.7,0.28
1849,PS5,Action,Publisher_2,T,2023,62.1,0.56
1850,PC,Racing,Publisher_20,E10+,2018,84.7,0.27
1851,PS5,Sports,Publisher_11,E,2016,93.7,0.59
1852,Switch,Simulation,Publisher_12,T,2017,91.4,0.37
1853,PS4,Sports,Publisher_39,E,2018,78.5,0.53
1854,Xbox One,Simulation,Publisher_23,E,2019,69.3,0.09
1855,PS4,Puzzle,Publisher_6,E,2023,71.3,0.08
1856,Xbox Series X,Action,Publisher_15,E10+,2024,76.1,0.61
1857,Xbox Series X,Action,Publisher_10,E,2022,67.8,0.3
1858,Xbox One,Shooter,Publisher_37,E10+,2023,85.2,0.32
1859,Xbox Series X,RPG,Publisher_12,E,2016,51.6,0.31
1860,Xbox One,RPG,Publisher_15,E10+,2016,69.0,0.34
1861,Switch,Racing,Publisher_14,M,2024,,0.32
1862,Xbox Series X,Sports,Publisher_8,E10+,2021,63.5,0.3
1863,Xbox Series X,Sports,Publisher_32,T,2017,69.6,0.6
1864,PS5,Puzzle,Publisher_24,E,2022,77.9,0.07
1865,Xbox Series X,Simulation,Publisher_18,E,2016,87.2,0.2
1866,PS5,RPG,Publisher_16,M,2022,59.1,1.4
1867,PS4,Simulation,Publisher_27,T,2023,58.3,0.15
1868,PC,RPG,Publisher_4,E,2019,62.5,0.71
1869,PS5,RPG,Publisher_38,T,2021,56.6,0.48
1870,Xbox Series X,Action,Publisher_23,E,2022,57.3,0.26
1871,PC,Shooter,Publisher_10,E,2023,62.3,0.22
1872,PC,Shooter,Publisher_22,E10+,2020,84.3,0.2
1873,PS5,Puzzle,Publisher_35,T,2017,68.9,0.38
1874,PS5,Sports,Publisher_7,T,2017,72.3,0.3
1875,Xbox Series X,Sports,Publisher_21,M,2018,62.4,0.47
1876,Xbox One,Shooter,Publisher_24,E,2015,78.3,0.22
1877,PC,Action,Publisher_33,E,2021,90.8,0.16
1878,PS4,Sports,Publisher_23,T,2018,63.1,0.3
1879,PS5,Puzzle,Publisher_30,M,2022,89.2,0.16
1880,PS4,Simulation,Publisher_31,T,2015,75.6,0.1
1881,PC,Racing,Publisher_36,T,2018,72.2,0.1
1882,PS5,Sports,Publisher_15,E,2018,76.0,0.49
1883,Xbox Series X,Simulation,Publisher_29,M,2015,75.9,0.37
1884,PS5,Racing,Publisher_10,M,2023,90.6,0.54
1885,PS5,Puzzle,Publisher_34,T,2020,77.2,0.15
1886,PC,Sports,Publisher_39,E10+,2023,77.4,0.34
1887,PS5,Racing,Publisher_12,T,2023,67.8,0.18
1888,PS4,Action,Publisher_23,T,2015,80.4,0.53
1889,PC,Puzzle,Publisher_33,M,2023,62.4,0.06
1890,Xbox One,Sports,Publisher_2,E,2015,73.1,0.16
1891,PS5,Simulation,Publisher_29,T,2023,99.0,0.43
1892,Xbox Series X,Action,Publisher_33,T,2021,47.0,0.32
1893,PC,Puzzle,Publisher_35,E10+,2023,74.3,0.2
1894,Xbox Series X,Sports,Publisher_8,M,2019,74.7,0.31
1895,Xbox One,Puzzle,Publisher_31,E,2016,69.7,0.05
1896,Xbox One,Shooter,Publisher_32,E,2016,70.0,0.17
1897,Xbox One,Simulation,Publisher_1,M,2016,72.9,0.17
1898,PS4,Puzzle,Publisher_29,E,2023,69.5,0.11
1899,PC,RPG,Publisher_26,E10+,2020,74.2,0.1
1900,PC,Action,Publisher_39,E10+,2017,67.1,0.67
1901,PS5,Racing,Publisher_2,T,2016,92.2,0.22
1902,Switch,Shooter,Publisher_39,E,2015,69.5,1.15
1903,Switch,Action,Publisher_23,E10+,2017,77.7,0.83
1904,Switch,Racing,Publisher_11,M,2022,65.3,0.31
1905,Xbox Series X,Sports,Publisher_16,E10+,2023,81.3,0.24
1906,Xbox Series X,Sports,Publisher_31,T,2021,79.3,0.34
1907,PC,Action,Publisher_40,M,2024,76.2,0.35
1908,PS5,RPG,Publisher_13,T,2018,61.7,0.77
1909,Switch,Sports,Publisher_40,M,2018,64.5,0.18
1910,PC,Action,Publisher_26,M,2021,88.9,0.51
1911,Switch,Shooter,Publisher_8,T,2016,64.4,0.29
1912,Xbox Series X,Sports,Publisher_24,M,2024,78.4,0.23
1913,Xbox One,Sports,Publisher_33,T,2022,62.6,0.22
1914,PS5,Shooter,Publisher_3,M,2015,82.1,0.66
1915,PC,Action,Publisher_4,T,2016,65.1,0.64
1916,Xbox Series X,Simulation,Publisher_1,E10+,2021,62.4,0.12
1917,PS5,Shooter,Publisher_23,T,2022,64.9,1.1
1918,Switch,Simulation,Publisher_3,E10+,2017,,0.19
1919,Xbox One,Simulation,Publisher_38,E10+,2022,76.0,0.06
1920,Xbox One,Simulation,Publisher_6,E10+,2019,72.7,0.16
1921,PS5,Racing,Publisher_3,E10+,2021,,0.25
1922,Switch,Shooter,Publisher_11,E10+,2019,71.7,0.68
1923,Xbox One,Puzzle,Publisher_31,T,2019,60.6,0.08
1924,Switch,Action,Publisher_37,E10+,2018,78.4,0.99
1925,Switch,Adventure,Publisher_11,E10+,2016,80.3,0.24
1926,PS4,RPG,Publisher_21,E,2016,71.8,0.23
1927,PS4,Action,Publisher_31,E10+,2016,74.7,0.35
1928,PC,Sports,Publisher_32,E10+,2023,89.5,0.15
1929,Xbox One,Sports,Publisher_7,M,2019,70.4,0.27
1930,Xbox Series X,Action,Publisher_34,E10+,2018,62.6,0.11
1931,PS4,Puzzle,Publisher_35,E,2023,77.8,0.26
1932,Xbox One,Action,Publisher_30,E10+,2023,60.7,0.18
1933,Switch,Adventure,Publisher_22,T,2017,69.9,0.25
1934,PS5,Shooter,Publisher_16,E,2018,66.0,0.55
1935,Xbox One,Puzzle,Publisher_36,E,2019,65.0,0.08
1936,PC,RPG,Publisher_35,E10+,2023,69.5,0.4
1937,PS4,Sports,Publisher_21,E10+,2021,81.0,0.25
1938,PS4,Sports,Publisher_30,E10+,2020,83.1,0.24
1939,PC,Puzzle,Publisher_16,E,2017,81.3,0.14
1940,PS5,Puzzle,Publisher_30,T,2018,75.4,0.23
1941,Xbox Series X,RPG,Publisher_4,E,2015,69.4,1.05
1942,Xbox Series X,RPG,Publisher_37,T,2022,48.4,0.34
1943,Switch,Simulation,Publisher_21,T,2024,75.7,0.23
1944,PS5,Adventure,Publisher_24,E,2022,49.2,0.15
1945,Xbox Series X,Shooter,Publisher_8,E10+,2018,52.8,0.29
1946,PS5,Sports,Publisher_22,E,2019,70.4,0.27
1947,Switch,RPG,Publisher_1,T,2024,74.6,0.49
1948,Xbox One,Racing,Publisher_36,E10+,2019,67.5,0.14
1949,Xbox Series X,Racing,Publisher_30,E10+,2023,87.4,0.18
1950,Xbox Series X,Sports,Publisher_19,E,2020,76.6,0.49
1951,PS5,Action,Publisher_34,E10+,2019,69.5,0.22
1952,PC,Shooter,Publisher_33,E10+,2020,85.9,0.21
1953,Xbox One,Adventure,Publisher_5,E,2017,87.7,0.29
1954,PS4,Sports,Publisher_3,M,2019,77.1,0.52
1955,Xbox Series X,Shooter,Publisher_11,E10+,2018,64.2,0.54
1956,Switch,Sports,Publisher_1,E,2022,66.5,0.21
1957,Switch,Sports,Publisher_23,T,2021,57.5,0.55
1958,Xbox Series X,Racing,Publisher_22,E10+,2018,71.6,0.23
1959,PS4,RPG,Publisher_22,E10+,2023,61.5,0.2
1960,Xbox One,RPG,Publisher_3,T,2019,68.7,0.18
1961,Xbox One,Simulation,Publisher_37,E,2024,74.6,0.09
1962,Xbox One,Sports,Publisher_40,T,2021,52.2,0.29
1963,PS5,Sports,Publisher_24,E,2023,59.4,0.23
1964,Xbox Series X,Simulation,Publisher_1,E,2024,66.9,0.16
1965,Xbox One,Racing,Publisher_16,E,2018,71.5,0.1
1966,PC,Action,Publisher_29,E,2017,67.1,0.34
1967,Xbox One,Shooter,Publisher_30,E10+,2023,69.3,0.34
1968,Xbox Series X,Racing,Publisher_10,M,2017,64.9,0.17
1969,Xbox One,RPG,Publisher_33,M,2022,57.5,0.17
1970,PS4,Racing,Publisher_39,E,2016,66.7,0.49
1971,PS5,Puzzle,Publisher_21,M,2023,69.9,0.15
1972,Switch,RPG,Publisher_16,T,2021,68.9,0.89
1973,PC,Adventure,Publisher_22,T,2020,73.1,0.11
1974,PC,Shooter,Publisher_2,M,2019,76.2,0.47
1975,Xbox One,Simulation,Publisher_21,E10+,2021,78.8,0.09
1976,PS5,Action,Publisher_2,E10+,2018,65.7,0.92
1977,PC,RPG,Publisher_2,T,2018,56.2,0.23
1978,Xbox Series X,Puzzle,Publisher_23,T,2017,84.7,0.27
1979,PS4,Simulation,Publisher_21,T,2016,75.9,0.1
1980,PC,Sports,Publisher_40,E,2023,62.5,0.18
1981,Switch,Simulation,Publisher_21,M,2022,74.8,0.31
1982,Switch,Sports,Publisher_40,E10+,2019,82.7,0.18
1983,PS4,Shooter,Publisher_33,M,2023,89.3,0.25
1984,PC,RPG,Publisher_14,E10+,2021,74.5,0.19
1985,Xbox Series X,Shooter,Publisher_38,E,2020,82.6,0.36
1986,Xbox One,Simulation,Publisher_20,M,2016,59.9,0.19
1987,Switch,Puzzle,Publisher_24,T,2020,71.6,0.21
1988,Xbox One,Adventure,Publisher_5,E,2016,68.6,0.19
1989,PS4,RPG,Publisher_9,E,2021,75.4,0.42
1990,PS4,Simulation,Publisher_21,E,2015,88.1,0.11
1991,Xbox Series X,Shooter,Publisher_11,E,2020,74.5,0.42
1992,PC,Puzzle,Publisher_24,M,2018,62.6,0.04
1993,Switch,Puzzle,Publisher_4,E,2016,59.4,0.35
1994,Xbox Series X,Puzzle,Publisher_11,E,2019,88.5,0.06
1995,Switch,Racing,Publisher_27,M,2017,77.1,0.56
1996,Switch,Shooter,Publisher_25,M,2017,76.5,2.52
1997,Xbox Series X,Puzzle,Publisher_40,E,2023,68.6,0.13
1998,Xbox Series X,Simulation,Publisher_36,T,2018,74.7,0.13
1999,PC,Shooter,Publisher_33,T,2019,62.1,0.23
2000,Xbox One,Racing,Publisher_1,T,2015,75.9,0.14
2001,PS5,Sports,Publisher_25,E10+,2018,60.3,1.56
2002,Switch,RPG,Publisher_10,M,2018,68.4,0.42
2003,Xbox One,Adventure,Publisher_11,M,2022,65.6,0.05
2004,Xbox One,Puzzle,Publisher_9,T,2016,39.4,0.15
2005,Switch,Sports,Publisher_19,M,2024,68.5,0.68
2006,PC,Racing,Publisher_5,E,2016,63.0,0.2
2007,PS4,Adventure,Publisher_22,T,2021,69.9,0.19
2008,Xbox Series X,Action,Publisher_7,M,2015,72.0,0.24
2009,PS4,Action,Publisher_21,T,2023,89.7,0.33
2010,Xbox One,Shooter,Publisher_26,M,2021,75.0,0.34
2011,Xbox Series X,Puzzle,Publisher_8,E10+,2023,75.3,0.12
2012,Xbox Series X,RPG,Publisher_5,M,2024,77.0,0.65
2013,Switch,Adventure,Publisher_33,M,2023,80.7,0.47
2014,Xbox Series X,Adventure,Publisher_30,T,2021,76.5,0.15
2015,Xbox Series X,Racing,Publisher_11,T,2023,74.8,0.19
2016,Xbox Series X,Shooter,Publisher_36,T,2015,79.1,0.38
2017,PS4,Action,Publisher_9,E10+,2021,47.7,0.49
2018,PS5,Adventure,Publisher_38,T,2024,92.9,0.26
2019,Switch,Simulation,Publisher_5,M,2018,87.9,0.92
2020,PS5,Shooter,Publisher_27,E,2024,74.2,0.83
2021,PS4,Racing,Publisher_1,E,2020,57.9,0.15
2022,Switch,Adventure,Publisher_8,E10+,2019,84.1,0.31
2023,PS5,Puzzle,Publisher_17,E10+,2018,65.1,0.45
2024,Xbox One,Sports,Publisher_4,T,2016,77.3,0.73
2025,Switch,Puzzle,Publisher_19,E10+,2023,59.2,0.13
2026,Xbox One,Simulation,Publisher_10,T,2022,94.3,0.19
2027,PS4,Adventure,Publisher_4,E,2019,57.6,0.51
2028,PS5,Shooter,Publisher_39,E10+,2024,72.7,1.45
2029,PC,Racing,Publisher_40,T,2016,50.8,0.09
2030,PS4,RPG,Publisher_39,E10+,2022,71.6,0.34
2031,Switch,Puzzle,Publisher_7,T,2019,67.7,0.06
2032,PS4,Sports,Publisher_16,T,2021,83.4,0.35
2033,PS5,RPG,Publisher_14,E10+,2015,67.7,0.4
2034,Switch,RPG,Publisher_14,E10+,2021,83.4,0.65
2035,PC,RPG,Publisher_17,M,2021,61.8,0.58
2036,PC,RPG,Publisher_21,M,2024,69.2,0.13
2037,Switch,Action,Publisher_20,E,2018,69.4,0.58
2038,PS4,Puzzle,Publisher_12,T,2015,77.0,0.15
2039,PC,Shooter,Publisher_40,E10+,2015,75.7,0.13
2040,Switch,Simulation,Publisher_40,E,2016,79.2,0.43
2041,PS4,Sports,Publisher_14,T,2017,74.7,0.45
2042,PS5,Puzzle,Publisher_9,E,2023,78.6,0.56
2043,PC,Sports,Publisher_22,E10+,2016,63.0,0.15
2044,PS4,Racing,Publisher_15,T,2016,75.9,0.26
2045,Switch,Shooter,Publisher_40,M,2015,88.1,0.71
2046,PS5,Shooter,Publisher_18,E10+,2018,55.2,0.51
2047,PS4,Puzzle,Publisher_2,M,2021,76.9,0.09
2048,PS4,Adventure,Publisher_6,M,2017,78.8,0.14
2049,PS4,RPG,Publisher_3,E10+,2019,86.6,0.24
2050,Switch,Adventure,Publisher_16,E,2017,79.3,0.38
2051,PC,Sports,Publisher_13,T,2023,73.0,0.42
2052,PC,RPG,Publisher_35,E,2015,76.3,0.38
2053,Switch,RPG,Publisher_36,M,2017,64.6,0.44
2054,PS4,Simulation,Publisher_6,E10+,2020,68.1,0.18
2055,PC,Action,Publisher_38,M,2023,58.6,0.3
2056,Xbox One,Shooter,Publisher_24,T,2019,86.9,0.29
2057,Xbox One,Shooter,Publisher_13,E10+,2015,76.5,0.47
2058,Switch,Adventure,Publisher_17,M,2020,62.8,0.59
2059,Switch,Shooter,Publisher_18,M,2017,74.7,0.81
2060,PC,Simulation,Publisher_7,M,2018,83.6,0.18
2061,Xbox One,Puzzle,Publisher_35,E,2024,81.9,0.11
2062,Xbox One,Puzzle,Publisher_1,E10+,2024,62.7,0.12
2063,Switch,Adventure,Publisher_3,M,2017,40.7,0.18
2064,PS4,Sports,Publisher_11,M,2020,76.0,0.34
2065,PS4,Shooter,Publisher_6,E10+,2020,63.1,0.28
2066,Xbox One,Racing,Publisher_3,E,2024,78.2,0.13
2067,PS5,Sports,Publisher_16,E10+,2024,81.5,0.62
2068,PS4,Action,Publisher_16,T,2018,83.1,0.42
2069,Switch,Sports,Publisher_6,T,2015,89.4,0.49
2070,PC,Adventure,Publisher_33,M,2015,84.4,0.13
2071,Xbox One,Puzzle,Publisher_36,E,2015,89.5,0.05
2072,Xbox Series X,RPG,Publisher_29,E10+,2022,85.8,0.37
2073,Xbox Series X,Puzzle,Publisher_21,E10+,2022,86.7,0.08
2074,Switch,Puzzle,Publisher_38,M,2023,71.6,0.14
2075,Xbox One,Adventure,Publisher_15,E,2016,59.1,0.2
2076,PS5,Simulation,Publisher_18,E,2015,96.8,0.17
2077,Xbox One,Simulation,Publisher_1,E10+,2016,72.6,0.14
2078,Xbox Series X,Sports,Publisher_29,E,2021,84.3,0.43
2079,Switch,Adventure,Publisher_4,T,2015,66.5,0.83
2080,PC,Shooter,Publisher_27,T,2021,81.6,0.41
2081,PC,Shooter,Publisher_32,T,2023,47.6,0.27
2082,Xbox One,Puzzle,Publisher_9,M,2016,67.9,0.1
2083,Xbox Series X,Racing,Publisher_25,E10+,2022,71.0,1.29
2084,Xbox Series X,Shooter,Publisher_13,E10+,2020,76.6,0.91
2085,PS4,Simulation,Publisher_16,E10+,2024,82.7,0.28
2086,PC,Sports,Publisher_22,M,2017,61.1,0.24
2087,PC,Action,Publisher_10,T,2017,78.6,0.17
2088,PC,Action,Publisher_32,E,2015,84.3,0.2
2089,PS4,Adventure,Publisher_16,T,2022,95.5,0.33
2090,PS4,Shooter,Publisher_19,T,2023,79.1,0.92
2091,PC,Shooter,Publisher_33,E,2015,67.4,0.14
2092,Xbox One,Puzzle,Publisher_10,T,2019,59.3,0.06
2093,Switch,Shooter,Publisher_19,T,2022,90.3,1.41
2094,Xbox Series X,Racing,Publisher_40,E,2022,79.4,0.31
2095,Xbox Series X,Action,Publisher_16,E,2024,71.8,0.45
2096,Xbox One,Sports,Publisher_5,T,2022,55.8,0.43
2097,Switch,Simulation,Publisher_12,T,2024,62.7,0.14
2098,Xbox Series X,Shooter,Publisher_39,T,2024,78.3,0.5
2099,Switch,Sports,Publisher_31,E10+,2024,75.5,0.27
2100,PS4,RPG,Publisher_33,T,2019,52.5,0.29
2101,Xbox Series X,RPG,Publisher_11,M,2019,78.3,0.37
2102,PC,RPG,Publisher_34,E,2019,56.3,0.11
2103,PC,RPG,Publisher_16,T,2024,85.5,0.37
2104,PC,Puzzle,Publisher_32,E,2017,74.1,0.06
2105,PS4,Action,Publisher_36,E,2022,67.4,0.3
2106,PC,RPG,Publisher_9,M,2021,81.9,0.25
2107,PC,Shooter,Publisher_38,E,2015,75.5,0.19
2108,PC,Racing,Publisher_26,T,2019,85.2,0.14
2109,PS5,Simulation,Publisher_30,T,2016,72.8,0.12
2110,Switch,Simulation,Publisher_31,M,2022,73.4,0.15
2111,PC,RPG,Publisher_7,T,2019,69.1,0.15
2112,Switch,Racing,Publisher_30,T,2018,74.6,0.29
2113,PS4,Action,Publisher_9,M,2015,89.0,0.76
2114,Switch,Racing,Publisher_11,M,2016,67.0,0.26
2115,PS5,Sports,Publisher_5,T,2022,78.5,0.61
2116,Xbox Series X,Action,Publisher_8,E,2023,,0.25
2117,Xbox One,Puzzle,Publisher_40,E,2017,51.3,0.06
2118,Xbox Series X,Sports,Publisher_14,E10+,2023,74.1,0.42
2119,Switch,Shooter,Publisher_16,T,2020,75.7,0.45
2120,PS4,Action,Publisher_20,T,2018,70.9,0.69
2121,Xbox One,Puzzle,Publisher_29,M,2019,57.0,0.11
2122,Xbox One,Adventure,Publisher_23,E,2021,75.0,0.24
2123,Xbox One,Racing,Publisher_22,E,2024,74.7,0.2
2124,PS4,Adventure,Publisher_34,E,2019,63.1,0.11
2125,PS4,Shooter,Publisher_20,T,2018,58.5,0.78
2126,PS4,Sports,Publisher_31,T,2022,69.5,0.15
2127,Xbox Series X,Sports,Publisher_37,E,2020,78.5,0.28
2128,Xbox One,Sports,Publisher_28,M,2018,76.2,0.67
2129,Xbox Series X,Sports,Publisher_2,E10+,2019,63.2,0.25
2130,Xbox Series X,RPG,Publisher_11,T,2020,73.4,0.22
2131,PS4,Sports,Publisher_25,M,2016,80.9,1.12
2132,PS4,Racing,Publisher_20,E,2015,60.3,0.53
2133,Xbox One,Sports,Publisher_12,M,2021,72.6,0.15
2134,Switch,Racing,Publisher_14,M,2016,85.4,0.39
2135,PS4,RPG,Publisher_4,M,2020,59.3,1.26
2136,PC,Puzzle,Publisher_10,E,2022,83.6,0.05
2137,Xbox One,Racing,Publisher_32,E10+,2017,88.2,0.25
2138,PS4,Simulation,Publisher_1,E,2018,69.8,0.11
2139,Xbox Series X,Shooter,Publisher_34,E10+,2024,68.6,0.34
2140,PS5,RPG,Publisher_14,M,2015,82.3,0.32
2141,PS5,Racing,Publisher_33,M,2022,70.1,0.32
2142,Xbox Series X,Puzzle,Publisher_11,M,2016,48.5,0.1
2143,Xbox Series X,Shooter,Publisher_34,E10+,2024,,0.45
2144,Switch,Racing,Publisher_23,M,2019,76.7,0.45
2145,PS5,Shooter,Publisher_35,M,2015,79.4,1.31
2146,PC,RPG,Publisher_3,M,2022,63.2,0.21
2147,PS4,RPG,Publisher_32,M,2016,69.3,0.47
2148,PS5,Simulation,Publisher_11,T,2018,81.8,0.27
2149,Switch,Puzzle,Publisher_15,E,2020,71.4,0.38
2150,Switch,Action,Publisher_2,E10+,2022,56.7,0.43
2151,Xbox One,Simulation,Publisher_39,M,2019,84.4,0.43
2152,PS5,Puzzle,Publisher_26,E10+,2023,69.9,0.16
2153,PS5,Action,Publisher_40,E,2019,82.9,0.66
2154,Xbox Series X,Puzzle,Publisher_23,M,2018,58.0,0.29
2155,Xbox Series X,Racing,Publisher_7,E10+,2018,70.8,0.15
2156,PC,Simulation,Publisher_14,M,2023,77.1,0.15
2157,PS4,Shooter,Publisher_18,E10+,2021,71.1,0.32
2158,PS4,Racing,Publisher_6,E10+,2016,60.2,0.15
2159,PC,RPG,Publisher_38,E10+,2022,48.1,0.07
2160,PS5,RPG,Publisher_39,E10+,2019,87.2,0.6
2161,PS5,Racing,Publisher_23,E10+,2018,74.5,0.37
2162,Xbox Series X,Adventure,Publisher_24,E10+,2015,83.7,0.13
2163,Xbox Series X,Simulation,Publisher_29,M,2024,81.3,0.3
2164,Xbox One,Adventure,Publisher_28,E10+,2015,78.0,0.59
2165,PC,Racing,Publisher_3,E10+,2024,68.8,0.09
2166,PC,Racing,Publisher_22,M,2015,76.9,0.15
2167,PS4,RPG,Publisher_32,E10+,2020,86.3,0.19
2168,PC,Adventure,Publisher_33,E,2016,72.8,0.12
2169,Xbox One,RPG,Publisher_24,E,2019,91.0,0.25
2170,PS5,RPG,Publisher_36,E10+,2023,57.0,0.19
2171,PC,Adventure,Publisher_24,T,2020,55.9,0.08
2172,PS5,Racing,Publisher_16,M,2020,81.9,0.42
2173,Xbox One,RPG,Publisher_18,E,2016,63.8,0.2
2174,Switch,Adventure,Publisher_28,T,2024,92.4,1.14
2175,PS4,Simulation,Publisher_36,E10+,2018,85.4,0.14
2176,PS4,RPG,Publisher_10,E10+,2020,87.9,0.26
2177,Xbox Series X,Racing,Publisher_12,E10+,2023,80.8,0.26
2178,PC,Shooter,Publisher_27,E10+,2021,62.8,0.37
2179,PS4,Puzzle,Publisher_31,E,2022,55.4,0.06
2180,Xbox One,Simulation,Publisher_16,E,2016,87.0,0.17
2181,Xbox Series X,Racing,Publisher_26,T,2019,57.0,0.19
2182,PS5,Adventure,Publisher_1,E,2020,87.8,0.24
2183,Switch,Racing,Publisher_12,E10+,2016,78.7,0.59
2184,Switch,Simulation,Publisher_39,E,2018,71.2,0.45
2185,Xbox One,Shooter,Publisher_24,E,2023,76.4,0.25
2186,PS4,Shooter,Publisher_35,E,2024,76.7,1.04
2187,PS5,Shooter,Publisher_9,E10+,2023,70.0,1.44
2188,Xbox Series X,Simulation,Publisher_12,E,2024,86.3,0.13
2189,Xbox One,Racing,Publisher_39,E,2024,85.9,0.61
2190,Xbox One,Sports,Publisher_40,E10+,2016,73.6,0.16
2191,PS4,Action,Publisher_36,E10+,2023,66.0,0.6
2192,Xbox One,Racing,Publisher_13,E,2021,85.1,0.28
2193,PS4,Adventure,Publisher_33,E,2023,51.8,0.08
2194,Switch,Shooter,Publisher_19,M,2021,76.4,1.08
2195,Switch,Racing,Publisher_34,T,2016,79.4,0.49
2196,Xbox One,Adventure,Publisher_35,E,2020,63.7,0.35
2197,PS5,Racing,Publisher_18,E10+,2022,81.7,0.27
2198,PC,Simulation,Publisher_13,E10+,2016,71.7,0.2
2199,PS5,Puzzle,Publisher_39,M,2020,66.5,0.34
2200,PC,Puzzle,Publisher_19,M,2021,81.6,0.14
2201,PS5,Adventure,Publisher_18,M,2019,61.1,0.19
2202,Xbox One,Puzzle,Publisher_27,E,2022,80.7,0.23
2203,PS5,Action,Publisher_38,E10+,2016,52.2,0.21
2204,PS5,Shooter,Publisher_6,E10+,2018,74.9,0.46
2205,Switch,Sports,Publisher_40,T,2024,72.4,0.43
2206,Switch,Racing,Publisher_17,M,2020,66.6,0.92
2207,PS5,Sports,Publisher_2,E10+,2016,75.9,0.21
2208,PC,Racing,Publisher_13,T,2016,71.2,0.15
2209,PS4,RPG,Publisher_19,E10+,2020,82.5,0.63
2210,PS4,Action,Publisher_28,E,2024,77.6,0.68
2211,PS4,Action,Publisher_23,E10+,2015,76.5,0.22
2212,Xbox Series X,Racing,Publisher_6,T,2016,74.9,0.26
2213,PS4,Action,Publisher_20,E10+,2018,,0.38
2214,Xbox Series X,Adventure,Publisher_10,T,2017,69.0,0.26
2215,PS4,Adventure,Publisher_11,T,2016,74.5,0.16
2216,PS5,Puzzle,Publisher_29,E10+,2017,70.3,0.18
2217,Xbox Series X,Sports,Publisher_33,M,2021,83.1,0.36
2218,Switch,Adventure,Publisher_7,E,2023,72.9,0.16
2219,Switch,Puzzle,Publisher_25,M,2018,75.8,0.43
2220,Xbox Series X,Shooter,Publisher_17,E,2022,58.0,0.81
2221,PS4,Action,Publisher_14,E10+,2023,81.4,0.19
2222,Switch,Racing,Publisher_29,M,2015,66.2,0.65
2223,Switch,Adventure,Publisher_10,T,2023,61.6,0.22
2224,Switch,Action,Publisher_31,E10+,2016,88.5,0.28
2225,PC,Action,Publisher_17,M,2021,79.0,0.54
2226,Switch,Shooter,Publisher_4,E,2022,81.8,1.75
2227,PC,Racing,Publisher_32,T,2023,76.5,0.11
2228,Xbox Series X,Shooter,Publisher_35,T,2019,71.1,1.31
2229,Xbox Series X,Shooter,Publisher_23,E,2021,69.2,0.67
2230,PS4,RPG,Publisher_29,M,2015,79.8,1.15
2231,PS4,Action,Publisher_6,M,2019,83.3,0.52
2232,Switch,Action,Publisher_14,E,2024,71.3,0.22
2233,Switch,Action,Publisher_14,E,2016,92.7,0.4
2234,Switch,Puzzle,Publisher_31,E,2016,70.0,0.12
2235,PS4,Adventure,Publisher_15,E10+,2022,58.1,0.27
2236,Xbox Series X,Shooter,Publisher_30,E10+,2020,54.8,0.22
2237,PS4,Action,Publisher_13,T,2019,55.1,0.34
2238,PC,Shooter,Publisher_25,T,2017,67.9,0.44
2239,PS4,Simulation,Publisher_9,E,2016,69.7,0.21
2240,PS5,Sports,Publisher_23,E10+,2022,78.8,0.45
2241,Xbox One,Shooter,Publisher_4,M,2018,71.7,0.89
2242,PC,Racing,Publisher_30,M,2022,80.4,0.1
2243,PC,RPG,Publisher_2,E10+,2019,72.4,0.23
2244,PS5,Shooter,Publisher_40,E,2018,72.1,0.48
2245,PS4,Shooter,Publisher_34,E,2017,66.2,0.16
2246,PS5,Shooter,Publisher_24,E10+,2021,86.2,0.48
2247,PS4,Puzzle,Publisher_37,E10+,2017,56.7,0.04
2248,Xbox One,Racing,Publisher_33,E10+,2024,75.0,0.22
2249,PS4,Action,Publisher_6,E,2019,,0.43
2250,PS5,Action,Publisher_30,E10+,2023,79.8,0.4
2251,Xbox One,Shooter,Publisher_16,E10+,2019,71.8,0.33
2252,PS5,Simulation,Publisher_35,E10+,2019,72.1,0.46
2253,PS4,Action,Publisher_35,E,2019,69.3,0.63
2254,PS5,Action,Publisher_39,M,2019,85.9,1.31
2255,PS5,Puzzle,Publisher_19,E10+,2019,,0.41
2256,Xbox Series X,Shooter,Publisher_8,E10+,2023,91.7,0.59
2257,PC,Sports,Publisher_6,M,2022,74.7,0.25
2258,Switch,Sports,Publisher_7,T,2015,72.2,0.38
2259,PS5,Puzzle,Publisher_40,E,2015,70.5,0.08
2260,PS5,Racing,Publisher_24,E,2015,77.6,0.19
2261,Xbox Series X,Puzzle,Publisher_15,E,2021,66.1,0.15
2262,Xbox One,RPG,Publisher_18,T,2017,73.5,0.13
2263,Switch,Racing,Publisher_7,E10+,2018,72.1,0.3
2264,Switch,Adventure,Publisher_23,E10+,2023,75.3,0.57
2265,Xbox Series X,RPG,Publisher_18,T,2016,75.5,0.39
2266,PS4,Shooter,Publisher_32,T,2016,76.0,0.38
2267,PS5,Sports,Publisher_1,E,2015,72.9,0.16
2268,PS5,Puzzle,Publisher_38,E,2017,87.7,0.22
2269,PS5,Action,Publisher_3,M,2015,76.2,0.27
2270,PC,Sports,Publisher_17,M,2021,98.1,0.6
2271,PS4,Puzzle,Publisher_14,M,2022,72.5,0.13
2272,Switch,Action,Publisher_29,M,2016,81.6,0.97
2273,Xbox One,Simulation,Publisher_27,E10+,2020,64.7,0.11
2274,Xbox One,Shooter,Publisher_8,M,2018,86.0,0.21
2275,Xbox Series X,Shooter,Publisher_20,M,2015,65.0,0.92
2276,Switch,Racing,Publisher_22,M,2019,76.6,0.41
2277,PS5,Puzzle,Publisher_19,E,2021,69.4,0.16
2278,PS5,Shooter,Publisher_1,E,2017,76.5,0.48
2279,Xbox Series X,Simulation,Publisher_8,E10+,2022,69.7,0.09
2280,Xbox Series X,Simulation,Publisher_21,T,2024,64.1,0.2
2281,Xbox One,Sports,Publisher_11,M,2015,69.3,0.15
2282,Switch,Puzzle,Publisher_22,E10+,2016,87.4,0.16
2283,Xbox One,RPG,Publisher_7,M,2017,,0.23
2284,PS4,Simulation,Publisher_30,M,2023,59.1,0.21
2285,PS4,RPG,Publisher_8,M,2016,83.0,0.35
2286,Switch,RPG,Publisher_26,E,2019,63.1,0.27
2287,PS4,Puzzle,Publisher_34,E,2020,79.4,0.1
2288,Xbox One,Adventure,Publisher_15,E,2016,77.5,0.41
2289,Xbox One,Sports,Publisher_6,T,2015,78.2,0.24
2290,Switch,Racing,Publisher_1,T,2016,90.5,0.32
2291,Switch,RPG,Publisher_15,E10+,2015,63.7,0.4
2292,Xbox Series X,Racing,Publisher_5,E,2020,78.1,0.37
2293,PS4,Racing,Publisher_36,T,2024,84.6,0.26
2294,Xbox Series X,Simulation,Publisher_39,T,2018,65.6,0.31
2295,Xbox Series X,Simulation,Publisher_40,E10+,2017,64.5,0.15
2296,PS4,Puzzle,Publisher_37,E10+,2017,69.1,0.14
2297,Xbox One,Puzzle,Publisher_24,T,2024,75.2,0.08
2298,PS4,Simulation,Publisher_14,T,2024,57.9,0.08
2299,Xbox One,Sports,Publisher_18,T,2021,77.5,0.4
2300,Switch,Puzzle,Publisher_11,M,2019,57.9,0.27
2301,PC,Adventure,Publisher_34,E10+,2016,84.9,0.14
2302,PS5,Sports,Publisher_18,T,2024,77.1,0.54
2303,Switch,Simulation,Publisher_16,M,2015,91.1,0.51
2304,PS5,Puzzle,Publisher_28,E,2016,,0.56
2305,Xbox Series X,RPG,Publisher_15,E10+,2021,69.0,0.38
2306,PS4,Shooter,Publisher_15,E,2016,64.0,0.25
2307,PS5,Shooter,Publisher_10,E10+,2016,74.4,1.08
2308,PS4,Simulation,Publisher_3,E,2020,71.7,0.08
2309,PS5,Simulation,Publisher_2,T,2015,83.9,0.24
2310,Switch,Adventure,Publisher_17,E,2017,62.7,0.72
2311,PS5,Puzzle,Publisher_40,T,2021,92.2,0.19
2312,Xbox Series X,Action,Publisher_11,T,2016,84.7,0.36
2313,Switch,Simulation,Publisher_26,M,2022,70.0,0.24
2314,PC,Sports,Publisher_13,E10+,2015,90.0,0.31
2315,PC,Sports,Publisher_13,E10+,2021,64.2,0.28
2316,PS5,Action,Publisher_7,E,2015,74.1,0.37
2317,PC,Simulation,Publisher_23,T,2022,59.2,0.13
2318,Xbox One,Shooter,Publisher_27,E,2022,90.5,0.29
2319,PS4,Sports,Publisher_15,E,2022,55.5,0.56
2320,Xbox Series X,Action,Publisher_22,M,2017,57.6,0.41
2321,PC,Shooter,Publisher_20,T,2017,65.7,0.43
2322,Xbox Series X,Puzzle,Publisher_11,E,2024,85.2,0.09
2323,PS4,Simulation,Publisher_28,T,2022,81.5,0.36
2324,PC,Racing,Publisher_23,E10+,2016,73.2,0.26
2325,PC,Racing,Publisher_3,E,2015,82.2,0.11
2326,PC,Adventure,Publisher_20,E10+,2018,70.8,0.27
2327,PC,Simulation,Publisher_16,M,2021,76.2,0.13
2328,PC,RPG,Publisher_32,E,2018,88.5,0.3
2329,Xbox Series X,Simulation,Publisher_13,E10+,2023,69.5,0.37
2330,PS4,Racing,Publisher_39,M,2020,64.3,0.51
2331,Xbox One,Simulation,Publisher_25,E10+,2024,76.7,0.42
2332,PS4,Action,Publisher_6,E,2023,79.4,0.34
2333,Xbox Series X,Action,Publisher_17,E10+,2019,73.1,0.6
2334,Xbox One,Simulation,Publisher_36,T,2023,82.0,0.21
2335,PC,Puzzle,Publisher_11,M,2019,70.0,0.08
2336,PS4,Sports,Publisher_29,T,2015,73.3,0.29
2337,PS4,Simulation,Publisher_32,E,2018,75.7,0.09
2338,Switch,Action,Publisher_28,M,2019,74.9,2.45
2339,PS5,Puzzle,Publisher_4,M,2024,88.1,0.67
2340,Xbox One,Sports,Publisher_15,T,2023,,0.33
2341,Switch,Action,Publisher_14,M,2016,69.0,0.49
2342,Xbox One,Adventure,Publisher_14,M,2015,77.3,0.11
2343,Xbox Series X,Adventure,Publisher_36,E,2020,82.1,0.25
2344,Switch,Action,Publisher_1,E10+,2020,79.7,0.41
2345,Xbox Series X,Action,Publisher_22,T,2022,79.2,0.36
2346,Switch,Racing,Publisher_40,E10+,2017,57.0,0.55
2347,Xbox Series X,Action,Publisher_36,T,2023,47.1,0.36
2348,PS5,Puzzle,Publisher_25,T,2019,84.8,0.69
2349,Xbox One,Simulation,Publisher_40,E,2018,76.4,0.26
2350,PS5,Adventure,Publisher_17,T,2019,71.8,0.84
2351,PC,Sports,Publisher_25,E,2024,78.9,0.52
2352,Xbox One,Sports,Publisher_22,T,2018,91.3,0.16
2353,Xbox Series X,Puzzle,Publisher_2,E10+,2020,86.1,0.1
2354,Xbox Series X,Action,Publisher_2,E,2023,81.6,0.16
2355,Xbox One,Racing,Publisher_36,M,2015,63.1,0.2
2356,PS4,Shooter,Publisher_7,E10+,2020,64.4,0.18
2357,PS4,Puzzle,Publisher_15,E,2022,48.1,0.14
2358,Xbox Series X,Sports,Publisher_25,E10+,2024,78.3,0.94
2359,PS4,Adventure,Publisher_24,M,2015,83.1,0.23
2360,Switch,Puzzle,Publisher_21,E,2022,83.9,0.14
2361,PS5,Sports,Publisher_40,E10+,2023,78.8,0.54
2362,Switch,RPG,Publisher_32,E10+,2018,70.5,0.57
2363,Xbox Series X,Action,Publisher_38,M,2022,66.4,0.37
2364,Xbox One,Shooter,Publisher_27,E,2019,63.7,0.27
2365,PS5,RPG,Publisher_40,E,2021,70.4,0.45
2366,Xbox Series X,Action,Publisher_25,T,2018,62.2,0.75
2367,Switch,Racing,Publisher_22,E,2016,89.6,0.17
2368,PS4,Racing,Publisher_33,T,2023,59.0,0.2
2369,PS5,Action,Publisher_35,E10+,2017,70.0,1.73
2370,Xbox One,Sports,Publisher_3,T,2016,52.6,0.13
2371,PS5,Action,Publisher_37,E,2023,75.0,0.42
2372,PS4,Puzzle,Publisher_28,T,2024,72.0,0.27
2373,Xbox Series X,RPG,Publisher_36,T,2021,68.4,0.39
2374,Xbox One,Action,Publisher_29,E,2020,,0.42
2375,Xbox One,Sports,Publisher_38,E10+,2018,72.0,0.16
2376,Switch,Simulation,Publisher_12,E,2021,66.6,0.13
2377,PC,RPG,Publisher_8,E,2021,70.6,0.09
2378,PS5,Puzzle,Publisher_8,T,2020,91.6,0.21
2379,Xbox Series X,Shooter,Publisher_11,E10+,2021,73.7,0.25
2380,PS5,Sports,Publisher_9,M,2020,77.3,0.95
2381,PS5,RPG,Publisher_18,E10+,2023,67.4,0.44
2382,PS4,Action,Publisher_8,T,2021,64.2,0.22
2383,Xbox One,Puzzle,Publisher_7,T,2018,71.8,0.07
2384,PC,RPG,Publisher_21,T,2021,97.0,0.29
2385,Switch,Shooter,Publisher_32,M,2017,69.1,0.41
2386,Xbox One,Sports,Publisher_6,T,2017,75.6,0.13
2387,Switch,Adventure,Publisher_21,T,2023,63.7,0.23
2388,PS4,Sports,Publisher_27,T,2020,44.4,0.51
2389,PC,Racing,Publisher_29,E10+,2015,64.1,0.31
2390,PC,Adventure,Publisher_5,T,2018,95.8,0.29
2391,PS5,Puzzle,Publisher_30,M,2024,78.0,0.13
2392,Xbox Series X,Racing,Publisher_2,T,2021,88.4,0.37
2393,Switch,Simulation,Publisher_10,T,2023,68.5,0.12
2394,Xbox Series X,Sports,Publisher_13,E,2020,48.4,0.39
2395,PC,Simulation,Publisher_35,E10+,2015,60.9,0.24
2396,PC,Racing,Publisher_8,E,2016,76.0,0.18
2397,Xbox Series X,Shooter,Publisher_32,E,2015,74.4,0.57
2398,PS5,RPG,Publisher_40,E10+,2022,71.9,0.25
2399,Xbox Series X,Puzzle,Publisher_39,E10+,2022,66.7,0.29
2400,PS4,Simulation,Publisher_13,T,2019,81.4,0.21
2401,Xbox Series X,Puzzle,Publisher_4,M,2022,67.0,0.4
2402,Xbox One,Action,Publisher_9,M,2020,75.1,0.66
2403,Xbox Series X,Shooter,Publisher_31,E10+,2022,74.0,0.33
2404,PS4,Puzzle,Publisher_8,E10+,2021,68.3,0.09
2405,PS4,Shooter,Publisher_26,T,2019,63.2,0.4
2406,Switch,Adventure,Publisher_15,E10+,2021,67.7,0.64
2407,PS5,Puzzle,Publisher_31,M,2018,90.7,0.2
2408,PS4,Action,Publisher_25,M,2022,83.1,1.23
2409,PC,Racing,Publisher_24,T,2024,82.2,0.09
2410,PS5,Sports,Publisher_32,E,2017,64.1,0.49
2411,Xbox Series X,Shooter,Publisher_39,T,2021,57.6,1.06
2412,PS4,Shooter,Publisher_15,M,2016,83.0,0.63
2413,PS5,Adventure,Publisher_22,E,2018,81.0,0.25
2414,Xbox Series X,Adventure,Publisher_26,E,2021,73.4,0.22
2415,Xbox One,Shooter,Publisher_33,T,2017,68.3,0.31
2416,PS4,Racing,Publisher_20,E10+,2017,57.4,0.43
2417,PS5,Puzzle,Publisher_15,T,2018,80.7,0.38
2418,PS5,Puzzle,Publisher_34,E10+,2016,83.9,0.15
2419,Xbox One,Puzzle,Publisher_39,M,2021,65.2,0.38
2420,PC,Adventure,Publisher_23,E10+,2016,64.4,0.24
2421,PS4,Simulation,Publisher_5,E10+,2018,84.4,0.3
2422,PS4,Adventure,Publisher_12,E,2018,65.6,0.08
2423,Xbox Series X,Sports,Publisher_19,E,2024,89.8,0.6
2424,Xbox Series X,Shooter,Publisher_29,E,2024,70.9,0.94
2425,PS4,Shooter,Publisher_27,M,2015,68.1,0.48
2426,PS5,Racing,Publisher_33,E10+,2016,72.5,0.26
2427,Xbox One,Racing,Publisher_2,E,2022,68.1,0.13
2428,Xbox Series X,Puzzle,Publisher_19,E10+,2017,83.3,0.32
2429,Xbox Series X,Shooter,Publisher_29,T,2021,80.9,0.57
2430,PS4,RPG,Publisher_40,M,2024,82.9,0.23
2431,PC,Shooter,Publisher_6,M,2016,73.8,0.3
2432,Xbox One,Adventure,Publisher_36,E,2024,67.4,0.09
2433,Xbox Series X,RPG,Publisher_1,M,2015,,0.19
2434,PS4,Action,Publisher_8,E10+,2017,67.7,0.48
2435,Switch,Simulation,Publisher_34,M,2020,86.7,0.38
2436,PC,Sports,Publisher_32,E,2023,82.0,0.29
2437,PS5,Racing,Publisher_39,T,2020,71.1,0.95
2438,PC,Adventure,Publisher_25,M,2016,62.7,0.53
2439,Switch,RPG,Publisher_25,E,2017,87.4,1.54
2440,PS5,RPG,Publisher_22,M,2022,73.4,0.4
2441,Switch,RPG,Publisher_21,E,2020,70.7,0.42
2442,PS5,Sports,Publisher_21,M,2015,87.5,0.36
2443,PS5,Sports,Publisher_12,T,2020,66.9,0.22
2444,PS5,Sports,Publisher_35,M,2019,68.8,1.0
2445,Xbox Series X,Shooter,Publisher_15,M,2015,69.7,1.03
2446,Xbox One,Racing,Publisher_25,E10+,2017,58.8,0.27
2447,Xbox Series X,Action,Publisher_27,E10+,2024,75.2,0.39
2448,PS5,Adventure,Publisher_22,T,2022,64.4,0.29
2449,PS4,Puzzle,Publisher_25,E,2015,66.3,0.23
2450,PC,Action,Publisher_2,E10+,2015,65.0,0.2
2451,PC,Adventure,Publisher_13,E,2018,66.1,0.24
2452,Switch,Action,Publisher_18,M,2019,63.6,0.54
2453,PS5,Racing,Publisher_16,E,2019,74.5,0.38
2454,Switch,Shooter,Publisher_37,E10+,2021,70.4,0.71
2455,Switch,Racing,Publisher_36,E10+,2016,72.5,0.35
2456,Xbox One,Simulation,Publisher_29,E10+,2015,95.5,0.2
2457,PS5,Simulation,Publisher_15,M,2021,70.4,0.34
2458,PC,RPG,Publisher_3,M,2023,78.0,0.23
2459,Xbox Series X,Racing,Publisher_31,T,2016,79.2,0.21
2460,PS5,Simulation,Publisher_36,M,2018,71.4,0.13
2461,PS4,Puzzle,Publisher_20,E,2021,74.7,0.22
2462,Xbox Series X,Simulation,Publisher_34,M,2016,72.2,0.25
2463,PS5,Shooter,Publisher_38,E,2023,74.0,0.18
2464,PS4,RPG,Publisher_22,E,2017,66.1,0.26
2465,Xbox Series X,Racing,Publisher_9,E,2020,67.1,0.75
2466,PC,Adventure,Publisher_1,E,2018,72.2,0.07
2467,PS5,Simulation,Publisher_31,M,2021,52.3,0.19
2468,Xbox One,Puzzle,Publisher_23,E10+,2016,87.0,0.12
2469,PC,Puzzle,Publisher_7,M,2015,93.6,0.15
2470,Switch,Racing,Publisher_3,E10+,2020,73.7,0.41
2471,PC,RPG,Publisher_39,E,2023,78.7,0.31
2472,PS4,Shooter,Publisher_13,E10+,2021,82.8,0.63
2473,Switch,Shooter,Publisher_14,E,2022,58.8,0.87
2474,PC,Adventure,Publisher_26,E10+,2019,81.3,0.09
2475,PS4,Racing,Publisher_15,T,2016,67.7,0.27
2476,Xbox Series X,Adventure,Publisher_37,M,2019,94.9,0.35
2477,Xbox One,Action,Publisher_28,T,2024,70.1,0.58
2478,Xbox Series X,Adventure,Publisher_15,E,2022,81.1,0.58
2479,PS4,Racing,Publisher_11,T,2022,70.2,0.15
2480,PC,Simulation,Publisher_35,T,2018,94.0,0.2
2481,PC,Shooter,Publisher_24,E,2020,66.9,0.15
2482,Xbox Series X,Shooter,Publisher_37,M,2021,83.7,0.6
2483,Switch,Sports,Publisher_14,M,2021,78.3,0.33
2484,Xbox Series X,Adventure,Publisher_1,T,2023,76.0,0.24
2485,Switch,Puzzle,Publisher_36,E10+,2021,74.3,0.17
2486,Xbox One,Adventure,Publisher_10,E10+,2017,65.3,0.08
2487,Xbox Series X,Action,Publisher_34,E10+,2017,46.1,0.21
2488,PS5,Sports,Publisher_29,E,2021,82.7,0.59
2489,Xbox One,Simulation,Publisher_10,E10+,2023,67.1,0.13
2490,PS4,Action,Publisher_31,E,2024,83.7,0.23
2491,PS4,Racing,Publisher_4,E,2021,75.5,0.64
2492,PS4,Shooter,Publisher_16,T,2020,84.0,0.61
2493,PC,Simulation,Publisher_15,E,2023,80.0,0.17
2494,PS5,Adventure,Publisher_27,E10+,2024,47.4,0.41
2495,Switch,Simulation,Publisher_22,E10+,2015,78.1,0.19
2496,PC,RPG,Publisher_25,E,2018,68.6,0.59
2497,PS5,Racing,Publisher_20,M,2018,83.7,0.59
2498,Xbox One,Puzzle,Publisher_30,M,2020,77.9,0.1
2499,Xbox One,Simulation,Publisher_7,T,2017,78.0,0.13
2500,Xbox Series X,Action,Publisher_29,T,2018,69.3,1.22
2501,Switch,Simulation,Publisher_3,E,2015,62.9,0.16
2502,Xbox Series X,RPG,Publisher_4,M,2015,67.7,1.17
2503,Xbox Series X,Sports,Publisher_29,M,2019,54.0,0.35
2504,Xbox Series X,Racing,Publisher_7,E10+,2024,,0.14
2505,Switch,Adventure,Publisher_31,T,2017,57.4,0.2
2506,Xbox One,Sports,Publisher_6,M,2017,57.6,0.23
2507,Xbox Series X,Action,Publisher_6,T,2017,73.2,0.44
2508,PC,Simulation,Publisher_38,E,2024,77.3,0.1
2509,Switch,Simulation,Publisher_8,E10+,2021,71.7,0.18
2510,PC,Sports,Publisher_37,E,2021,67.0,0.11
2511,Switch,Simulation,Publisher_14,E10+,2016,,0.14
2512,Xbox Series X,Simulation,Publisher_32,M,2024,68.8,0.16
2513,Switch,Simulation,Publisher_38,E,2016,63.8,0.11
2514,PS4,Sports,Publisher_5,M,2024,71.4,0.91
2515,PS4,Racing,Publisher_14,E10+,2024,56.8,0.29
2516,Xbox Series X,Simulation,Publisher_23,E10+,2020,79.0,0.14
2517,PC,Simulation,Publisher_35,T,2023,66.3,0.29
2518,Xbox One,Racing,Publisher_8,E,2024,75.8,0.15
2519,Xbox Series X,Sports,Publisher_8,E,2020,80.9,0.29
2520,Xbox Series X,Action,Publisher_15,E10+,2022,75.3,0.41
2521,PS4,RPG,Publisher_9,E,2020,80.0,0.73
2522,Xbox One,Action,Publisher_11,M,2020,51.3,0.24
2523,Xbox Series X,Sports,Publisher_6,T,2018,67.1,0.39
2524,Xbox One,Action,Publisher_34,M,2021,83.0,0.21
2525,Xbox Series X,Adventure,Publisher_32,M,2017,77.1,0.16
2526,PS4,Racing,Publisher_6,E10+,2016,90.5,0.23
2527,PC,Racing,Publisher_22,M,2017,89.0,0.12
2528,Xbox Series X,Adventure,Publisher_26,E,2015,75.0,0.28
2529,PS5,Shooter,Publisher_26,E10+,2024,69.5,0.2
2530,Xbox Series X,Shooter,Publisher_40,T,2017,62.4,0.3
2531,Xbox One,Sports,Publisher_26,E10+,2022,67.2,0.13
2532,PS5,Shooter,Publisher_28,T,2019,67.9,1.32
2533,PS4,Sports,Publisher_2,M,2018,66.1,0.28
2534,PS5,Racing,Publisher_4,E10+,2017,62.8,0.96
2535,Xbox One,Simulation,Publisher_25,E10+,2023,76.0,0.45
2536,Switch,Racing,Publisher_37,T,2020,89.0,0.43
2537,PC,RPG,Publisher_16,M,2019,81.3,0.39
2538,Xbox Series X,Puzzle,Publisher_26,M,2021,68.8,0.26
2539,PC,Adventure,Publisher_9,M,2023,82.1,0.49
2540,PS4,Shooter,Publisher_19,E,2021,75.5,0.52
2541,Switch,RPG,Publisher_31,E,2019,71.6,0.34
2542,Xbox One,Puzzle,Publisher_27,T,2023,71.0,0.11
2543,Switch,Sports,Publisher_5,E10+,2023,70.0,0.82
2544,Switch,Simulation,Publisher_36,T,2024,78.5,0.16
2545,Xbox One,RPG,Publisher_38,M,2015,73.4,0.17
2546,PS4,RPG,Publisher_20,T,2023,64.7,0.23
2547,Xbox One,Puzzle,Publisher_14,E10+,2016,64.2,0.06
2548,Switch,Action,Publisher_22,M,2021,75.1,0.74
2549,PC,Sports,Publisher_33,E10+,2021,76.3,0.14
2550,PC,Sports,Publisher_19,T,2017,68.9,0.29
2551,PS4,Shooter,Publisher_2,E,2015,60.7,0.28
2552,Xbox One,Racing,Publisher_3,T,2024,84.5,0.11
2553,PS5,Sports,Publisher_33,E10+,2023,82.4,0.35
2554,Switch,RPG,Publisher_32,E,2016,52.1,0.41
2555,PC,Adventure,Publisher_31,E,2021,85.4,0.13
2556,PS5,Simulation,Publisher_6,T,2016,69.9,0.28
2557,Xbox One,Action,Publisher_7,E,2020,73.9,0.31
2558,PC,Puzzle,Publisher_16,E,2018,83.4,0.15
2559,PC,Action,Publisher_10,E,2022,88.5,0.15
2560,Xbox Series X,Racing,Publisher_16,E,2020,82.0,0.38
2561,PS5,Simulation,Publisher_23,E10+,2019,74.4,0.62
2562,PC,Adventure,Publisher_12,E10+,2021,58.2,0.11
2563,PC,Sports,Publisher_5,T,2019,51.7,0.29
2564,Xbox One,RPG,Publisher_17,T,2015,80.8,0.46
2565,PC,Adventure,Publisher_29,T,2020,85.4,0.2
2566,PS5,Adventure,Publisher_25,M,2022,63.9,1.17
2567,Xbox One,RPG,Publisher_13,E,2019,69.3,0.3
2568,PS5,Action,Publisher_13,T,2016,66.4,0.55
2569,PC,Shooter,Publisher_24,E,2015,66.2,0.16
2570,Switch,Racing,Publisher_7,M,2017,82.7,0.54
2571,PC,Shooter,Publisher_34,E10+,2022,,0.25
2572,Xbox One,Simulation,Publisher_35,E10+,2018,69.7,0.37
2573,PS5,Adventure,Publisher_2,E,2024,98.6,0.32
2574,PS5,Adventure,Publisher_39,T,2018,57.7,0.39
2575,Xbox Series X,Action,Publisher_1,E10+,2019,77.5,0.37
2576,Switch,Adventure,Publisher_19,M,2022,61.5,0.82
2577,PS5,Adventure,Publisher_27,E,2021,70.4,0.37
2578,PC,Shooter,Publisher_14,E10+,2015,73.5,0.28
2579,PS4,Racing,Publisher_9,M,2015,80.4,0.58
2580,Xbox Series X,Adventure,Publisher_2,M,2016,69.4,0.32
2581,PS4,Simulation,Publisher_30,M,2023,68.3,0.16
2582,Xbox Series X,Racing,Publisher_2,T,2015,69.2,0.3
2583,Xbox Series X,Action,Publisher_20,M,2015,61.2,0.43
2584,PS5,Racing,Publisher_16,E,2022,78.3,0.5
2585,Xbox One,Puzzle,Publisher_39,M,2021,74.8,0.29
2586,Switch,Action,Publisher_38,T,2024,76.4,0.49
2587,PC,Adventure,Publisher_33,E10+,2017,71.3,0.16
2588,PS4,Sports,Publisher_30,E,2021,70.1,0.19
2589,PC,Simulation,Publisher_22,T,2016,,0.08
2590,PC,Racing,Publisher_14,E,2020,82.2,0.07
2591,PC,RPG,Publisher_7,T,2016,86.1,0.17
2592,Xbox Series X,Action,Publisher_39,E,2024,75.7,1.0
2593,PC,Action,Publisher_16,E10+,2019,85.5,0.5
2594,Xbox One,Puzzle,Publisher_18,E,2017,67.8,0.04
2595,PS5,Shooter,Publisher_6,E10+,2024,70.0,0.63
2596,PS4,Adventure,Publisher_12,E10+,2015,84.0,0.13
2597,Switch,Sports,Publisher_26,E,2022,80.4,0.33
2598,PS5,Simulation,Publisher_18,M,2020,69.1,0.18
2599,Xbox Series X,Simulation,Publisher_24,M,2021,61.5,0.21
2600,Switch,Action,Publisher_9,E10+,2017,70.0,0.87
2601,PS5,Puzzle,Publisher_4,E,2023,65.2,0.51
2602,Xbox Series X,Simulation,Publisher_36,M,2019,89.2,0.42
2603,PS4,RPG,Publisher_18,T,2019,79.6,0.31
2604,Xbox One,Action,Publisher_15,T,2019,64.3,0.25
2605,PS4,Simulation,Publisher_12,T,2017,61.6,0.15
2606,PC,Shooter,Publisher_27,E,2018,64.2,0.63
2607,PS5,Action,Publisher_23,E10+,2016,66.4,0.74
2608,PC,Adventure,Publisher_16,E,2019,70.3,0.28
2609,Switch,Puzzle,Publisher_38,T,2019,83.1,0.09
2610,PC,Action,Publisher_37,M,2018,62.3,0.22
2611,PC,RPG,Publisher_8,T,2024,94.9,0.18
2612,PS4,Action,Publisher_26,T,2016,62.6,0.2
2613,PC,Simulation,Publisher_39,T,2024,57.9,0.21
2614,Xbox One,Action,Publisher_20,M,2023,88.9,0.59
2615,PC,Adventure,Publisher_2,E,2015,85.2,0.09
2616,PC,Racing,Publisher_6,E10+,2022,70.2,0.12
2617,Xbox One,Racing,Publisher_27,E10+,2017,75.8,0.24
2618,Xbox Series X,Adventure,Publisher_37,T,2015,76.1,0.28
2619,PS5,Simulation,Publisher_6,E10+,2023,73.4,0.21
2620,PS5,Sports,Publisher_22,M,2016,59.0,0.39
2621,Xbox Series X,Action,Publisher_20,E10+,2017,47.2,0.73
2622,Switch,Action,Publisher_12,M,2015,63.6,0.56
2623,Xbox One,Puzzle,Publisher_26,M,2016,90.2,0.09
2624,Xbox Series X,Racing,Publisher_36,E,2015,90.6,0.11
2625,PS4,Action,Publisher_10,M,2023,69.4,0.37
2626,Xbox One,Sports,Publisher_3,M,2015,62.4,0.14
2627,Xbox One,Racing,Publisher_15,E,2022,74.8,0.2
2628,PC,Puzzle,Publisher_13,E10+,2016,76.4,0.12
2629,Switch,RPG,Publisher_30,M,2024,78.0,0.76
2630,Xbox One,Simulation,Publisher_22,M,2023,46.7,0.19
2631,PC,Simulation,Publisher_1,E10+,2021,99.0,0.08
2632,Xbox Series X,Adventure,Publisher_14,T,2023,83.3,0.15
2633,PC,Shooter,Publisher_30,E,2017,70.0,0.21
2634,Xbox Series X,Simulation,Publisher_20,T,2022,64.8,0.35
2635,PS5,Puzzle,Publisher_23,T,2017,81.9,0.15
2636,Xbox Series X,Racing,Publisher_11,E10+,2021,77.0,0.22
2637,PS5,Shooter,Publisher_13,E10+,2024,72.9,0.92
2638,PS5,Adventure,Publisher_6,M,2022,76.6,0.19
2639,PC,Racing,Publisher_4,E10+,2017,70.9,0.29
2640,Switch,Sports,Publisher_2,E10+,2022,76.0,0.28
2641,PS4,Simulation,Publisher_25,E10+,2023,79.3,0.44
2642,PC,Action,Publisher_7,E10+,2023,75.4,0.23
2643,PS5,Puzzle,Publisher_23,E10+,2022,74.9,0.19
2644,PS4,Puzzle,Publisher_39,T,2022,85.9,0.28
2645,Switch,Racing,Publisher_28,M,2022,56.0,2.15
2646,PS4,Action,Publisher_24,T,2022,64.0,0.19
2647,Switch,Shooter,Publisher_5,E,2016,72.3,0.75
2648,PC,Simulation,Publisher_20,E10+,2023,64.7,0.21
2649,PS5,Sports,Publisher_36,T,2016,68.0,0.46
2650,PS5,Puzzle,Publisher_16,T,2020,84.9,0.33
2651,PC,Adventure,Publisher_34,M,2018,70.5,0.25
2652,Xbox One,Simulation,Publisher_29,E10+,2017,53.7,0.16
2653,Xbox One,Racing,Publisher_11,E10+,2017,67.8,0.07
2654,Xbox Series X,RPG,Publisher_6,T,2015,72.6,0.32
2655,Xbox Series X,Puzzle,Publisher_1,E,2019,72.4,0.08
2656,Switch,Shooter,Publisher_12,T,2019,77.6,0.82
2657,Xbox One,Puzzle,Publisher_14,M,2019,76.7,0.12
2658,PS5,Puzzle,Publisher_27,T,2015,70.6,0.14
2659,Xbox One,Puzzle,Publisher_23,E10+,2021,60.1,0.16
2660,Switch,Sports,Publisher_20,M,2016,67.6,1.12
2661,PS5,Adventure,Publisher_29,T,2023,65.8,0.34
2662,Xbox Series X,Racing,Publisher_31,T,2015,69.1,0.21
2663,Switch,Simulation,Publisher_29,M,2015,78.9,0.68
2664,Xbox One,Puzzle,Publisher_36,E,2018,76.0,0.03
2665,PS5,Simulation,Publisher_15,M,2019,80.2,0.44
2666,PS5,Simulation,Publisher_33,T,2024,68.2,0.28
2667,Xbox One,Simulation,Publisher_17,T,2020,87.1,0.34
2668,Xbox Series X,Puzzle,Publisher_8,E,2018,78.7,0.13
2669,PC,Racing,Publisher_6,M,2023,73.1,0.15
2670,Xbox One,Action,Publisher_4,E,2017,78.0,0.55
2671,PC,Shooter,Publisher_39,M,2023,65.2,0.45
2672,PS4,Shooter,Publisher_7,M,2019,50.9,0.38
2673,Xbox Series X,Adventure,Publisher_34,E10+,2018,,0.15
2674,PS5,Racing,Publisher_32,E10+,2018,79.5,0.16
2675,Xbox One,Shooter,Publisher_18,E,2015,72.8,0.23
2676,PS4,Sports,Publisher_37,E10+,2021,70.6,0.18
2677,Xbox Series X,Puzzle,Publisher_37,E,2020,63.5,0.06
2678,Xbox Series X,Shooter,Publisher_38,M,2021,52.4,0.38
2679,PS4,Action,Publisher_20,T,2021,86.2,0.82
2680,PS5,RPG,Publisher_12,E,2015,69.9,0.33
2681,Xbox One,Simulation,Publisher_2,M,2023,67.7,0.08
2682,PC,Action,Publisher_34,E,2020,65.3,0.19
2683,PS4,Shooter,Publisher_35,T,2021,84.5,1.49
2684,Xbox Series X,Racing,Publisher_22,E,2015,80.8,0.47
2685,PS4,Action,Publisher_3,E,2022,62.3,0.38
2686,Switch,Sports,Publisher_33,E,2021,83.6,0.25
2687,Xbox Series X,Simulation,Publisher_12,E10+,2018,70.5,0.21
2688,PC,Racing,Publisher_22,T,2024,65.9,0.13
2689,PS4,Sports,Publisher_27,M,2021,69.1,0.31
2690,PS5,Sports,Publisher_6,M,2024,64.2,0.4
2691,Xbox One,Shooter,Publisher_3,T,2023,58.8,0.42
2692,Xbox One,Puzzle,Publisher_4,T,2017,79.8,0.42
2693,PC,Puzzle,Publisher_39,E10+,2024,69.8,0.11
2694,PC,Sports,Publisher_39,E10+,2022,78.2,0.41
2695,PC,Puzzle,Publisher_18,M,2016,74.9,0.09
2696,Xbox One,Simulation,Publisher_18,T,2022,77.5,0.06
2697,Xbox Series X,Sports,Publisher_17,T,2019,51.5,0.38
2698,Xbox Series X,Action,Publisher_15,E,2023,63.3,0.46
2699,PS5,Simulation,Publisher_22,E10+,2016,77.7,0.21
2700,Xbox Series X,Racing,Publisher_15,T,2017,,0.16
2701,Xbox Series X,Adventure,Publisher_25,E10+,2018,75.7,0.8
2702,PS5,RPG,Publisher_16,T,2019,58.1,0.93
2703,PS4,RPG,Publisher_26,M,2021,72.2,0.27
2704,Xbox One,Sports,Publisher_38,E,2017,88.1,0.19
2705,Xbox Series X,Sports,Publisher_9,M,2022,79.7,0.88
2706,PC,Shooter,Publisher_3,M,2015,53.5,0.24
2707,Xbox Series X,Action,Publisher_22,E10+,2018,80.5,0.19
2708,PC,Adventure,Publisher_5,M,2021,,0.24
2709,Xbox One,Racing,Publisher_10,E,2017,99.0,0.14
2710,PS5,Simulation,Publisher_32,E10+,2019,76.8,0.15
2711,PS4,Racing,Publisher_17,E,2021,58.4,0.72
2712,Switch,RPG,Publisher_22,T,2017,76.3,0.51
2713,Xbox One,Racing,Publisher_32,M,2024,88.0,0.13
2714,PS4,Sports,Publisher_6,T,2023,70.1,0.21
2715,Xbox One,Adventure,Publisher_20,T,2024,82.4,0.44
2716,PC,Puzzle,Publisher_2,E,2019,63.6,0.04
2717,Xbox Series X,Sports,Publisher_20,M,2018,75.7,0.91
2718,PS5,Racing,Publisher_9,E,2024,47.1,0.65
2719,PS4,Racing,Publisher_37,T,2022,62.5,0.26
2720,PC,Sports,Publisher_11,T,2022,71.9,0.16
2721,Switch,Action,Publisher_9,M,2016,68.4,1.56
2722,PC,Adventure,Publisher_1,M,2023,59.0,0.1
2723,PC,RPG,Publisher_6,T,2020,67.0,0.39
2724,PS5,Racing,Publisher_9,T,2022,75.3,0.62
2725,PS4,Sports,Publisher_10,E10+,2023,71.1,0.32
2726,PS5,Puzzle,Publisher_30,T,2016,72.6,0.12
2727,PS5,Action,Publisher_36,T,2015,79.3,0.5
2728,PC,RPG,Publisher_35,T,2015,68.6,0.6
2729,PC,Racing,Publisher_39,T,2021,85.6,0.26
2730,PS5,Shooter,Publisher_36,E10+,2024,62.1,0.28
2731,Switch,Racing,Publisher_19,E,2015,91.3,0.56
2732,Xbox One,Sports,Publisher_16,E,2016,,0.51
2733,PS5,Shooter,Publisher_26,E10+,2019,68.4,0.22
2734,PC,Adventure,Publisher_13,E10+,2018,69.1,0.16
2735,PC,RPG,Publisher_25,T,2016,74.1,0.92
2736,Xbox One,Sports,Publisher_40,M,2021,78.0,0.14
2737,Switch,Adventure,Publisher_8,T,2024,82.9,0.45
2738,Xbox Series X,Adventure,Publisher_31,M,2017,58.6,0.15
2739,Switch,Puzzle,Publisher_38,T,2015,76.4,0.11
2740,Xbox Series X,Adventure,Publisher_22,M,2017,50.8,0.19
2741,PC,Adventure,Publisher_15,M,2016,70.2,0.38
2742,PS5,Puzzle,Publisher_11,E,2019,86.5,0.11
2743,PS4,Racing,Publisher_7,T,2016,57.8,0.09
2744,PC,Action,Publisher_13,T,2018,56.0,0.17
2745,PS4,Racing,Publisher_30,M,2016,74.2,0.3
2746,PS4,RPG,Publisher_21,T,2021,85.9,0.18
2747,Switch,Adventure,Publisher_9,E,2019,75.3,0.79
2748,PS4,Shooter,Publisher_22,E,2015,53.0,0.24
2749,Xbox One,Simulation,Publisher_33,E,2015,55.2,0.08
2750,PS4,Racing,Publisher_1,E,2019,73.0,0.19
2751,PS4,Racing,Publisher_1,E,2020,60.2,0.11
2752,PC,Simulation,Publisher_39,M,2016,73.4,0.3
2753,PS4,Shooter,Publisher_30,E10+,2018,74.0,0.2
2754,PS5,Shooter,Publisher_24,T,2021,67.1,0.69
2755,Switch,RPG,Publisher_37,M,2019,90.1,0.36
2756,PC,Simulation,Publisher_24,T,2016,77.9,0.11
2757,PS5,Adventure,Publisher_21,E10+,2018,84.1,0.18
2758,Switch,Sports,Publisher_9,E10+,2016,81.2,0.64
2759,Xbox One,Shooter,Publisher_33,M,2024,70.5,0.24
2760,Switch,RPG,Publisher_31,T,2023,70.1,1.1
2761,PS5,Puzzle,Publisher_12,M,2018,69.0,0.15
2762,PC,Action,Publisher_30,E,2017,,0.13
2763,Xbox One,Puzzle,Publisher_30,E,2016,65.5,0.05
2764,PC,Puzzle,Publisher_4,E,2022,89.3,0.13
2765,Xbox Series X,Sports,Publisher_7,T,2024,64.5,0.25
2766,PC,Sports,Publisher_24,T,2017,74.1,0.3
2767,Xbox One,Puzzle,Publisher_25,E10+,2021,69.7,0.25
2768,PS5,RPG,Publisher_27,E10+,2017,67.5,0.83
2769,PC,Simulation,Publisher_15,T,2024,93.7,0.12
2770,Switch,Adventure,Publisher_34,M,2017,67.6,0.28
2771,PS4,Simulation,Publisher_18,M,2015,69.0,0.17
2772,Xbox One,Racing,Publisher_9,E10+,2023,65.4,0.21
2773,Xbox Series X,Simulation,Publisher_5,T,2024,72.4,0.42
2774,Xbox One,Action,Publisher_36,E,2018,71.0,0.24
2775,PC,RPG,Publisher_29,M,2024,60.8,0.34
2776,PC,Action,Publisher_19,E,2017,67.8,0.3
2777,PS4,Puzzle,Publisher_9,E10+,2017,78.1,0.28
2778,PC,Racing,Publisher_4,T,2020,82.3,0.44
2779,Xbox Series X,RPG,Publisher_7,M,2021,72.2,0.32
2780,Switch,RPG,Publisher_5,E,2018,,1.27
2781,Switch,Puzzle,Publisher_22,T,2022,68.4,0.09
2782,Xbox Series X,Sports,Publisher_8,E,2022,67.0,0.13
2783,Xbox Series X,Racing,Publisher_6,E,2016,62.8,0.14
2784,Xbox Series X,Racing,Publisher_12,E10+,2024,56.4,0.21
2785,PC,Sports,Publisher_28,T,2016,65.0,0.78
2786,Xbox Series X,Sports,Publisher_20,E10+,2020,81.0,0.46
2787,PS4,RPG,Publisher_7,M,2019,67.8,0.53
2788,Xbox Series X,Racing,Publisher_30,T,2019,68.5,0.22
2789,PS4,RPG,Publisher_20,E10+,2016,68.3,0.45
2790,Xbox Series X,Shooter,Publisher_8,E10+,2018,84.4,0.3
2791,PS5,Racing,Publisher_28,E10+,2015,62.7,1.58
2792,PS5,Sports,Publisher_40,E,2024,74.8,0.29
2793,Switch,Racing,Publisher_22,T,2016,71.3,0.18
2794,PS5,Sports,Publisher_7,M,2019,72.7,0.91
2795,Xbox One,Sports,Publisher_13,E10+,2017,74.4,0.35
2796,Switch,Sports,Publisher_24,E10+,2016,72.6,0.45
2797,Switch,RPG,Publisher_40,M,2018,79.9,0.87
2798,Xbox Series X,Action,Publisher_38,T,2024,71.7,0.42
2799,PS4,Simulation,Publisher_38,E10+,2019,89.4,0.21
2800,PC,RPG,Publisher_34,E,2024,72.4,0.16
2801,PC,Adventure,Publisher_23,M,2023,55.0,0.24
2802,Xbox One,Simulation,Publisher_26,T,2019,78.4,0.11
2803,PS5,Adventure,Publisher_30,T,2024,75.9,0.26
2804,PS5,Adventure,Publisher_29,E10+,2018,72.3,0.4
2805,PS4,Action,Publisher_26,E,2020,69.4,0.21
2806,PS5,RPG,Publisher_6,E10+,2021,50.9,0.34
2807,PC,Puzzle,Publisher_36,M,2020,52.5,0.07
2808,PS4,Racing,Publisher_1,E10+,2023,88.5,0.26
2809,PS4,Action,Publisher_18,T,2016,66.1,0.33
2810,PC,Racing,Publisher_18,M,2019,81.7,0.31
2811,Switch,Adventure,Publisher_40,E,2021,56.0,0.3
2812,PS4,Adventure,Publisher_4,E,2018,61.5,0.47
2813,Xbox Series X,Shooter,Publisher_20,E,2023,78.8,0.86
2814,Xbox One,Sports,Publisher_15,M,2018,71.0,0.51
2815,Xbox One,RPG,Publisher_4,T,2018,77.4,0.53
2816,PC,RPG,Publisher_9,M,2018,71.9,0.82
2817,PC,RPG,Publisher_17,M,2021,69.9,0.43
2818,PC,RPG,Publisher_37,E10+,2016,65.2,0.21
2819,PS5,Shooter,Publisher_16,E,2016,60.1,0.72
2820,PS4,Action,Publisher_36,E10+,2022,86.0,0.29
2821,Xbox One,RPG,Publisher_30,T,2017,87.7,0.14
2822,PS5,RPG,Publisher_33,E10+,2016,61.6,0.44
2823,Xbox Series X,Sports,Publisher_35,E,2017,61.0,0.44
2824,PS5,Simulation,Publisher_29,M,2018,,0.22
2825,PC,Puzzle,Publisher_30,E10+,2015,75.4,0.09
2826,PS5,Simulation,Publisher_7,T,2023,70.2,0.37
2827,PS5,Racing,Publisher_29,M,2016,77.0,0.4
2828,PS4,Action,Publisher_2,T,2019,71.5,0.39
2829,PS5,Simulation,Publisher_30,T,2017,70.9,0.26
2830,Xbox One,Shooter,Publisher_27,E,2017,96.1,0.46
2831,Xbox Series X,Puzzle,Publisher_31,T,2015,66.7,0.17
2832,PC,Shooter,Publisher_26,M,2024,88.4,0.26
2833,PS4,Shooter,Publisher_15,M,2024,86.5,0.73
2834,Xbox One,Shooter,Publisher_15,E,2016,77.0,0.22
2835,Xbox One,RPG,Publisher_24,E,2016,52.7,0.1
2836,Xbox One,Racing,Publisher_19,E,2023,72.3,0.39
2837,Switch,Puzzle,Publisher_14,M,2019,66.9,0.19
2838,PS4,Action,Publisher_20,E10+,2015,72.2,0.51
2839,Xbox One,Sports,Publisher_22,T,2016,61.4,0.32
2840,Switch,Adventure,Publisher_10,E10+,2019,79.6,0.53
2841,PC,Racing,Publisher_26,T,2020,81.8,0.15
2842,Xbox One,Simulation,Publisher_13,M,2021,83.7,0.14
2843,Xbox One,Racing,Publisher_11,E10+,2016,68.2,0.13
2844,PC,Puzzle,Publisher_17,M,2018,61.4,0.14
2845,Xbox One,Simulation,Publisher_5,E10+,2017,75.5,0.23
2846,PC,Puzzle,Publisher_25,E,2020,89.6,0.15
2847,PS5,RPG,Publisher_30,E,2018,72.7,0.22
2848,Xbox Series X,Racing,Publisher_39,E10+,2017,76.5,0.27
2849,PS5,Sports,Publisher_12,T,2023,69.7,0.35
2850,PS5,RPG,Publisher_22,M,2020,67.0,0.18
2851,Xbox Series X,Puzzle,Publisher_21,M,2019,78.6,0.12
2852,PS4,Sports,Publisher_30,T,2016,70.9,0.29
2853,Xbox Series X,Puzzle,Publisher_25,E10+,2015,76.0,0.29
2854,Xbox Series X,Racing,Publisher_33,E,2022,77.1,0.14
2855,Xbox One,RPG,Publisher_35,M,2024,75.5,0.69
2856,PC,Action,Publisher_5,E10+,2020,77.6,0.29
2857,PC,Puzzle,Publisher_15,M,2015,63.5,0.11
2858,Xbox Series X,Adventure,Publisher_27,T,2019,62.9,0.25
2859,PS4,Puzzle,Publisher_22,M,2017,71.6,0.1
2860,Switch,Shooter,Publisher_20,M,2015,71.8,0.99
2861,PS5,Puzzle,Publisher_7,T,2016,66.8,0.13
2862,Xbox One,Shooter,Publisher_23,T,2019,74.4,0.71
2863,Xbox Series X,RPG,Publisher_30,E,2019,81.1,0.32
2864,PS4,RPG,Publisher_2,E,2020,83.9,0.3
2865,Xbox One,Sports,Publisher_24,T,2021,86.1,0.16
2866,PS4,Simulation,Publisher_37,T,2017,58.9,0.13
2867,PS4,Puzzle,Publisher_23,T,2017,60.4,0.12
2868,Xbox One,Sports,Publisher_39,E10+,2021,,0.45
2869,PS4,Adventure,Publisher_15,T,2016,72.8,0.33
2870,Switch,Sports,Publisher_1,M,2015,69.6,0.34
2871,PS5,Racing,Publisher_28,E,2023,66.5,0.68
2872,Xbox Series X,Sports,Publisher_9,E10+,2017,69.0,0.46
2873,Switch,RPG,Publisher_1,M,2016,76.8,0.4
2874,PS4,Puzzle,Publisher_8,E,2022,58.7,0.08
2875,Switch,Simulation,Publisher_38,E10+,2020,95.4,0.21
2876,Switch,Simulation,Publisher_32,E10+,2016,72.2,0.35
2877,PC,Simulation,Publisher_12,T,2023,82.5,0.26
2878,PS4,Sports,Publisher_24,E10+,2017,66.2,0.17
2879,Switch,Action,Publisher_14,M,2021,77.7,0.57
2880,PC,Simulation,Publisher_8,E,2021,73.0,0.12
2881,Switch,Simulation,Publisher_40,E10+,2023,80.6,0.2
2882,PS4,RPG,Publisher_33,T,2022,70.0,0.18
2883,Switch,Action,Publisher_15,E,2022,87.5,1.23
2884,PS5,Puzzle,Publisher_15,M,2015,,0.26
2885,Xbox One,Action,Publisher_33,T,2024,81.5,0.26
2886,Xbox Series X,Action,Publisher_19,M,2016,73.2,1.3
2887,Xbox One,Simulation,Publisher_16,E10+,2017,61.8,0.24
2888,Xbox One,Shooter,Publisher_16,E10+,2019,91.5,0.51
2889,PS5,Action,Publisher_18,M,2017,90.5,0.38
2890,Xbox One,Puzzle,Publisher_21,E,2020,51.3,0.05
2891,PC,RPG,Publisher_2,E10+,2015,73.8,0.25
2892,Xbox Series X,Racing,Publisher_20,E10+,2019,79.1,0.58
2893,PS4,Simulation,Publisher_18,E10+,2018,76.4,0.13
2894,PC,Sports,Publisher_11,E10+,2021,87.2,0.3
2895,PS5,Puzzle,Publisher_15,T,2020,85.1,0.21
2896,Xbox Series X,Adventure,Publisher_17,E,2022,74.7,0.81
2897,Xbox One,Shooter,Publisher_15,M,2016,94.8,0.55
2898,Xbox Series X,Simulation,Publisher_37,M,2024,81.4,0.41
2899,PC,Shooter,Publisher_22,E,2018,68.5,0.24
2900,Xbox Series X,Shooter,Publisher_21,M,2018,66.5,0.42
2901,PC,Simulation,Publisher_11,E10+,2020,84.4,0.09
2902,PS5,Puzzle,Publisher_37,E,2016,64.1,0.11
2903,Switch,Adventure,Publisher_1,E10+,2023,67.9,0.19
2904,Xbox One,Adventure,Publisher_23,M,2017,69.6,0.15
2905,PS4,Puzzle,Publisher_7,M,2024,75.6,0.12
2906,PS4,Sports,Publisher_31,T,2016,70.1,0.19
2907,Switch,Shooter,Publisher_16,M,2023,58.8,0.8
2908,Xbox One,Adventure,Publisher_12,E10+,2018,83.6,0.14
2909,Xbox One,Racing,Publisher_3,M,2021,,0.16
2910,PS5,RPG,Publisher_32,T,2023,92.2,0.43
2911,Xbox One,RPG,Publisher_16,E,2016,75.0,0.65
2912,PC,Adventure,Publisher_11,E,2018,84.7,0.14
2913,PS5,Sports,Publisher_34,E10+,2024,78.3,0.7
2914,Xbox Series X,Action,Publisher_1,E,2016,85.2,0.29
2915,Xbox Series X,Adventure,Publisher_19,E10+,2016,77.7,0.55
2916,PC,RPG,Publisher_7,M,2020,74.4,0.17
2917,PS4,Adventure,Publisher_6,E,2015,82.9,0.14
2918,Xbox Series X,Racing,Publisher_1,T,2024,96.9,0.58
2919,Switch,Simulation,Publisher_8,M,2024,69.3,0.18
2920,PS5,Racing,Publisher_38,E10+,2016,79.9,0.12
2921,Switch,Adventure,Publisher_18,T,2016,71.9,0.21
2922,Switch,Adventure,Publisher_40,E10+,2022,77.1,0.13
2923,Switch,Sports,Publisher_11,E10+,2020,72.4,0.25
2924,Xbox One,Simulation,Publisher_31,M,2023,,0.08
2925,Switch,Puzzle,Publisher_4,T,2024,70.0,0.51
2926,Switch,Action,Publisher_5,E10+,2019,,0.46
2927,PC,Action,Publisher_1,M,2017,64.3,0.3
2928,Xbox Series X,RPG,Publisher_36,M,2021,81.2,0.2
2929,Xbox Series X,Action,Publisher_27,M,2021,73.8,0.68
2930,Xbox One,RPG,Publisher_30,M,2019,70.1,0.2
2931,PS4,Simulation,Publisher_38,E10+,2017,81.1,0.19
2932,PC,Shooter,Publisher_14,E10+,2017,78.8,0.24
2933,Switch,Action,Publisher_29,E,2020,76.2,0.97
2934,Xbox One,Shooter,Publisher_21,T,2019,82.2,0.23
2935,PS4,Sports,Publisher_22,M,2019,74.0,0.23
2936,Xbox Series X,Adventure,Publisher_27,T,2015,55.6,0.38
2937,Xbox Series X,Action,Publisher_19,T,2023,68.2,0.94
2938,Xbox One,Adventure,Publisher_1,M,2022,54.0,0.18
2939,Switch,Shooter,Publisher_4,E,2024,78.6,1.84
2940,Switch,Action,Publisher_21,E10+,2023,81.0,0.48
2941,PC,Puzzle,Publisher_23,T,2021,81.4,0.11
2942,PC,Shooter,Publisher_30,E,2018,76.9,0.22
2943,Switch,Adventure,Publisher_23,M,2021,81.7,1.11
2944,Xbox Series X,Racing,Publisher_8,E,2020,56.2,0.16
2945,Xbox One,Adventure,Publisher_15,M,2024,70.9,0.21
2946,Xbox Series X,Shooter,Publisher_18,T,2017,57.9,0.29
2947,Xbox One,Action,Publisher_40,M,2015,68.4,0.28
2948,Switch,Sports,Publisher_22,M,2016,88.2,0.22
2949,Xbox Series X,Shooter,Publisher_26,T,2016,82.9,0.4
2950,Xbox One,Shooter,Publisher_30,M,2021,78.6,0.4
2951,PS5,Adventure,Publisher_15,E10+,2016,70.2,0.3
2952,Switch,Shooter,Publisher_39,T,2016,62.1,1.26
2953,Xbox Series X,Adventure,Publisher_27,M,2018,73.9,0.94
2954,Xbox Series X,Sports,Publisher_34,E,2022,83.1,0.31
2955,Xbox One,Shooter,Publisher_30,E10+,2019,76.1,0.11
2956,PS4,Adventure,Publisher_25,E,2017,56.1,0.28
2957,Xbox One,Action,Publisher_2,T,2017,73.0,0.2
2958,Switch,RPG,Publisher_24,M,2023,52.9,0.29
2959,Xbox Series X,Adventure,Publisher_6,E,2019,80.0,0.21
2960,PS5,Racing,Publisher_25,T,2018,65.1,0.77
2961,Xbox Series X,Adventure,Publisher_29,E10+,2022,59.8,0.44
2962,PS4,Racing,Publisher_22,M,2018,80.2,0.15
2963,Xbox Series X,Adventure,Publisher_13,E,2018,77.6,0.32
2964,Xbox One,Simulation,Publisher_3,E,2022,74.3,0.11
2965,PS5,Simulation,Publisher_27,E,2018,93.9,0.43
2966,Switch,Action,Publisher_28,E10+,2020,78.3,1.55
2967,PS4,Racing,Publisher_20,E10+,2021,65.6,0.14
2968,PC,Action,Publisher_29,M,2017,77.2,0.37
2969,Switch,Sports,Publisher_32,E10+,2016,69.1,0.32
2970,PS4,RPG,Publisher_21,E,2023,84.7,0.34
2971,Xbox One,Puzzle,Publisher_2,T,2017,74.8,0.09
2972,PS5,Shooter,Publisher_35,E,2018,75.8,1.37
2973,PS5,Adventure,Publisher_19,E10+,2020,57.6,0.47
2974,PC,RPG,Publisher_27,T,2016,72.6,0.49
2975,Switch,Racing,Publisher_37,E10+,2015,71.4,0.41
2976,PS5,Adventure,Publisher_15,T,2019,61.8,0.39
2977,PS4,Simulation,Publisher_25,E10+,2024,69.8,0.93
2978,PS4,Sports,Publisher_1,M,2020,76.4,0.22
2979,Xbox Series X,Puzzle,Publisher_36,E10+,2020,72.0,0.07
2980,PS4,Action,Publisher_3,M,2021,57.9,0.28
2981,PS4,Racing,Publisher_22,T,2023,69.3,0.16
2982,Xbox One,Shooter,Publisher_15,T,2023,67.3,0.15
2983,PS4,Simulation,Publisher_2,E,2015,73.9,0.1
2984,PC,Adventure,Publisher_19,E,2020,72.9,0.24
2985,Switch,Simulation,Publisher_38,T,2020,67.9,0.2
2986,Switch,Adventure,Publisher_7,E10+,2017,67.5,0.19
2987,PS4,Shooter,Publisher_12,E10+,2024,72.7,0.3
2988,Switch,Puzzle,Publisher_8,M,2017,81.6,0.19
2989,PC,Action,Publisher_5,E10+,2023,74.8,0.49
2990,PS4,Racing,Publisher_10,E10+,2016,,0.16
2991,Switch,Action,Publisher_23,T,2021,83.3,1.04
2992,Xbox Series X,Puzzle,Publisher_32,M,2022,87.0,0.1
2993,Switch,Simulation,Publisher_28,M,2020,85.7,0.79
2994,Xbox Series X,Puzzle,Publisher_31,T,2016,87.6,0.23
2995,Switch,Adventure,Publisher_29,E,2016,60.5,0.25
2996,PS5,Sports,Publisher_16,E,2021,78.5,0.49
2997,Xbox Series X,Simulation,Publisher_37,T,2023,84.2,0.12
2998,PS4,Racing,Publisher_7,T,2020,86.0,0.15
2999,PS4,Puzzle,Publisher_28,E,2016,64.3,0.28
3000,PS4,Adventure,Publisher_5,T,2022,,0.5
3001,Xbox Series X,Puzzle,Publisher_31,M,2019,72.8,0.13
3002,PS5,RPG,Publisher_4,E,2015,90.5,1.21
3003,Switch,Racing,Publisher_9,M,2018,58.1,0.4
3004,Xbox One,Puzzle,Publisher_16,E10+,2017,,0.1
3005,Switch,Adventure,Publisher_28,E10+,2024,53.9,0.43
3006,Switch,Shooter,Publisher_2,T,2024,73.4,0.63
3007,PS5,Racing,Publisher_11,E,2016,94.6,0.38
3008,PS5,Racing,Publisher_14,E,2020,71.6,0.24
3009,Xbox Series X,Action,Publisher_30,M,2015,73.0,0.46
3010,Xbox Series X,Action,Publisher_39,E10+,2019,77.5,1.21
3011,PS4,Action,Publisher_25,E,2016,70.8,0.87
3012,Switch,Puzzle,Publisher_21,T,2022,75.7,0.24
3013,Xbox One,Shooter,Publisher_14,E,2015,75.9,0.16
3014,Switch,Adventure,Publisher_33,M,2024,63.5,0.25
3015,PS5,Puzzle,Publisher_5,E,2017,71.1,0.22
3016,Switch,Sports,Publisher_6,T,2017,79.4,0.48
3017,PS4,Action,Publisher_9,E10+,2023,81.3,0.36
3018,Xbox Series X,RPG,Publisher_11,M,2024,85.0,0.65
3019,Xbox Series X,Simulation,Publisher_19,T,2015,75.4,0.42
3020,Switch,Action,Publisher_38,M,2016,75.6,0.94
3021,PS4,Sports,Publisher_27,E,2023,79.5,0.39
3022,PS4,Action,Publisher_16,E10+,2024,66.1,0.4
3023,Xbox Series X,Shooter,Publisher_9,M,2019,65.6,1.09
3024,Xbox Series X,Simulation,Publisher_26,E,2016,70.8,0.22
3025,PS4,Puzzle,Publisher_11,M,2016,59.2,0.07
3026,PS4,Shooter,Publisher_40,M,2017,76.1,0.18
3027,PS4,Sports,Publisher_20,T,2021,82.5,0.27
3028,Xbox Series X,RPG,Publisher_23,E,2015,64.9,0.47
3029,Xbox Series X,Racing,Publisher_37,M,2021,,0.46
3030,Xbox Series X,RPG,Publisher_13,M,2023,65.7,0.37
3031,Switch,Puzzle,Publisher_19,E10+,2016,61.8,0.23
3032,PS4,Simulation,Publisher_22,T,2024,92.6,0.14
3033,PC,Sports,Publisher_11,E,2024,62.0,0.25
3034,Switch,RPG,Publisher_3,E10+,2017,59.2,0.74
3035,PS4,Sports,Publisher_12,E,2016,74.1,0.24
3036,PS4,Puzzle,Publisher_5,T,2018,74.7,0.28
3037,PS4,Shooter,Publisher_28,T,2017,78.7,1.52
3038,PS4,RPG,Publisher_1,T,2017,,0.19
3039,Xbox Series X,Sports,Publisher_13,T,2024,64.2,0.58
3040,PS5,Action,Publisher_36,M,2016,66.2,0.31
3041,PS5,Shooter,Publisher_23,E,2018,88.1,0.7
3042,Xbox Series X,Puzzle,Publisher_27,E,2022,81.4,0.29
3043,Switch,Sports,Publisher_27,E,2015,80.0,0.64
3044,PS4,Action,Publisher_12,M,2015,66.1,0.45
3045,PC,Shooter,Publisher_26,E,2018,83.3,0.32
3046,Xbox Series X,Puzzle,Publisher_9,E,2024,80.0,0.12
3047,PC,RPG,Publisher_26,E,2023,73.9,0.07
3048,PS4,RPG,Publisher_28,M,2024,66.2,1.43
3049,Xbox One,Sports,Publisher_36,T,2023,73.1,0.28
3050,Switch,Puzzle,Publisher_37,M,2016,88.5,0.2
3051,PS5,Adventure,Publisher_1,E,2019,61.1,0.23
3052,PC,Adventure,Publisher_12,E10+,2020,64.0,0.14
3053,Xbox Series X,Racing,Publisher_22,T,2016,65.7,0.29
3054,Xbox Series X,Puzzle,Publisher_13,E,2024,67.9,0.15
3055,Xbox One,Shooter,Publisher_25,M,2021,71.8,1.32
3056,Xbox One,Action,Publisher_35,M,2023,81.6,0.72
3057,PS5,RPG,Publisher_11,E,2017,76.6,0.37
3058,PC,Puzzle,Publisher_36,M,2022,72.6,0.08
3059,Xbox One,Puzzle,Publisher_36,E10+,2016,74.8,0.05
3060,PC,Simulation,Publisher_37,E10+,2015,78.2,0.07
3061,Xbox Series X,Simulation,Publisher_3,M,2021,55.2,0.37
3062,Xbox One,Sports,Publisher_12,T,2015,82.7,0.14
3063,Xbox Series X,Action,Publisher_5,E,2017,63.7,0.69
3064,PC,RPG,Publisher_5,M,2022,67.6,0.49
3065,Switch,Simulation,Publisher_3,T,2019,75.4,0.22
3066,PC,Adventure,Publisher_18,E,2018,71.2,0.13
3067,Xbox One,Action,Publisher_4,T,2017,76.9,0.9
3068,Switch,Sports,Publisher_12,T,2021,73.4,0.27
3069,Xbox Series X,Racing,Publisher_40,E10+,2024,69.1,0.25
3070,Xbox Series X,Puzzle,Publisher_36,E10+,2022,87.3,0.1
3071,Switch,Simulation,Publisher_38,M,2018,79.1,0.48
3072,PS5,Adventure,Publisher_2,E,2019,75.0,0.27
3073,Switch,Sports,Publisher_27,T,2016,78.9,0.54
3074,PS5,Action,Publisher_26,M,2016,64.9,0.49
3075,Xbox One,Puzzle,Publisher_6,M,2017,93.7,0.07
3076,Xbox Series X,Racing,Publisher_37,E10+,2018,61.1,0.21
3077,Xbox Series X,Simulation,Publisher_17,E10+,2024,73.1,0.44
3078,Xbox Series X,Racing,Publisher_40,M,2023,69.1,0.19
3079,Xbox Series X,Racing,Publisher_5,E10+,2016,68.8,0.33
3080,Xbox Series X,RPG,Publisher_27,T,2018,67.5,1.27
3081,Xbox Series X,Action,Publisher_6,T,2015,,0.33
3082,Xbox One,Simulation,Publisher_38,T,2015,83.9,0.1
3083,Switch,Adventure,Publisher_25,T,2018,60.0,0.66
3084,Xbox One,Sports,Publisher_4,E10+,2024,81.8,0.78
3085,Xbox One,Puzzle,Publisher_9,E10+,2016,78.5,0.12
3086,PC,RPG,Publisher_15,E10+,2021,68.2,0.16
3087,PC,Shooter,Publisher_1,T,2018,77.3,0.21
3088,PS5,Adventure,Publisher_1,M,2020,70.4,0.28
3089,Switch,Adventure,Publisher_38,T,2023,61.0,0.21
3090,PS4,Sports,Publisher_40,T,2023,61.1,0.15
3091,PS4,RPG,Publisher_22,E10+,2023,78.6,0.22
3092,Switch,Adventure,Publisher_37,M,2019,78.0,0.28
3093,PS5,Simulation,Publisher_27,E10+,2015,74.4,0.28
3094,PC,Action,Publisher_2,E10+,2024,68.1,0.19
3095,Switch,Adventure,Publisher_29,E,2024,70.1,0.83
3096,PC,Shooter,Publisher_1,E10+,2023,68.7,0.31
3097,Switch,Racing,Publisher_33,T,2019,54.5,0.48
3098,PC,Action,Publisher_15,E,2017,72.6,0.21
3099,PS5,Puzzle,Publisher_6,E,2016,77.2,0.22
3100,PC,Puzzle,Publisher_11,M,2018,72.7,0.08
3101,PS5,Puzzle,Publisher_28,M,2018,89.7,0.85
3102,PS4,Adventure,Publisher_34,E10+,2017,62.0,0.18
3103,PS5,Simulation,Publisher_23,E10+,2024,65.4,0.26
3104,Xbox Series X,Adventure,Publisher_7,T,2021,73.3,0.27
3105,Switch,Puzzle,Publisher_37,M,2017,74.4,0.2
3106,PS4,Simulation,Publisher_32,E10+,2021,53.0,0.06
3107,Switch,Puzzle,Publisher_17,E,2022,78.0,0.38
3108,Xbox One,Puzzle,Publisher_23,E10+,2020,74.5,0.15
3109,Xbox One,Racing,Publisher_39,E10+,2024,50.8,0.33
3110,PC,Adventure,Publisher_16,T,2024,70.8,0.26
3111,Xbox Series X,Action,Publisher_2,E,2019,63.9,0.22
3112,Xbox Series X,Racing,Publisher_6,T,2019,67.5,0.24
3113,PC,Shooter,Publisher_25,E,2017,58.6,0.54
3114,Xbox One,Simulation,Publisher_40,M,2022,76.2,0.12
3115,Xbox One,Action,Publisher_30,T,2024,89.6,0.19
3116,PS4,Puzzle,Publisher_25,E,2021,74.7,0.4
3117,PS4,Sports,Publisher_13,M,2017,50.4,0.43
3118,PS4,Simulation,Publisher_18,T,2020,74.9,0.15
3119,PS4,Adventure,Publisher_2,T,2022,70.1,0.35
3120,PS4,Sports,Publisher_15,E,2015,61.0,0.34
3121,Switch,Adventure,Publisher_25,E,2020,75.5,1.28
3122,PS5,Shooter,Publisher_37,M,2021,80.8,0.61
3123,Xbox One,Simulation,Publisher_37,E10+,2020,65.3,0.09
3124,PC,Puzzle,Publisher_33,T,2021,55.6,0.04
3125,Switch,Action,Publisher_1,M,2023,51.9,0.45
3126,Xbox Series X,Sports,Publisher_33,E10+,2016,65.3,0.1
3127,PS5,Shooter,Publisher_9,E10+,2020,70.4,0.97
3128,PC,Sports,Publisher_25,M,2022,66.8,0.64
3129,PS5,Sports,Publisher_38,E,2023,65.2,0.26
3130,Switch,Simulation,Publisher_36,E10+,2019,,0.21
3131,Switch,Adventure,Publisher_27,M,2024,76.6,0.38
3132,PS4,Shooter,Publisher_12,E,2018,74.0,0.46
3133,Switch,Sports,Publisher_21,E10+,2019,80.2,0.32
3134,PS4,Sports,Publisher_29,E10+,2023,65.4,0.24
3135,PS4,Simulation,Publisher_21,E,2019,61.1,0.14
3136,Switch,RPG,Publisher_17,E,2018,66.8,1.04
3137,PC,Action,Publisher_17,E10+,2020,66.1,0.43
3138,PS4,Shooter,Publisher_24,M,2021,51.5,0.25
3139,PC,Shooter,Publisher_2,E,2024,66.5,0.18
3140,PC,Racing,Publisher_40,T,2021,83.0,0.21
3141,Switch,RPG,Publisher_5,E10+,2016,80.0,1.01
3142,PS5,Simulation,Publisher_40,M,2015,77.3,0.24
3143,PS4,Puzzle,Publisher_2,E10+,2024,73.3,0.12
3144,Switch,Simulation,Publisher_21,M,2019,86.5,0.28
3145,PC,RPG,Publisher_17,E10+,2017,61.4,0.5
3146,Switch,Puzzle,Publisher_23,M,2017,,0.26
3147,Xbox Series X,RPG,Publisher_18,M,2016,83.2,0.48
3148,PS4,Puzzle,Publisher_36,E10+,2016,72.3,0.08
3149,PC,Puzzle,Publisher_1,T,2022,65.3,0.04
3150,PS4,RPG,Publisher_40,E,2021,77.5,0.33
3151,Xbox Series X,Simulation,Publisher_28,E10+,2020,67.6,0.9
3152,PC,Adventure,Publisher_32,E10+,2015,63.6,0.07
3153,Xbox One,Simulation,Publisher_6,M,2021,63.3,0.12
3154,PS4,Sports,Publisher_3,M,2024,75.2,0.23
3155,PS5,Puzzle,Publisher_16,M,2024,74.1,0.42
3156,Xbox Series X,Action,Publisher_13,M,2018,87.2,0.83
3157,PC,Action,Publisher_32,M,2021,69.1,0.66
3158,Xbox Series X,Simulation,Publisher_36,M,2017,68.9,0.17
3159,Switch,Sports,Publisher_18,T,2023,86.4,0.69
3160,PS4,Adventure,Publisher_31,E,2024,81.9,0.3
3161,Switch,Shooter,Publisher_3,M,2017,73.4,0.68
3162,Switch,RPG,Publisher_30,E,2019,56.4,0.31
3163,Xbox One,Action,Publisher_4,E,2017,63.9,0.67
3164,Switch,Puzzle,Publisher_27,M,2021,61.5,0.27
3165,Xbox One,Puzzle,Publisher_16,E,2017,72.4,0.19
3166,Xbox Series X,Shooter,Publisher_17,E,2021,66.9,0.71
3167,Switch,Adventure,Publisher_12,T,2024,88.0,0.29
3168,PC,RPG,Publisher_17,T,2023,56.3,0.39
3169,PC,Racing,Publisher_35,E,2016,60.4,0.17
3170,PS4,RPG,Publisher_33,E10+,2016,74.4,0.33
3171,Switch,Racing,Publisher_14,E,2023,,0.39
3172,PS5,Sports,Publisher_12,E10+,2015,46.1,0.2
3173,Xbox One,Shooter,Publisher_21,E,2019,54.6,0.27
3174,Xbox One,Racing,Publisher_28,T,2024,69.4,0.28
3175,Xbox Series X,Racing,Publisher_8,E10+,2019,,0.24
3176,PC,Shooter,Publisher_30,M,2015,90.9,0.26
3177,PC,Puzzle,Publisher_38,E,2024,67.9,0.06
3178,PS5,Racing,Publisher_34,M,2022,70.3,0.31
3179,PS4,RPG,Publisher_22,M,2018,63.6,0.26
3180,PS4,Sports,Publisher_13,E10+,2021,78.3,0.35
3181,PC,Puzzle,Publisher_13,T,2021,87.3,0.12
3182,Xbox One,Simulation,Publisher_30,E10+,2020,84.6,0.18
3183,Switch,Adventure,Publisher_19,T,2024,71.7,0.44
3184,Switch,Puzzle,Publisher_5,M,2022,,0.73
3185,Switch,Simulation,Publisher_28,T,2017,72.1,0.59
3186,PS5,Simulation,Publisher_6,T,2024,85.8,0.24
3187,PS5,Racing,Publisher_40,M,2024,68.0,0.36
3188,Xbox Series X,Action,Publisher_17,E10+,2015,53.8,0.72
3189,Xbox Series X,Puzzle,Publisher_14,E,2017,68.4,0.16
3190,Switch,Racing,Publisher_3,T,2021,69.2,0.34
3191,PS5,RPG,Publisher_7,T,2023,,0.29
3192,Xbox Series X,Adventure,Publisher_38,E,2022,74.3,0.31
3193,PS4,Adventure,Publisher_22,T,2020,77.1,0.13
3194,PS4,RPG,Publisher_37,E,2018,90.6,0.22
3195,PS4,Shooter,Publisher_39,E10+,2015,58.7,0.85
3196,PS4,Sports,Publisher_2,M,2023,79.3,0.37
3197,Xbox One,Sports,Publisher_16,T,2020,81.7,0.42
3198,Xbox Series X,RPG,Publisher_34,T,2019,77.2,0.31
3199,Xbox Series X,RPG,Publisher_20,T,2024,61.9,0.53
3200,Xbox Series X,RPG,Publisher_21,E,2016,61.4,0.38
3201,Switch,Sports,Publisher_23,M,2017,73.0,0.74
3202,PC,Shooter,Publisher_29,E10+,2023,72.9,0.23
3203,Xbox One,Racing,Publisher_38,M,2017,66.4,0.11
3204,Xbox One,RPG,Publisher_36,M,2024,84.9,0.43
3205,Switch,Racing,Publisher_26,E,2023,68.0,0.19
3206,Switch,RPG,Publisher_24,T,2015,53.1,0.37
3207,PS5,Puzzle,Publisher_15,E,2019,69.8,0.29
3208,PC,Puzzle,Publisher_5,T,2022,76.8,0.17
3209,PS5,Simulation,Publisher_29,E10+,2019,75.4,0.24
3210,Xbox Series X,Action,Publisher_1,E,2017,75.3,0.22
3211,Xbox One,Adventure,Publisher_28,T,2015,86.9,0.99
3212,Xbox Series X,RPG,Publisher_20,M,2015,60.9,0.45
3213,PS4,Action,Publisher_32,E,2016,67.8,0.2
3214,PC,Puzzle,Publisher_38,M,2017,87.5,0.09
3215,PS5,Sports,Publisher_23,M,2018,52.3,0.48
3216,PS4,Sports,Publisher_23,T,2023,,0.46
3217,PC,Simulation,Publisher_20,M,2020,84.3,0.14
3218,Switch,Sports,Publisher_15,E10+,2016,84.1,0.53
3219,PS5,Racing,Publisher_4,T,2015,78.6,1.28
3220,Switch,Sports,Publisher_2,T,2016,78.9,0.48
3221,PC,Action,Publisher_29,T,2018,61.6,0.22
3222,PS5,Action,Publisher_37,M,2022,85.7,0.36
3223,Xbox Series X,Action,Publisher_3,M,2015,60.0,0.38
3224,Xbox Series X,Shooter,Publisher_14,M,2019,60.6,0.25
3225,PS5,Shooter,Publisher_25,T,2019,75.9,2.46
3226,PS4,Action,Publisher_29,M,2016,67.1,0.52
3227,PS4,RPG,Publisher_30,T,2015,74.1,0.2
3228,PS4,RPG,Publisher_28,T,2017,76.3,0.62
3229,Xbox Series X,Racing,Publisher_4,E,2016,89.8,0.67
3230,Xbox Series X,Simulation,Publisher_11,E10+,2022,76.3,0.1
3231,PS4,Puzzle,Publisher_19,M,2024,65.8,0.24
3232,PS4,Simulation,Publisher_3,E10+,2021,78.8,0.1
3233,PS4,Sports,Publisher_14,T,2022,63.7,0.25
3234,Switch,Sports,Publisher_16,M,2022,81.1,1.05
3235,PS4,Adventure,Publisher_40,E10+,2023,72.6,0.23
3236,PC,RPG,Publisher_13,E10+,2015,76.0,0.31
3237,Xbox One,Adventure,Publisher_39,E,2024,54.2,0.41
3238,Switch,Shooter,Publisher_29,E,2019,49.5,0.93
3239,Xbox One,Sports,Publisher_28,T,2020,57.0,0.59
3240,PS4,Adventure,Publisher_33,T,2022,89.5,0.22
3241,Xbox One,Racing,Publisher_34,E10+,2019,60.5,0.1
3242,PS4,Adventure,Publisher_9,E10+,2017,79.3,0.26
3243,PS5,Shooter,Publisher_17,E,2015,65.6,1.76
3244,PS4,Sports,Publisher_22,M,2016,69.6,0.32
3245,PS4,Puzzle,Publisher_40,T,2015,71.6,0.12
3246,PS5,Action,Publisher_2,E,2018,88.4,0.33
3247,PS5,Puzzle,Publisher_20,T,2022,77.8,0.5
3248,PC,Shooter,Publisher_9,E10+,2018,75.9,0.39
3249,Xbox One,Adventure,Publisher_9,M,2020,85.0,0.27
3250,Xbox Series X,Adventure,Publisher_31,E10+,2016,65.7,0.16
3251,PC,Shooter,Publisher_9,M,2020,82.7,0.94
3252,PS4,Simulation,Publisher_32,T,2024,81.0,0.1
3253,Xbox Series X,Action,Publisher_40,E,2018,80.9,0.25
3254,PC,Action,Publisher_32,M,2019,70.4,0.58
3255,Xbox One,Simulation,Publisher_7,T,2024,67.6,0.14
3256,Xbox Series X,Racing,Publisher_6,E10+,2021,63.3,0.15
3257,PS4,Shooter,Publisher_18,E,2018,63.9,0.18
3258,PS5,Sports,Publisher_23,E10+,2016,62.8,0.27
3259,PS5,RPG,Publisher_32,T,2024,75.7,0.39
3260,PS5,Puzzle,Publisher_17,E,2021,69.7,0.45
3261,Switch,Adventure,Publisher_7,E10+,2015,76.3,0.45
3262,Xbox One,Simulation,Publisher_40,T,2020,76.9,0.06
3263,Xbox Series X,Shooter,Publisher_37,T,2024,61.4,0.22
3264,Switch,Shooter,Publisher_27,M,2024,61.1,0.88
3265,PS5,Sports,Publisher_28,E,2016,69.7,2.67
3266,PS4,Action,Publisher_38,M,2019,64.2,0.41
3267,Xbox Series X,Shooter,Publisher_19,E10+,2024,63.2,0.76
3268,PC,Racing,Publisher_6,E,2022,89.0,0.08
3269,Xbox One,Action,Publisher_25,M,2020,56.7,0.35
3270,PC,Shooter,Publisher_19,T,2018,92.2,0.49
3271,PS4,Puzzle,Publisher_32,T,2022,74.9,0.09
3272,PC,Adventure,Publisher_31,E10+,2020,81.9,0.11
3273,PS5,Simulation,Publisher_19,M,2020,80.7,0.43
3274,PS4,RPG,Publisher_15,E,2024,78.2,0.28
3275,Xbox One,Shooter,Publisher_17,E,2018,88.6,0.52
3276,PS5,Adventure,Publisher_26,E,2021,61.2,0.33
3277,PC,Puzzle,Publisher_26,T,2015,70.4,0.04
3278,PC,RPG,Publisher_21,E,2022,63.5,0.13
3279,Xbox One,Puzzle,Publisher_22,M,2020,55.0,0.07
3280,PS4,Sports,Publisher_40,E,2023,65.4,0.25
3281,PS5,Shooter,Publisher_11,T,2018,90.7,0.38
3282,Xbox One,RPG,Publisher_7,M,2024,70.3,0.32
3283,Xbox One,Simulation,Publisher_32,M,2020,91.8,0.12
3284,Switch,Action,Publisher_38,E10+,2017,92.9,0.45
3285,Xbox One,Adventure,Publisher_25,E,2016,99.0,0.89
3286,PS5,RPG,Publisher_17,M,2016,91.1,1.02
3287,PS5,Action,Publisher_14,E10+,2018,95.6,0.58
3288,Switch,Puzzle,Publisher_19,M,2020,75.3,0.48
3289,PS5,Puzzle,Publisher_3,E,2023,74.3,0.14
3290,PC,Sports,Publisher_22,T,2024,74.9,0.15
3291,PS5,Action,Publisher_11,E,2021,72.0,0.76
3292,Switch,Action,Publisher_11,E10+,2019,73.5,0.41
3293,PC,Shooter,Publisher_23,E,2021,79.5,0.35
3294,Xbox Series X,Sports,Publisher_39,M,2018,67.3,0.73
3295,PS5,Puzzle,Publisher_9,T,2017,58.2,0.26
3296,PC,Action,Publisher_37,E,2020,75.6,0.24
3297,PS4,Adventure,Publisher_21,E10+,2023,65.1,0.14
3298,Xbox One,Adventure,Publisher_39,E10+,2015,66.1,0.15
3299,PC,Puzzle,Publisher_16,T,2016,70.6,0.14
3300,Switch,Simulation,Publisher_40,E10+,2016,68.3,0.14
3301,PS5,Simulation,Publisher_27,E10+,2017,83.1,0.49
3302,Switch,Action,Publisher_27,M,2016,70.3,0.88
3303,PS5,RPG,Publisher_23,T,2016,83.6,0.91
3304,Switch,Adventure,Publisher_19,M,2015,74.1,0.45
3305,Xbox One,RPG,Publisher_22,M,2018,71.1,0.19
3306,PS4,Puzzle,Publisher_35,M,2022,73.6,0.29
3307,Xbox Series X,Adventure,Publisher_32,M,2016,59.1,0.13
3308,PS5,Simulation,Publisher_1,T,2018,75.4,0.3
3309,PC,RPG,Publisher_28,T,2024,80.5,0.35
3310,PS4,RPG,Publisher_34,T,2016,81.9,0.4
3311,PS4,Action,Publisher_30,E,2024,58.5,0.26
3312,Xbox One,RPG,Publisher_20,M,2020,56.8,0.37
3313,Switch,RPG,Publisher_14,T,2022,66.6,0.43
3314,Xbox One,Shooter,Publisher_27,M,2018,85.8,0.63
3315,Xbox One,Shooter,Publisher_27,T,2018,,0.39
3316,Xbox One,Adventure,Publisher_15,E10+,2018,64.3,0.2
3317,PC,Adventure,Publisher_17,E10+,2016,57.5,0.37
3318,Xbox Series X,Puzzle,Publisher_15,M,2018,65.2,0.13
3319,Switch,Action,Publisher_2,T,2023,64.5,0.46
3320,Switch,Shooter,Publisher_2,M,2015,81.4,0.24
3321,PC,Puzzle,Publisher_4,T,2020,,0.12
3322,PC,Sports,Publisher_17,T,2021,61.5,0.5
3323,Switch,Shooter,Publisher_21,E,2016,79.5,0.4
3324,PS4,Puzzle,Publisher_17,E,2016,,0.19
3325,Switch,Adventure,Publisher_39,T,2020,60.2,0.63
3326,Switch,Adventure,Publisher_9,E,2017,71.2,0.44
3327,PS4,Shooter,Publisher_16,E,2024,75.4,0.4
3328,Switch,Shooter,Publisher_10,M,2016,73.6,0.32
3329,PS4,Shooter,Publisher_12,T,2016,54.9,0.13
3330,Xbox One,Puzzle,Publisher_24,E,2018,73.3,0.08
3331,Switch,Shooter,Publisher_13,E10+,2018,78.4,0.73
3332,PS4,Shooter,Publisher_13,E10+,2016,87.8,0.81
3333,Xbox Series X,Sports,Publisher_27,E,2021,65.3,0.37
3334,Switch,Shooter,Publisher_34,T,2018,66.5,0.52
3335,Xbox Series X,Sports,Publisher_9,E10+,2020,69.9,0.53
3336,PC,Racing,Publisher_5,M,2017,74.9,0.32
3337,PS5,Simulation,Publisher_10,E,2015,73.0,0.19
3338,Switch,Adventure,Publisher_24,M,2015,78.0,0.28
3339,Switch,Shooter,Publisher_39,E,2015,60.7,0.68
3340,PC,Simulation,Publisher_7,M,2023,76.0,0.14
3341,PS5,Simulation,Publisher_2,M,2017,64.6,0.38
3342,PC,Shooter,Publisher_22,E10+,2018,70.6,0.35
3343,Xbox Series X,Adventure,Publisher_40,E10+,2020,89.1,0.19
3344,Xbox Series X,RPG,Publisher_23,E,2015,58.0,0.31
3345,Xbox Series X,Simulation,Publisher_37,E10+,2021,69.2,0.13
3346,Xbox One,RPG,Publisher_26,T,2020,59.3,0.17
3347,Xbox One,RPG,Publisher_2,T,2022,73.5,0.2
3348,Xbox Series X,Sports,Publisher_18,E,2016,82.5,0.19
3349,PS5,Adventure,Publisher_31,E,2015,73.7,0.14
3350,PC,RPG,Publisher_21,T,2022,70.8,0.17
3351,PS4,Adventure,Publisher_8,T,2018,85.3,0.06
3352,PS5,Action,Publisher_8,M,2015,75.3,0.46
3353,Xbox One,Racing,Publisher_27,M,2020,80.2,0.23
3354,Xbox Series X,Shooter,Publisher_19,T,2019,79.2,1.06
3355,Xbox One,Shooter,Publisher_23,T,2024,43.2,0.43
3356,PC,Sports,Publisher_15,T,2024,71.2,0.34
3357,PS5,Action,Publisher_14,E10+,2020,61.2,0.31
3358,PS4,RPG,Publisher_27,T,2016,63.7,0.29
3359,Xbox One,Shooter,Publisher_1,E,2022,86.7,0.18
3360,Switch,Adventure,Publisher_18,M,2017,,0.33
3361,Xbox One,Shooter,Publisher_15,M,2023,90.9,0.28
3362,Xbox Series X,Sports,Publisher_32,E10+,2021,57.9,0.39
3363,Xbox One,RPG,Publisher_30,E10+,2018,61.2,0.15
3364,PC,Racing,Publisher_18,E10+,2024,79.6,0.15
3365,Xbox Series X,Shooter,Publisher_11,M,2020,68.6,0.23
3366,PC,Simulation,Publisher_10,E,2018,,0.06
3367,Switch,Shooter,Publisher_9,E10+,2016,70.9,0.49
3368,PS4,Racing,Publisher_11,T,2021,70.6,0.26
3369,PS4,Action,Publisher_31,T,2017,69.0,0.26
3370,Switch,Sports,Publisher_2,E10+,2016,73.8,0.42
3371,PS4,Adventure,Publisher_2,E,2016,78.4,0.17
3372,Xbox Series X,RPG,Publisher_22,T,2021,,0.41
3373,PS4,Shooter,Publisher_9,T,2024,70.0,0.57
3374,Xbox One,Racing,Publisher_34,M,2017,68.1,0.15
3375,PS4,Action,Publisher_31,E,2017,66.8,0.23
3376,Xbox One,Racing,Publisher_31,E,2021,86.7,0.17
3377,PC,RPG,Publisher_19,E10+,2016,78.9,0.39
3378,Switch,Sports,Publisher_18,T,2015,53.0,0.81
3379,PC,Shooter,Publisher_18,E,2021,52.6,0.28
3380,PS5,Shooter,Publisher_8,E,2020,63.7,0.2
3381,Xbox Series X,Sports,Publisher_23,E10+,2015,74.3,0.42
3382,PS4,Racing,Publisher_35,E10+,2017,71.7,0.46
3383,PC,Puzzle,Publisher_11,T,2016,77.1,0.1
3384,Switch,RPG,Publisher_3,E,2021,70.2,0.31
3385,PS4,Simulation,Publisher_23,M,2021,86.0,0.34
3386,Xbox One,Racing,Publisher_16,E,2022,79.7,0.12
3387,Xbox One,Adventure,Publisher_32,E10+,2015,72.8,0.08
3388,Xbox Series X,Action,Publisher_35,M,2023,83.5,2.68
3389,Xbox Series X,Adventure,Publisher_39,T,2017,55.5,0.49
3390,PS5,RPG,Publisher_16,M,2024,71.1,0.58
3391,Xbox Series X,Puzzle,Publisher_37,E,2023,73.4,0.11
3392,Xbox Series X,Adventure,Publisher_5,T,2019,78.0,0.33
3393,Switch,RPG,Publisher_15,E,2022,,0.42
3394,PC,RPG,Publisher_11,T,2021,,0.1
3395,Switch,Action,Publisher_37,E10+,2022,,0.32
3396,PS5,Racing,Publisher_25,M,2015,76.8,0.93
3397,PC,Adventure,Publisher_15,E,2015,83.9,0.26
3398,Xbox Series X,Shooter,Publisher_7,M,2024,79.6,0.55
3399,Xbox Series X,Sports,Publisher_32,E10+,2022,71.4,0.33
3400,PC,RPG,Publisher_27,T,2021,78.7,0.32
3401,PC,Shooter,Publisher_35,T,2018,70.0,0.82
3402,PS5,Simulation,Publisher_18,E,2019,73.5,0.13
3403,Xbox Series X,Action,Publisher_6,E10+,2018,79.9,0.26
3404,Switch,RPG,Publisher_14,T,2019,71.5,0.45
3405,Xbox One,Puzzle,Publisher_25,M,2021,75.6,0.26
3406,PS4,Sports,Publisher_10,M,2022,81.6,0.28
3407,Xbox One,Simulation,Publisher_3,T,2018,79.1,0.11
3408,PC,Simulation,Publisher_33,E10+,2023,84.3,0.15
3409,PS4,Shooter,Publisher_22,E10+,2015,95.3,0.56
3410,Switch,Puzzle,Publisher_16,E10+,2023,79.0,0.23
3411,Switch,Adventure,Publisher_23,E10+,2021,67.4,0.22
3412,PC,Puzzle,Publisher_30,E10+,2020,77.1,0.05
3413,PS4,Sports,Publisher_1,M,2018,76.7,0.2
3414,PS4,Action,Publisher_18,E10+,2018,78.1,0.37
3415,Xbox One,RPG,Publisher_11,E,2018,87.0,0.28
3416,Xbox One,Sports,Publisher_4,T,2024,55.2,0.39
3417,Xbox Series X,RPG,Publisher_2,T,2015,87.1,0.27
3418,Switch,Puzzle,Publisher_18,E10+,2021,90.5,0.09
3419,Switch,Racing,Publisher_22,T,2024,77.7,0.31
3420,PS4,Sports,Publisher_21,M,2020,77.9,0.27
3421,Switch,Action,Publisher_32,M,2021,69.6,0.64
3422,PS4,Sports,Publisher_19,M,2020,72.1,0.63
3423,Xbox Series X,Shooter,Publisher_24,T,2020,79.0,0.5
3424,PS5,Adventure,Publisher_33,E,2021,78.3,0.14
3425,Xbox Series X,RPG,Publisher_27,T,2024,79.2,0.48
3426,PC,RPG,Publisher_37,M,2022,78.3,0.29
3427,Xbox Series X,Racing,Publisher_9,M,2023,81.0,0.48
3428,Switch,Action,Publisher_32,M,2020,79.9,0.3
3429,PS5,Sports,Publisher_28,M,2022,61.8,1.59
3430,Xbox One,Action,Publisher_24,T,2023,,0.19
3431,Xbox Series X,Racing,Publisher_1,E,2017,90.6,0.34
3432,Switch,Shooter,Publisher_22,E10+,2023,71.7,0.46
3433,PC,Racing,Publisher_35,E10+,2021,87.0,0.36
3434,Xbox One,Racing,Publisher_26,M,2019,62.8,0.25
3435,PS5,Shooter,Publisher_1,M,2022,71.7,0.33
3436,Xbox Series X,Adventure,Publisher_12,E10+,2016,65.6,0.31
3437,PS5,Simulation,Publisher_23,E10+,2021,85.8,0.28
3438,Xbox Series X,Action,Publisher_33,E,2020,88.4,0.37
3439,PS5,Simulation,Publisher_18,E,2023,71.0,0.19
3440,Xbox One,Sports,Publisher_35,E10+,2021,83.7,0.49
3441,PS4,Sports,Publisher_32,E,2020,88.5,0.18
3442,PS4,Racing,Publisher_11,E10+,2020,71.7,0.15
3443,PS5,Action,Publisher_8,M,2020,73.3,0.33
3444,PC,RPG,Publisher_37,T,2023,79.3,0.36
3445,PC,Sports,Publisher_24,T,2022,63.6,0.12
3446,Switch,Shooter,Publisher_34,E,2015,73.1,0.66
3447,PS5,Adventure,Publisher_37,M,2020,93.4,0.48
3448,Xbox Series X,Simulation,Publisher_17,T,2017,67.0,0.54
3449,PC,Sports,Publisher_2,T,2016,80.5,0.16
3450,Xbox One,Racing,Publisher_37,E10+,2023,77.2,0.15
3451,PS5,Shooter,Publisher_24,T,2023,,0.54
3452,PS5,Shooter,Publisher_5,M,2024,74.2,1.17
3453,PS4,Puzzle,Publisher_22,T,2018,89.5,0.06
3454,PC,Simulation,Publisher_2,E10+,2019,77.5,0.05
3455,PS4,Shooter,Publisher_12,T,2022,79.1,0.56
3456,PC,Action,Publisher_14,M,2016,88.0,0.1
3457,Switch,Simulation,Publisher_19,E10+,2015,69.1,0.43
3458,PC,Simulation,Publisher_23,M,2019,61.5,0.15
3459,Switch,RPG,Publisher_34,T,2021,89.7,0.48
3460,PS4,Racing,Publisher_15,E,2019,73.4,0.17
3461,Switch,Adventure,Publisher_30,M,2017,80.9,0.38
3462,PS4,Racing,Publisher_38,T,2020,64.4,0.19
3463,PS4,Shooter,Publisher_30,E10+,2024,75.9,0.8
3464,PS4,Simulation,Publisher_11,E,2017,61.0,0.12
3465,PS5,Adventure,Publisher_28,M,2019,72.6,1.58
3466,PS5,Racing,Publisher_12,M,2018,65.5,0.17
3467,PS4,Sports,Publisher_20,E,2017,63.2,0.56
3468,PS5,Shooter,Publisher_26,T,2021,69.0,0.47
3469,Xbox Series X,Puzzle,Publisher_12,E,2018,49.1,0.09
3470,PS5,RPG,Publisher_1,E10+,2021,,0.35
3471,PS5,Racing,Publisher_34,T,2015,79.8,0.52
3472,PC,Puzzle,Publisher_30,E,2021,75.5,0.06
3473,PS5,Action,Publisher_5,T,2016,61.3,0.59
3474,PS5,Racing,Publisher_16,E10+,2018,77.5,0.42
3475,PS5,Puzzle,Publisher_11,T,2023,63.2,0.16
3476,PS5,Sports,Publisher_40,M,2018,79.2,0.47
3477,Xbox One,Racing,Publisher_38,E,2021,70.8,0.07
3478,Switch,Puzzle,Publisher_28,M,2018,68.7,0.66
3479,Switch,Action,Publisher_18,E,2024,71.1,0.26
3480,Xbox One,Puzzle,Publisher_3,E,2024,97.6,0.09
3481,PS5,RPG,Publisher_10,E10+,2024,64.4,0.25
3482,Switch,Shooter,Publisher_4,E10+,2018,74.3,1.52
3483,PS5,Puzzle,Publisher_32,E,2018,,0.11
3484,Xbox One,Action,Publisher_4,E10+,2021,62.4,1.15
3485,Xbox Series X,Action,Publisher_28,M,2023,56.1,1.33
3486,PC,Shooter,Publisher_39,T,2020,66.0,0.81
3487,PS4,Simulation,Publisher_13,T,2022,79.6,0.7
3488,Xbox One,Action,Publisher_28,E,2023,68.6,0.65
3489,Xbox Series X,Adventure,Publisher_36,E,2022,69.7,0.32
3490,Xbox One,Action,Publisher_18,E10+,2018,81.1,0.17
3491,PC,Shooter,Publisher_18,M,2017,63.9,0.35
3492,Switch,Shooter,Publisher_9,M,2019,71.1,0.87
3493,Xbox Series X,Shooter,Publisher_18,E,2020,56.9,0.3
3494,Xbox Series X,Action,Publisher_35,E10+,2023,75.2,1.2
3495,Switch,Adventure,Publisher_27,E10+,2018,74.3,0.6
3496,Xbox Series X,RPG,Publisher_9,T,2016,80.0,0.44
3497,PS4,Adventure,Publisher_22,E,2018,60.5,0.1
3498,Xbox Series X,Puzzle,Publisher_29,E10+,2020,70.1,0.21
3499,PS5,Racing,Publisher_4,M,2017,59.2,0.86
3500,PS4,RPG,Publisher_31,E10+,2018,69.5,0.14
3501,Xbox Series X,Puzzle,Publisher_9,M,2017,86.8,0.3
3502,Switch,Simulation,Publisher_12,T,2024,68.8,0.2
3503,Switch,Simulation,Publisher_17,T,2020,58.3,0.6
3504,PS4,Simulation,Publisher_21,E10+,2022,65.2,0.15
3505,Xbox Series X,Sports,Publisher_37,M,2020,55.9,0.33
3506,PS5,Racing,Publisher_9,E,2015,59.0,0.34
3507,Switch,Shooter,Publisher_11,M,2017,78.7,0.51
3508,PS4,Simulation,Publisher_16,M,2023,57.5,0.38
3509,Switch,Simulation,Publisher_35,T,2020,75.1,0.55
3510,PC,Adventure,Publisher_39,M,2022,72.3,0.31
3511,Switch,Sports,Publisher_19,T,2022,66.7,0.4
3512,PS4,RPG,Publisher_28,T,2020,74.3,0.87
3513,PC,Puzzle,Publisher_37,E,2020,62.6,0.06
3514,Switch,Puzzle,Publisher_34,E,2017,80.4,0.07
3515,Xbox One,RPG,Publisher_28,E,2017,65.0,0.39
3516,PC,Sports,Publisher_22,E,2016,68.1,0.08
3517,PC,Sports,Publisher_40,M,2017,66.9,0.22
3518,PS5,Puzzle,Publisher_10,E,2021,78.9,0.06
3519,PC,Shooter,Publisher_15,E,2024,77.4,0.29
3520,Switch,Shooter,Publisher_29,M,2019,45.8,0.9
3521,PS4,Adventure,Publisher_1,E10+,2021,74.5,0.18
3522,PS4,Action,Publisher_21,M,2023,54.6,0.23
3523,Switch,Adventure,Publisher_35,M,2021,68.6,1.03
3524,PS4,RPG,Publisher_8,T,2017,70.9,0.36
3525,Xbox Series X,Simulation,Publisher_33,M,2017,,0.18
3526,Switch,Simulation,Publisher_17,M,2021,77.0,0.35
3527,Xbox One,Racing,Publisher_35,E,2017,79.2,0.62
3528,PC,RPG,Publisher_26,E,2017,64.3,0.16
3529,PS5,Sports,Publisher_7,E10+,2020,63.9,0.29
3530,PS4,Sports,Publisher_30,T,2021,71.6,0.11
3531,PC,Simulation,Publisher_3,M,2017,56.6,0.08
3532,Xbox One,Sports,Publisher_10,E,2015,67.2,0.11
3533,PS4,Shooter,Publisher_36,E,2022,85.5,0.2
3534,PS4,Shooter,Publisher_36,E10+,2018,56.9,0.25
3535,Xbox Series X,Puzzle,Publisher_2,E10+,2021,68.6,0.09
3536,Xbox One,Adventure,Publisher_16,M,2016,66.1,0.24
3537,PS4,Racing,Publisher_4,E10+,2018,92.1,0.95
3538,Xbox One,Adventure,Publisher_11,M,2021,66.6,0.16
3539,Xbox Series X,Racing,Publisher_39,E,2016,67.2,0.43
3540,Xbox One,Shooter,Publisher_8,E,2018,61.7,0.16
3541,PS5,Sports,Publisher_26,M,2022,72.1,0.33
3542,Xbox One,Sports,Publisher_33,E,2022,74.7,0.15
3543,PC,Shooter,Publisher_36,E,2018,63.1,0.21
3544,PS5,Action,Publisher_15,T,2016,81.9,0.46
3545,PS4,RPG,Publisher_28,E,2015,74.7,1.33
3546,Switch,Shooter,Publisher_20,E,2020,80.5,1.15
3547,Xbox One,Shooter,Publisher_5,E10+,2021,68.7,0.18
3548,Switch,Adventure,Publisher_9,T,2020,74.4,0.59
3549,Xbox One,Simulation,Publisher_30,T,2019,69.9,0.15
3550,Switch,Puzzle,Publisher_28,T,2015,86.6,0.63
3551,Xbox One,Action,Publisher_21,E,2017,73.2,0.17
3552,PS5,Shooter,Publisher_32,E10+,2015,72.1,0.42
3553,Switch,Puzzle,Publisher_28,E10+,2019,67.4,0.48
3554,Xbox Series X,Racing,Publisher_14,E10+,2018,66.8,0.27
3555,PS5,Shooter,Publisher_12,T,2015,74.4,0.28
3556,Xbox Series X,Shooter,Publisher_38,E,2021,80.2,0.3
3557,Xbox Series X,Shooter,Publisher_39,T,2018,65.2,1.69
3558,PS5,Racing,Publisher_2,M,2024,73.3,0.31
3559,PC,Sports,Publisher_32,T,2019,73.8,0.27
3560,PS4,Racing,Publisher_6,E10+,2015,75.6,0.51
3561,PS4,Sports,Publisher_35,E10+,2022,54.9,0.48
3562,Xbox Series X,Puzzle,Publisher_24,T,2022,62.8,0.07
3563,Switch,Adventure,Publisher_28,T,2024,58.3,0.74
3564,Switch,Racing,Publisher_29,E10+,2021,72.3,0.64
3565,Switch,Shooter,Publisher_25,E,2018,63.0,2.11
3566,PS4,Simulation,Publisher_11,T,2021,67.0,0.29
3567,PC,Puzzle,Publisher_33,T,2022,60.1,0.05
3568,Switch,Shooter,Publisher_23,E,2020,68.0,0.81
3569,Xbox Series X,Action,Publisher_22,T,2022,60.8,0.24
3570,Xbox One,Action,Publisher_13,E,2024,79.6,0.15
3571,PS5,Sports,Publisher_1,T,2022,76.8,0.34
3572,Switch,Sports,Publisher_23,T,2020,73.5,0.4
3573,PC,Puzzle,Publisher_14,E,2019,69.0,0.07
3574,Xbox Series X,Racing,Publisher_27,T,2023,51.6,0.18
3575,Xbox One,Simulation,Publisher_15,E,2023,67.4,0.11
3576,Xbox Series X,Racing,Publisher_39,E10+,2017,64.4,0.58
3577,PS5,Simulation,Publisher_28,T,2015,74.5,0.79
3578,Xbox One,Racing,Publisher_19,E10+,2023,78.2,0.28
3579,Switch,RPG,Publisher_29,M,2017,75.2,1.43
3580,PC,Puzzle,Publisher_26,M,2024,84.6,0.14
3581,PC,Shooter,Publisher_25,M,2015,66.3,0.61
3582,Xbox Series X,RPG,Publisher_24,E,2024,65.9,0.47
3583,PC,Shooter,Publisher_38,E,2021,82.4,0.38
3584,Xbox One,Puzzle,Publisher_13,E,2018,73.7,0.11
3585,Xbox One,Shooter,Publisher_18,T,2015,69.5,0.24
3586,Xbox One,Puzzle,Publisher_11,E10+,2023,90.5,0.08
3587,PC,Simulation,Publisher_23,T,2016,77.8,0.13
3588,Switch,Shooter,Publisher_40,E10+,2015,70.1,0.37
3589,PS5,RPG,Publisher_25,E,2022,65.1,1.67
3590,PS5,Shooter,Publisher_9,T,2021,85.3,1.22
3591,Xbox Series X,Adventure,Publisher_37,T,2016,,0.18
3592,Xbox One,Sports,Publisher_32,T,2018,72.2,0.13
3593,Switch,Simulation,Publisher_18,E10+,2021,78.8,0.17
3594,Xbox Series X,Shooter,Publisher_6,T,2021,80.8,0.39
3595,Xbox One,Adventure,Publisher_17,M,2018,77.5,0.65
3596,PC,Adventure,Publisher_33,T,2019,80.8,0.09
3597,Xbox Series X,Adventure,Publisher_24,M,2015,76.5,0.35
3598,Xbox Series X,Simulation,Publisher_8,E10+,2015,77.5,0.18
3599,Xbox One,Sports,Publisher_7,E,2024,64.7,0.16
3600,Xbox Series X,Racing,Publisher_39,M,2017,90.1,1.13
3601,PC,Action,Publisher_18,E10+,2024,59.7,0.21
3602,PC,RPG,Publisher_28,E,2015,75.1,0.33
3603,Xbox One,Action,Publisher_15,E,2024,58.6,0.18
3604,Xbox Series X,Puzzle,Publisher_4,E10+,2019,71.0,0.35
3605,Xbox One,Racing,Publisher_17,E,2023,,0.41
3606,PS4,Puzzle,Publisher_28,T,2023,73.4,0.51
3607,Xbox Series X,Sports,Publisher_14,T,2018,75.4,0.3
3608,PS4,RPG,Publisher_25,E10+,2022,62.4,1.37
3609,PS5,Puzzle,Publisher_18,E,2018,71.7,0.09
3610,PS5,Adventure,Publisher_14,E,2022,,0.21
3611,Xbox One,Simulation,Publisher_11,M,2024,58.9,0.1
3612,PS5,Action,Publisher_11,E10+,2023,63.5,0.27
3613,Xbox One,Shooter,Publisher_11,E,2022,80.6,0.35
3614,Xbox Series X,Action,Publisher_29,T,2018,72.8,0.21
3615,Xbox Series X,Adventure,Publisher_14,M,2016,73.5,0.21
3616,Switch,Action,Publisher_30,E,2020,82.2,0.63
3617,Xbox One,Adventure,Publisher_13,M,2016,64.1,0.23
3618,Switch,Sports,Publisher_14,T,2020,66.8,0.5
3619,Switch,Action,Publisher_37,E10+,2023,65.6,0.84
3620,PS5,Simulation,Publisher_36,M,2016,68.5,0.23
3621,PS4,Shooter,Publisher_17,E10+,2024,85.4,1.45
3622,Xbox One,Shooter,Publisher_11,T,2020,55.0,0.49
3623,PC,Puzzle,Publisher_29,E,2015,60.1,0.09
3624,PS5,RPG,Publisher_3,E,2022,58.3,0.29
3625,PS5,Puzzle,Publisher_19,M,2015,86.0,0.47
3626,PC,Shooter,Publisher_24,M,2021,65.9,0.34
3627,PC,RPG,Publisher_28,E,2020,68.7,0.5
3628,PS4,Shooter,Publisher_5,E,2022,55.9,0.44
3629,Xbox Series X,Action,Publisher_1,T,2018,69.4,0.6
3630,Xbox One,RPG,Publisher_12,M,2016,80.7,0.22
3631,PS4,Racing,Publisher_5,T,2018,74.5,0.61
3632,PS4,Sports,Publisher_21,T,2022,70.9,0.25
3633,Xbox Series X,Action,Publisher_37,E10+,2024,56.4,0.53
3634,Xbox One,Puzzle,Publisher_12,E,2017,68.7,0.05
3635,PS4,Shooter,Publisher_19,M,2018,73.5,0.54
3636,Xbox Series X,Sports,Publisher_9,M,2023,62.1,0.84
3637,PS4,Puzzle,Publisher_2,E10+,2018,78.5,0.06
3638,Switch,Adventure,Publisher_29,T,2017,80.9,0.48
3639,PS5,Action,Publisher_11,E,2023,66.7,0.59
3640,PS4,Sports,Publisher_22,E10+,2019,79.3,0.12
3641,PS4,RPG,Publisher_28,E,2020,70.9,0.89
3642,PC,Puzzle,Publisher_34,E10+,2019,83.5,0.1
3643,PC,Action,Publisher_8,E,2021,92.3,0.19
3644,Xbox One,Adventure,Publisher_24,T,2017,61.1,0.09
3645,PS5,RPG,Publisher_37,E,2022,79.7,0.32
3646,Switch,Sports,Publisher_20,T,2018,85.0,0.6
3647,Xbox Series X,Adventure,Publisher_2,T,2020,62.3,0.2
3648,PC,Action,Publisher_11,M,2016,66.2,0.18
3649,Xbox Series X,Sports,Publisher_32,E,2015,66.1,0.2
3650,PC,Simulation,Publisher_32,E10+,2020,70.7,0.1
3651,Switch,Racing,Publisher_13,E,2016,68.4,0.76
3652,PS4,Shooter,Publisher_8,T,2024,70.0,0.34
3653,Switch,Puzzle,Publisher_12,E,2024,80.4,0.22
3654,PS4,Puzzle,Publisher_10,T,2018,53.0,0.14
3655,Xbox Series X,Racing,Publisher_30,M,2017,62.3,0.19
3656,PS4,Action,Publisher_34,T,2020,78.7,0.32
3657,Switch,Racing,Publisher_2,E,2017,77.5,0.23
3658,PS4,RPG,Publisher_30,E10+,2023,61.4,0.13
3659,Xbox One,Adventure,Publisher_31,T,2016,77.6,0.16
3660,Xbox One,Racing,Publisher_25,E10+,2019,85.3,0.35
3661,Switch,Action,Publisher_35,E10+,2016,71.5,1.46
3662,PC,Simulation,Publisher_2,M,2023,61.9,0.06
3663,PS5,RPG,Publisher_28,M,2016,80.7,1.64
3664,PC,RPG,Publisher_6,E10+,2019,,0.11
3665,PS5,Simulation,Publisher_36,E10+,2023,63.1,0.22
3666,Xbox One,Adventure,Publisher_20,E,2019,72.4,0.21
3667,Xbox Series X,Adventure,Publisher_4,E10+,2016,82.9,0.66
3668,Xbox One,Puzzle,Publisher_30,T,2016,73.2,0.11
3669,Switch,Simulation,Publisher_30,T,2021,54.5,0.16
3670,PC,Action,Publisher_19,E10+,2016,76.4,0.38
3671,Xbox Series X,Racing,Publisher_13,E,2018,62.2,0.3
3672,PC,RPG,Publisher_1,E,2021,,0.16
3673,PS4,Shooter,Publisher_37,E,2018,54.7,0.35
3674,PS4,Sports,Publisher_8,E,2023,83.9,0.31
3675,Xbox Series X,Sports,Publisher_34,E,2021,63.7,0.2
3676,Xbox One,Shooter,Publisher_24,T,2016,75.3,0.38
3677,Switch,Simulation,Publisher_28,M,2023,77.8,0.64
3678,Switch,Puzzle,Publisher_28,M,2024,73.6,0.44
3679,PS4,RPG,Publisher_35,T,2017,75.0,0.75
3680,PS4,Shooter,Publisher_2,E10+,2018,75.8,0.44
3681,PC,Racing,Publisher_40,M,2018,73.4,0.09
3682,Xbox Series X,Sports,Publisher_2,E,2019,64.4,0.32
3683,PS4,Racing,Publisher_40,T,2019,,0.17
3684,PC,Puzzle,Publisher_11,M,2023,71.0,0.06
3685,Xbox Series X,Sports,Publisher_34,T,2021,70.7,0.41
3686,PC,Racing,Publisher_4,E10+,2023,76.3,0.33
3687,PC,Puzzle,Publisher_19,T,2018,83.0,0.3
3688,PC,Racing,Publisher_22,M,2020,75.4,0.14
3689,Xbox One,RPG,Publisher_39,E,2016,63.9,0.46
3690,Switch,Racing,Publisher_5,T,2017,50.2,0.87
3691,PC,Adventure,Publisher_2,E,2020,64.3,0.1
3692,PS4,Sports,Publisher_26,E,2016,58.6,0.28
3693,PS5,Racing,Publisher_2,M,2024,64.7,0.15
3694,PS4,Puzzle,Publisher_32,E10+,2017,74.4,0.08
3695,Xbox One,RPG,Publisher_2,E,2016,72.8,0.21
3696,Xbox One,Shooter,Publisher_39,E10+,2022,90.6,1.03
3697,PS5,Simulation,Publisher_22,E,2015,76.8,0.24
3698,Xbox One,RPG,Publisher_38,M,2018,91.1,0.33
3699,PS4,Racing,Publisher_6,M,2016,79.2,0.33
3700,Xbox One,Sports,Publisher_11,E,2021,82.9,0.21
3701,Xbox One,Simulation,Publisher_19,E,2023,68.4,0.09
3702,Xbox One,Racing,Publisher_2,M,2016,61.3,0.25
3703,Xbox Series X,Adventure,Publisher_5,M,2019,67.5,0.37
3704,Xbox Series X,Racing,Publisher_14,M,2019,71.9,0.29
3705,Switch,RPG,Publisher_30,T,2021,65.7,0.4
3706,Switch,RPG,Publisher_29,M,2018,62.0,0.68
3707,Switch,Puzzle,Publisher_4,E10+,2020,76.2,0.34
3708,Xbox Series X,Adventure,Publisher_3,M,2020,61.9,0.11
3709,Xbox Series X,Sports,Publisher_27,M,2015,56.7,0.36
3710,PS4,Adventure,Publisher_15,E,2020,60.8,0.29
3711,Xbox One,Adventure,Publisher_32,E,2020,69.7,0.07
3712,PS5,Action,Publisher_12,T,2024,62.1,0.27
3713,Xbox Series X,Action,Publisher_15,M,2020,69.7,0.68
3714,PS4,Puzzle,Publisher_9,M,2023,78.0,0.16
3715,Xbox One,Adventure,Publisher_11,E,2018,77.7,0.1
3716,PC,Shooter,Publisher_29,E10+,2021,65.4,0.31
3717,PC,Puzzle,Publisher_19,M,2024,59.0,0.14
3718,Xbox Series X,Simulation,Publisher_27,E,2016,66.2,0.18
3719,PS5,RPG,Publisher_4,T,2020,78.6,1.45
3720,PS4,Sports,Publisher_22,E10+,2024,80.9,0.27
3721,PS5,Simulation,Publisher_19,E,2020,75.5,0.24
3722,Switch,RPG,Publisher_37,E,2023,84.0,0.42
3723,PC,Shooter,Publisher_17,T,2019,89.3,0.54
3724,Xbox One,Shooter,Publisher_5,M,2023,,0.6
3725,PS4,Racing,Publisher_28,E,2021,,0.82
3726,PS5,RPG,Publisher_6,E10+,2019,69.4,0.32
3727,PC,Puzzle,Publisher_37,E,2017,82.2,0.08
3728,PS4,Puzzle,Publisher_16,T,2016,79.1,0.25
3729,PS5,Sports,Publisher_32,M,2017,52.2,0.44
3730,PS4,Shooter,Publisher_27,M,2022,62.3,0.69
3731,PS4,Action,Publisher_19,E10+,2019,59.8,0.69
3732,Xbox One,Sports,Publisher_24,E10+,2018,54.2,0.17
3733,PC,Simulation,Publisher_8,E10+,2019,80.8,0.05
3734,PS4,Racing,Publisher_3,M,2018,92.7,0.19
3735,Switch,Racing,Publisher_31,E10+,2023,69.4,0.25
3736,PS5,Simulation,Publisher_39,E,2018,80.5,0.49
3737,PS5,Puzzle,Publisher_35,M,2019,86.8,0.59
3738,PS5,Adventure,Publisher_13,E,2020,74.1,0.3
3739,PC,Puzzle,Publisher_15,M,2021,71.7,0.22
3740,Xbox One,Shooter,Publisher_15,E,2018,69.5,0.31
3741,Switch,Puzzle,Publisher_29,T,2015,77.4,0.24
3742,PS5,RPG,Publisher_25,E10+,2021,,1.0
3743,PS5,Simulation,Publisher_32,T,2020,76.6,0.15
3744,PC,Sports,Publisher_38,E10+,2021,76.3,0.14
3745,PS5,Simulation,Publisher_16,E10+,2020,71.5,0.37
3746,PS5,Simulation,Publisher_27,E10+,2020,56.1,0.29
3747,Xbox One,Sports,Publisher_21,M,2024,81.0,0.4
3748,Xbox One,Puzzle,Publisher_39,E,2015,59.2,0.15
3749,PS4,Simulation,Publisher_15,E,2015,78.2,0.19
3750,Xbox Series X,Racing,Publisher_8,E,2024,79.6,0.29
3751,Switch,RPG,Publisher_16,T,2023,60.6,0.66
3752,Xbox Series X,Simulation,Publisher_25,T,2019,65.9,0.66
3753,Xbox Series X,Racing,Publisher_39,T,2020,93.2,0.45
3754,PS5,Action,Publisher_34,E,2019,71.2,0.23
3755,Xbox Series X,Sports,Publisher_1,M,2024,59.8,0.3
3756,Switch,Puzzle,Publisher_21,M,2019,80.0,0.16
3757,Xbox One,Shooter,Publisher_7,M,2022,64.3,0.2
3758,PC,Sports,Publisher_15,M,2018,52.8,0.24
3759,PS5,Adventure,Publisher_38,E10+,2018,77.2,0.27
3760,PS5,Action,Publisher_40,T,2021,62.8,0.29
3761,Xbox One,Sports,Publisher_7,E10+,2018,75.2,0.15
3762,PS4,Shooter,Publisher_6,T,2015,63.9,0.31
3763,Xbox One,Action,Publisher_28,E10+,2016,79.1,0.52
3764,PC,Shooter,Publisher_17,T,2023,73.8,0.5
3765,Xbox Series X,Simulation,Publisher_18,M,2018,46.1,0.18
3766,Xbox One,Simulation,Publisher_35,T,2016,75.8,0.33
3767,Switch,Adventure,Publisher_37,M,2024,69.1,0.26
3768,PS5,RPG,Publisher_37,M,2024,86.2,0.34
3769,PC,Action,Publisher_32,E,2019,76.0,0.12
3770,PS4,Adventure,Publisher_40,M,2021,79.6,0.2
3771,Switch,RPG,Publisher_29,M,2022,64.9,1.39
3772,Xbox One,Puzzle,Publisher_36,E10+,2015,64.1,0.08
3773,PS5,Action,Publisher_22,T,2017,71.7,0.25
3774,Switch,Puzzle,Publisher_3,T,2020,68.4,0.18
3775,PS4,Racing,Publisher_33,M,2020,85.4,0.18
3776,Xbox One,Simulation,Publisher_38,M,2018,70.5,0.12
3777,PC,Action,Publisher_13,E,2015,59.8,0.21
3778,PC,Shooter,Publisher_18,E,2024,63.7,0.35
3779,PC,Simulation,Publisher_23,E,2021,81.7,0.1
3780,Xbox Series X,Shooter,Publisher_27,T,2022,70.3,0.76
3781,Xbox One,Puzzle,Publisher_27,M,2019,69.8,0.12
3782,PS4,Sports,Publisher_16,T,2020,82.6,0.63
3783,PC,Puzzle,Publisher_35,E,2019,62.9,0.17
3784,Xbox Series X,RPG,Publisher_33,T,2019,49.6,0.39
3785,Switch,Racing,Publisher_38,E10+,2021,63.5,0.33
3786,Xbox Series X,Simulation,Publisher_24,E10+,2024,74.4,0.13
3787,Switch,Puzzle,Publisher_4,M,2022,69.5,1.61
3788,PS4,Shooter,Publisher_34,E10+,2021,56.4,0.31
3789,Switch,Sports,Publisher_4,T,2015,82.2,1.15
3790,PS5,RPG,Publisher_8,E,2020,73.6,0.36
3791,PS5,Adventure,Publisher_12,E10+,2024,75.9,0.31
3792,Xbox Series X,Sports,Publisher_8,T,2018,76.2,0.36
3793,Xbox Series X,Puzzle,Publisher_29,T,2020,59.0,0.19
3794,Switch,Shooter,Publisher_18,M,2018,75.0,0.8
3795,Xbox Series X,RPG,Publisher_9,E10+,2016,81.1,0.9
3796,PS5,Puzzle,Publisher_1,M,2022,83.4,0.12
3797,PS4,RPG,Publisher_9,M,2018,79.2,1.35
3798,Xbox Series X,RPG,Publisher_28,E10+,2020,77.1,2.09
3799,Xbox One,Racing,Publisher_32,E,2020,54.6,0.15
3800,Xbox One,Adventure,Publisher_12,E10+,2023,71.9,0.13
3801,PS4,Adventure,Publisher_3,T,2024,62.4,0.16
3802,Xbox One,Puzzle,Publisher_23,M,2020,84.8,0.13
3803,Xbox One,Puzzle,Publisher_32,T,2015,83.3,0.07
3804,Switch,Adventure,Publisher_3,T,2020,62.5,0.12
3805,Xbox One,RPG,Publisher_32,E,2023,71.5,0.3
3806,Switch,RPG,Publisher_7,T,2019,74.5,0.61
3807,PS4,Shooter,Publisher_11,M,2020,81.0,0.21
3808,Switch,Puzzle,Publisher_25,E10+,2022,55.2,0.54
3809,PS5,Puzzle,Publisher_3,M,2019,49.9,0.13
3810,PS5,Sports,Publisher_13,E,2019,72.4,0.49
3811,PC,Adventure,Publisher_6,M,2019,46.7,0.12
3812,Xbox Series X,RPG,Publisher_9,M,2023,73.6,0.41
3813,Xbox One,Simulation,Publisher_31,T,2019,77.9,0.11
3814,Xbox One,Puzzle,Publisher_10,T,2018,84.4,0.08
3815,Switch,Simulation,Publisher_2,M,2020,65.8,0.24
3816,PS4,Puzzle,Publisher_9,E10+,2021,73.6,0.12
3817,PS4,Racing,Publisher_4,E,2024,,0.73
3818,PS5,Sports,Publisher_25,M,2023,60.2,1.7
3819,PC,Shooter,Publisher_39,E,2022,81.2,0.61
3820,PS4,Adventure,Publisher_7,T,2022,74.7,0.16
3821,Xbox One,Shooter,Publisher_30,E10+,2019,65.9,0.56
3822,Xbox Series X,Action,Publisher_15,M,2018,73.4,0.44
3823,PS5,Sports,Publisher_3,M,2020,70.6,0.5
3824,Xbox Series X,Racing,Publisher_28,E10+,2022,79.8,0.85
3825,PS5,Puzzle,Publisher_9,T,2020,68.4,0.55
3826,PS4,Simulation,Publisher_21,E10+,2017,74.3,0.15
3827,PS5,Simulation,Publisher_21,E10+,2015,65.8,0.22
3828,Switch,Racing,Publisher_24,M,2015,62.6,0.36
3829,Xbox One,Racing,Publisher_6,E10+,2019,73.7,0.1
3830,PC,Adventure,Publisher_11,M,2022,63.0,0.09
3831,Xbox Series X,Action,Publisher_30,T,2022,80.0,0.33
3832,PS4,Racing,Publisher_38,M,2023,77.9,0.31
3833,Xbox One,Shooter,Publisher_1,T,2022,64.3,0.25
3834,PC,Adventure,Publisher_17,M,2015,74.1,0.37
3835,Xbox One,Adventure,Publisher_36,E10+,2023,64.3,0.19
3836,PS5,Puzzle,Publisher_12,E10+,2024,56.0,0.05
3837,PS4,Puzzle,Publisher_18,E10+,2023,66.0,0.05
3838,PC,Puzzle,Publisher_37,E,2019,71.5,0.02
3839,Xbox One,Racing,Publisher_39,E,2017,77.2,0.54
3840,PC,Sports,Publisher_27,E10+,2024,73.5,0.26
3841,Xbox One,RPG,Publisher_28,M,2016,81.1,1.17
3842,PS5,Puzzle,Publisher_25,M,2022,62.2,0.46
3843,PC,Racing,Publisher_12,T,2024,68.2,0.17
3844,Switch,Sports,Publisher_36,E10+,2024,88.4,0.37
3845,Switch,Simulation,Publisher_2,T,2020,52.7,0.21
3846,PC,Simulation,Publisher_3,M,2023,67.5,0.11
3847,PS4,Puzzle,Publisher_25,E,2023,61.3,0.29
3848,PC,Sports,Publisher_34,M,2024,70.0,0.31
3849,PS4,Simulation,Publisher_33,M,2018,67.7,0.09
3850,PC,Sports,Publisher_28,M,2021,78.0,0.62
3851,PS4,Shooter,Publisher_16,E,2023,74.6,0.6
3852,Xbox One,Adventure,Publisher_15,M,2017,58.9,0.21
3853,Switch,Racing,Publisher_18,T,2017,66.1,0.24
3854,PS5,Sports,Publisher_11,T,2018,72.0,0.28
3855,PS5,Action,Publisher_17,E,2018,79.4,1.91
3856,PC,RPG,Publisher_5,E10+,2022,96.3,0.4
3857,PS5,Puzzle,Publisher_13,E10+,2024,,0.55
3858,Xbox One,Puzzle,Publisher_38,M,2016,61.9,0.09
3859,PC,Sports,Publisher_29,E10+,2018,71.1,0.21
3860,Xbox One,Sports,Publisher_6,E,2024,73.8,0.2
3861,Xbox Series X,Puzzle,Publisher_12,M,2020,66.8,0.13
3862,Xbox Series X,Sports,Publisher_11,E,2017,76.7,0.42
3863,Xbox One,Action,Publisher_12,M,2021,49.3,0.13
3864,Xbox One,Shooter,Publisher_28,M,2023,77.5,0.53
3865,Xbox One,Racing,Publisher_36,E10+,2018,67.2,0.15
3866,PS5,Sports,Publisher_29,T,2019,70.9,0.71
3867,Xbox One,Sports,Publisher_20,M,2021,86.7,0.52
3868,Switch,Sports,Publisher_7,T,2023,59.4,0.41
3869,Switch,RPG,Publisher_6,T,2020,74.7,0.48
3870,PS5,Action,Publisher_33,E,2024,79.9,0.23
3871,Switch,Action,Publisher_28,T,2022,73.7,1.65
3872,Switch,RPG,Publisher_21,T,2019,55.9,0.54
3873,PS4,Action,Publisher_24,T,2019,85.5,0.33
3874,PC,RPG,Publisher_34,M,2021,69.9,0.12
3875,Xbox One,Racing,Publisher_33,M,2015,66.7,0.14
3876,Xbox Series X,Action,Publisher_4,T,2017,,1.43
3877,Switch,Racing,Publisher_16,E10+,2017,68.2,0.97
3878,Xbox One,Racing,Publisher_2,E10+,2023,60.1,0.06
3879,Xbox One,Racing,Publisher_16,E,2023,73.6,0.29
3880,PS4,Puzzle,Publisher_26,T,2023,66.0,0.06
3881,PC,Adventure,Publisher_9,E10+,2016,78.7,0.29
3882,PC,Action,Publisher_7,M,2017,77.2,0.27
3883,PS5,Sports,Publisher_20,M,2018,88.3,0.81
3884,Switch,RPG,Publisher_21,M,2015,,0.56
3885,PS5,Puzzle,Publisher_29,M,2017,64.0,0.34
3886,Xbox Series X,Adventure,Publisher_1,E10+,2019,57.3,0.17
3887,PC,Simulation,Publisher_10,E10+,2023,93.9,0.06
3888,PS4,Racing,Publisher_32,T,2016,78.6,0.32
3889,Xbox Series X,Shooter,Publisher_28,E10+,2023,65.1,1.56
3890,PS4,Shooter,Publisher_36,E10+,2023,88.9,0.41
3891,Switch,Action,Publisher_33,T,2016,85.6,0.38
3892,Xbox Series X,Shooter,Publisher_34,E10+,2017,58.5,0.45
3893,Xbox One,Racing,Publisher_21,M,2019,64.5,0.32
3894,PC,Sports,Publisher_39,E,2024,70.7,0.35
3895,Xbox One,Adventure,Publisher_17,E10+,2022,61.3,0.35
3896,Switch,Adventure,Publisher_37,T,2024,71.0,0.18
3897,PS5,RPG,Publisher_16,M,2018,79.1,0.68
3898,PS4,Simulation,Publisher_18,T,2024,58.3,0.08
3899,PC,Action,Publisher_28,E,2024,74.9,0.61
3900,PC,Simulation,Publisher_16,E10+,2020,83.7,0.17
3901,Xbox One,Adventure,Publisher_6,M,2016,76.0,0.18
3902,Xbox Series X,Sports,Publisher_36,E10+,2017,71.2,0.19
3903,PS4,Puzzle,Publisher_19,E10+,2016,65.3,0.16
3904,PC,RPG,Publisher_38,E,2023,80.3,0.12
3905,Switch,Adventure,Publisher_16,T,2018,60.2,0.51
3906,PS4,Sports,Publisher_39,E,2022,74.4,0.32
3907,Xbox One,Sports,Publisher_25,E10+,2017,72.3,0.61
3908,Xbox One,RPG,Publisher_31,T,2024,83.3,0.2
3909,Xbox Series X,Sports,Publisher_31,M,2022,66.2,0.33
3910,PC,RPG,Publisher_9,E,2018,67.0,0.17
3911,PS5,Racing,Publisher_33,E10+,2019,59.6,0.29
3912,PS4,Puzzle,Publisher_38,E,2015,76.4,0.08
3913,PS5,Racing,Publisher_27,E10+,2016,67.8,0.48
3914,Switch,Sports,Publisher_38,M,2024,63.4,0.2
3915,Xbox One,Sports,Publisher_34,E10+,2023,64.3,0.1
3916,PC,Simulation,Publisher_27,E10+,2023,77.4,0.14
3917,Xbox One,RPG,Publisher_20,E10+,2021,61.0,0.56
3918,PS5,Action,Publisher_35,M,2017,61.9,1.53
3919,Xbox Series X,Shooter,Publisher_8,T,2016,81.0,0.43
3920,PS5,Action,Publisher_23,T,2022,70.3,0.46
3921,Switch,RPG,Publisher_33,M,2018,81.6,0.33
3922,Switch,Adventure,Publisher_38,T,2015,68.4,0.29
3923,PC,RPG,Publisher_11,T,2015,72.0,0.22
3924,Xbox Series X,Puzzle,Publisher_4,T,2020,73.6,0.44
3925,PS4,Shooter,Publisher_14,T,2023,85.9,0.63
3926,PS5,RPG,Publisher_35,E,2018,85.1,0.87
3927,Xbox Series X,Puzzle,Publisher_21,E10+,2024,83.5,0.12
3928,Xbox Series X,Racing,Publisher_3,M,2018,,0.14
3929,Switch,RPG,Publisher_5,E,2022,62.1,0.75
3930,Switch,Sports,Publisher_14,M,2017,79.6,0.73
3931,PS5,Simulation,Publisher_14,T,2021,85.8,0.15
3932,PS4,Sports,Publisher_6,E10+,2017,83.6,0.32
3933,Xbox One,Simulation,Publisher_20,E,2022,72.1,0.32
3934,Xbox Series X,Shooter,Publisher_20,M,2019,79.3,0.74
3935,PS5,Simulation,Publisher_8,E,2015,79.5,0.22
3936,PC,RPG,Publisher_10,T,2017,73.5,0.3
3937,Switch,Racing,Publisher_27,E,2018,73.9,0.51
3938,Xbox One,Racing,Publisher_39,M,2019,73.0,0.58
3939,PS4,RPG,Publisher_40,E,2017,64.1,0.11
3940,PC,Sports,Publisher_23,M,2020,65.1,0.33
3941,PS5,Racing,Publisher_2,T,2024,65.0,0.3
3942,Xbox Series X,Puzzle,Publisher_36,E,2022,56.0,0.06
3943,Switch,RPG,Publisher_39,T,2018,73.4,0.75
3944,PC,Adventure,Publisher_12,M,2021,71.6,0.16
3945,PS4,Puzzle,Publisher_17,E,2024,79.6,0.23
3946,Xbox One,Sports,Publisher_2,M,2017,84.6,0.34
3947,PS4,Simulation,Publisher_33,M,2017,85.2,0.2
3948,PS5,Action,Publisher_32,T,2015,86.2,0.46
3949,Xbox Series X,Puzzle,Publisher_1,E10+,2023,64.4,0.09
3950,PC,Shooter,Publisher_29,E,2023,57.7,0.29
3951,Switch,Puzzle,Publisher_17,E10+,2019,81.3,0.57
3952,Xbox Series X,Adventure,Publisher_22,M,2023,85.8,0.33
3953,PS4,Puzzle,Publisher_9,T,2021,87.6,0.19
3954,PS5,Puzzle,Publisher_33,T,2024,76.8,0.21
3955,PS4,Adventure,Publisher_17,M,2024,52.0,0.61
3956,PS5,Puzzle,Publisher_34,E10+,2024,75.7,0.15
3957,PS4,Adventure,Publisher_6,E,2018,77.6,0.17
3958,Switch,Shooter,Publisher_24,M,2021,84.5,0.73
3959,PS5,Sports,Publisher_13,T,2016,86.3,0.34
3960,PS5,Sports,Publisher_39,T,2023,81.1,1.03
3961,Xbox One,Racing,Publisher_23,T,2018,66.1,0.4
3962,PS4,Racing,Publisher_29,M,2019,61.7,0.34
3963,Xbox Series X,Action,Publisher_4,M,2020,77.3,1.5
3964,PS5,Sports,Publisher_28,T,2022,64.1,0.86
3965,PS4,Simulation,Publisher_5,M,2022,86.8,0.46
3966,Xbox Series X,Puzzle,Publisher_15,E10+,2024,55.0,0.13
3967,Switch,Adventure,Publisher_9,T,2022,77.7,0.93
3968,Xbox Series X,Sports,Publisher_1,M,2022,75.2,0.25
3969,Xbox One,Action,Publisher_24,E,2020,69.9,0.16
3970,Xbox One,RPG,Publisher_10,T,2019,62.7,0.15
3971,PS4,Adventure,Publisher_21,T,2024,51.4,0.27
3972,PS4,Racing,Publisher_31,T,2018,66.7,0.17
3973,Xbox Series X,Adventure,Publisher_8,M,2021,66.9,0.19
3974,PS5,Shooter,Publisher_29,E10+,2017,83.1,0.36
3975,Switch,Shooter,Publisher_12,E,2019,64.2,0.3
3976,Xbox One,Racing,Publisher_14,E,2018,76.5,0.16
3977,PS4,Simulation,Publisher_24,M,2017,59.1,0.17
3978,Xbox Series X,Shooter,Publisher_26,T,2023,76.8,0.31
3979,PS4,Racing,Publisher_27,T,2022,49.6,0.22
3980,Xbox One,Simulation,Publisher_8,E10+,2022,93.0,0.23
3981,Switch,RPG,Publisher_24,E10+,2015,70.6,0.95
3982,PS5,Adventure,Publisher_11,M,2017,44.1,0.33
3983,Xbox Series X,Racing,Publisher_12,T,2017,64.8,0.37
3984,PS5,Simulation,Publisher_38,M,2022,63.2,0.4
3985,Xbox Series X,Shooter,Publisher_5,M,2023,65.4,1.93
3986,PS4,Puzzle,Publisher_17,M,2018,68.4,0.27
3987,Xbox Series X,RPG,Publisher_18,T,2018,65.4,0.22
3988,Xbox Series X,Puzzle,Publisher_10,E,2020,63.8,0.18
3989,PS4,RPG,Publisher_32,T,2024,60.4,0.16
3990,Xbox Series X,Racing,Publisher_20,T,2018,80.2,0.34
3991,Switch,Adventure,Publisher_29,T,2017,84.0,0.33
3992,Switch,Shooter,Publisher_16,E,2020,69.5,0.8
3993,PS5,Shooter,Publisher_36,M,2024,71.8,0.26
3994,Xbox Series X,RPG,Publisher_30,M,2022,60.7,0.2
3995,PC,Puzzle,Publisher_14,E10+,2020,72.7,0.05
3996,Xbox One,Racing,Publisher_39,E10+,2022,74.3,0.24
3997,PS4,Racing,Publisher_35,E,2015,69.8,0.72
3998,Xbox One,Action,Publisher_24,M,2022,76.0,0.26
3999,PS5,Action,Publisher_1,E,2015,75.1,0.45
4000,PS5,Action,Publisher_24,E10+,2018,61.5,0.41
4001,Xbox One,Adventure,Publisher_28,E10+,2018,83.9,0.45
4002,Xbox One,Adventure,Publisher_15,E10+,2021,69.9,0.27
4003,Switch,Action,Publisher_6,T,2017,88.8,0.57
4004,Xbox Series X,Action,Publisher_23,M,2017,,0.59
4005,PC,Adventure,Publisher_33,M,2023,91.7,0.09
4006,Xbox Series X,Racing,Publisher_13,T,2019,83.8,0.52
4007,Switch,RPG,Publisher_19,E,2022,74.3,0.46
4008,PS5,Racing,Publisher_1,M,2020,64.8,0.33
4009,PS5,Sports,Publisher_29,E10+,2021,65.0,0.49
4010,Switch,Sports,Publisher_35,M,2021,77.3,0.81
4011,PC,RPG,Publisher_32,E10+,2021,73.4,0.18
4012,PC,Simulation,Publisher_18,T,2024,66.1,0.09
4013,PS4,Adventure,Publisher_2,E10+,2022,80.3,0.19
4014,PS5,Sports,Publisher_20,E10+,2018,72.4,0.67
4015,PC,Racing,Publisher_38,E,2016,80.4,0.09
4016,Xbox One,Simulation,Publisher_4,T,2023,62.2,0.44
4017,PS4,Simulation,Publisher_9,E10+,2018,82.0,0.23
4018,Switch,Adventure,Publisher_34,M,2018,77.0,0.22
4019,PC,Sports,Publisher_23,E10+,2016,84.0,0.33
4020,PS4,Sports,Publisher_7,M,2020,81.8,0.4
4021,Switch,Sports,Publisher_1,E10+,2020,71.2,0.42
4022,Switch,Sports,Publisher_17,E10+,2023,70.3,0.92
4023,Xbox One,Sports,Publisher_24,E,2022,89.8,0.09
4024,Xbox One,RPG,Publisher_34,T,2022,69.1,0.32
4025,PS4,Racing,Publisher_36,E,2020,79.5,0.09
4026,PC,Shooter,Publisher_19,E10+,2023,68.2,0.47
4027,PC,Shooter,Publisher_17,M,2024,53.4,1.24
4028,PC,Sports,Publisher_38,T,2023,59.7,0.15
4029,Switch,Sports,Publisher_32,T,2018,76.1,0.41
4030,PS5,Simulation,Publisher_9,M,2017,79.0,0.58
4031,Xbox Series X,Racing,Publisher_28,M,2015,76.1,0.98
4032,Xbox Series X,Sports,Publisher_29,M,2024,83.5,1.29
4033,PC,Adventure,Publisher_10,T,2022,75.9,0.09
4034,Xbox One,Adventure,Publisher_40,E10+,2024,64.2,0.09
4035,Xbox One,Simulation,Publisher_12,E,2022,77.9,0.09
4036,PS5,Sports,Publisher_22,E10+,2019,73.7,0.59
4037,Switch,Puzzle,Publisher_20,T,2016,66.2,0.23
4038,Xbox Series X,Simulation,Publisher_28,E10+,2015,76.7,0.66
4039,PS5,Adventure,Publisher_37,T,2022,72.8,0.37
4040,PC,Sports,Publisher_16,E,2018,65.9,0.34
4041,PS4,Simulation,Publisher_16,E,2018,70.2,0.34
4042,PS5,Shooter,Publisher_31,E10+,2023,86.1,0.78
4043,PS5,Shooter,Publisher_39,E,2019,85.8,1.33
4044,Xbox Series X,Racing,Publisher_37,M,2024,,0.22
4045,PS5,Adventure,Publisher_31,E10+,2020,72.6,0.25
4046,PC,Action,Publisher_29,E10+,2023,57.7,0.22
4047,Xbox One,Racing,Publisher_31,E10+,2016,89.2,0.38
4048,PS4,Adventure,Publisher_38,E10+,2018,82.4,0.15
4049,PS5,Racing,Publisher_1,M,2016,79.5,0.39
4050,Xbox Series X,RPG,Publisher_24,T,2015,49.3,0.15
4051,PS5,Action,Publisher_2,E,2024,72.4,0.38
4052,PC,Racing,Publisher_24,E,2020,70.7,0.1
4053,PS4,Puzzle,Publisher_16,E,2018,78.8,0.22
4054,Xbox Series X,Racing,Publisher_13,E10+,2018,67.5,0.46
4055,PS5,Simulation,Publisher_36,T,2017,69.7,0.32
4056,PS5,Racing,Publisher_29,M,2016,78.2,0.82
4057,PS4,Racing,Publisher_23,E10+,2024,64.3,0.26
4058,PS5,Action,Publisher_36,E,2016,66.3,0.25
4059,Switch,Racing,Publisher_4,E,2018,73.9,0.7
4060,PC,Sports,Publisher_26,E10+,2016,85.4,0.18
4061,PC,Puzzle,Publisher_7,E10+,2024,,0.07
4062,PS4,Sports,Publisher_10,T,2017,82.8,0.27
4063,Switch,Simulation,Publisher_8,E,2018,72.6,0.16
4064,Xbox One,RPG,Publisher_22,E,2022,87.0,0.33
4065,PS5,Shooter,Publisher_26,T,2020,54.6,0.23
4066,PS5,Sports,Publisher_31,E10+,2018,,0.3
4067,Xbox One,Sports,Publisher_18,E10+,2020,93.5,0.14
4068,Xbox Series X,Simulation,Publisher_38,E,2019,76.6,0.15
4069,PS5,RPG,Publisher_15,E,2017,80.3,0.83
4070,PC,Racing,Publisher_7,E10+,2020,71.6,0.11
4071,Switch,Simulation,Publisher_2,E10+,2018,69.9,0.21
4072,Xbox One,Racing,Publisher_6,M,2024,65.9,0.2
4073,PC,Action,Publisher_18,M,2019,71.5,0.19
4074,PC,RPG,Publisher_17,E10+,2022,77.6,0.56
4075,PC,Shooter,Publisher_35,E10+,2017,76.2,0.67
4076,PS4,RPG,Publisher_6,E10+,2021,91.9,0.19
4077,PC,Sports,Publisher_11,T,2020,73.0,0.13
4078,Xbox One,Racing,Publisher_40,E10+,2022,57.1,0.14
4079,Switch,Shooter,Publisher_2,M,2019,88.4,0.99
4080,PC,RPG,Publisher_17,M,2022,59.8,0.8
4081,PS5,Shooter,Publisher_8,E10+,2015,66.4,0.85
4082,Xbox Series X,RPG,Publisher_22,E,2021,74.7,0.34
4083,PS5,Sports,Publisher_39,E,2022,76.2,0.71
4084,PS4,Shooter,Publisher_10,M,2019,57.5,0.31
4085,Xbox Series X,Simulation,Publisher_15,E10+,2015,64.5,0.22
4086,PC,Racing,Publisher_18,E10+,2020,57.2,0.09
4087,PC,Racing,Publisher_32,T,2022,78.2,0.15
4088,Xbox Series X,Simulation,Publisher_40,M,2019,83.8,0.25
4089,PS4,Racing,Publisher_4,E10+,2015,59.8,0.37
4090,Xbox One,Sports,Publisher_20,E10+,2018,82.0,0.54
4091,PC,Shooter,Publisher_31,M,2024,81.3,0.14
4092,PC,Shooter,Publisher_1,E,2017,65.4,0.16
4093,PS4,Shooter,Publisher_33,M,2020,52.2,0.45
4094,PS4,Sports,Publisher_10,T,2018,61.3,0.26
4095,Switch,Action,Publisher_21,E,2022,66.0,0.33
4096,PS4,RPG,Publisher_40,E,2019,87.4,0.51
4097,PS4,Simulation,Publisher_26,T,2018,70.8,0.12
4098,PS5,Puzzle,Publisher_40,M,2020,61.9,0.07
4099,Xbox Series X,Adventure,Publisher_25,E,2020,73.5,0.76
4100,Xbox Series X,Sports,Publisher_9,T,2019,59.0,0.28
4101,Xbox One,Shooter,Publisher_28,M,2017,77.1,0.74
4102,PS4,Racing,Publisher_25,T,2016,62.2,0.71
4103,Switch,Shooter,Publisher_13,T,2021,63.7,0.67
4104,Switch,Shooter,Publisher_4,E,2018,75.8,1.97
4105,Xbox Series X,RPG,Publisher_26,T,2021,89.5,0.24
4106,PS4,Action,Publisher_24,T,2018,94.0,0.44
4107,Xbox One,Adventure,Publisher_31,E,2023,61.6,0.06
4108,Switch,Simulation,Publisher_6,E10+,2022,66.0,0.31
4109,Xbox Series X,Action,Publisher_22,M,2019,77.2,0.34
4110,PS4,Shooter,Publisher_33,M,2018,83.7,0.67
4111,Xbox One,Racing,Publisher_36,E,2022,50.4,0.08
4112,Xbox Series X,Adventure,Publisher_38,T,2015,72.9,0.42
4113,Xbox Series X,Simulation,Publisher_9,T,2015,67.1,0.24
4114,Xbox Series X,Shooter,Publisher_7,T,2015,52.8,0.17
4115,PS4,Puzzle,Publisher_24,T,2018,58.6,0.08
4116,Switch,Simulation,Publisher_19,M,2019,66.3,0.73
4117,Xbox Series X,Adventure,Publisher_10,E10+,2017,72.6,0.27
4118,Xbox Series X,RPG,Publisher_5,T,2016,82.1,1.08
4119,Xbox One,Adventure,Publisher_6,T,2018,75.5,0.18
4120,Xbox Series X,Shooter,Publisher_14,T,2019,81.5,0.31
4121,PS5,Action,Publisher_30,M,2017,72.3,0.6
4122,PC,Adventure,Publisher_3,E,2020,65.0,0.1
4123,PS5,Adventure,Publisher_5,M,2018,70.2,0.47
4124,Xbox One,RPG,Publisher_11,T,2024,79.0,0.22
4125,PS4,Shooter,Publisher_35,M,2024,82.3,1.15
4126,PS4,RPG,Publisher_40,E10+,2021,70.5,0.39
4127,PS5,Action,Publisher_18,E10+,2020,62.7,0.29
4128,PC,Simulation,Publisher_2,E,2015,75.4,0.07
4129,Xbox Series X,Action,Publisher_1,M,2021,76.8,0.32
4130,Xbox Series X,Racing,Publisher_35,M,2018,84.3,1.68
4131,Switch,Action,Publisher_18,E10+,2017,65.2,0.31
4132,PS5,Puzzle,Publisher_4,E,2022,65.3,0.64
4133,Xbox One,Simulation,Publisher_34,T,2015,79.6,0.08
4134,Xbox Series X,Puzzle,Publisher_22,T,2017,67.9,0.13
4135,Xbox One,Racing,Publisher_14,T,2022,67.5,0.15
4136,PS5,Adventure,Publisher_19,E,2024,84.5,0.76
4137,PC,Simulation,Publisher_10,M,2020,58.3,0.14
4138,PS4,Adventure,Publisher_38,E10+,2020,92.6,0.2
4139,Switch,Sports,Publisher_32,T,2024,65.9,0.28
4140,Switch,Racing,Publisher_8,M,2015,80.7,0.62
4141,Xbox Series X,Adventure,Publisher_30,T,2019,70.9,0.17
4142,PS5,RPG,Publisher_8,E,2017,74.7,0.15
4143,PS4,Puzzle,Publisher_19,M,2019,69.4,0.11
4144,Switch,Action,Publisher_30,T,2024,80.6,0.26
4145,PC,Simulation,Publisher_2,M,2020,68.5,0.13
4146,PC,Racing,Publisher_30,T,2024,66.3,0.25
4147,PS4,Puzzle,Publisher_10,M,2020,90.1,0.06
4148,Xbox One,Adventure,Publisher_28,M,2023,72.3,0.4
4149,PS5,Sports,Publisher_20,E,2016,65.2,0.59
4150,Switch,Shooter,Publisher_2,E,2018,57.1,0.66
4151,Xbox Series X,Adventure,Publisher_31,E,2017,90.7,0.17
4152,Switch,Sports,Publisher_11,M,2022,66.5,0.48
4153,Switch,Adventure,Publisher_39,E,2020,92.6,0.69
4154,PC,RPG,Publisher_34,E10+,2017,76.0,0.41
4155,Xbox Series X,Racing,Publisher_8,M,2016,73.4,0.28
4156,Xbox Series X,Racing,Publisher_25,E10+,2018,73.7,0.83
4157,Xbox One,Puzzle,Publisher_15,E,2016,94.2,0.12
4158,PS5,Adventure,Publisher_25,E10+,2021,50.1,0.57
4159,PS5,RPG,Publisher_23,E,2023,74.1,0.76
4160,Xbox One,Sports,Publisher_12,E10+,2024,69.3,0.11
4161,Switch,Shooter,Publisher_27,T,2017,69.9,0.43
4162,Xbox One,Racing,Publisher_11,T,2019,73.5,0.14
4163,Switch,Adventure,Publisher_37,T,2020,69.3,0.35
4164,PS4,Adventure,Publisher_38,E,2019,73.9,0.13
4165,Xbox Series X,RPG,Publisher_7,M,2019,71.8,0.38
4166,Xbox One,Simulation,Publisher_30,E10+,2017,58.9,0.06
4167,Xbox Series X,Action,Publisher_38,E10+,2016,75.8,0.48
4168,PS5,Action,Publisher_6,T,2019,79.2,0.53
4169,PS5,Action,Publisher_30,E,2015,66.6,0.35
4170,PC,Simulation,Publisher_38,E10+,2015,90.7,0.11
4171,Xbox One,Sports,Publisher_10,E10+,2020,85.4,0.12
4172,PS4,Racing,Publisher_24,E,2023,80.4,0.11
4173,PS4,Adventure,Publisher_32,M,2020,80.3,0.2
4174,PS5,Adventure,Publisher_14,E10+,2015,72.3,0.28
4175,PC,Simulation,Publisher_10,E,2023,83.4,0.11
4176,PS5,Action,Publisher_16,E10+,2021,87.7,0.74
4177,Switch,Shooter,Publisher_14,M,2018,80.1,0.77
4178,PS4,Racing,Publisher_30,T,2017,66.3,0.29
4179,Xbox Series X,Puzzle,Publisher_15,T,2023,71.6,0.17
4180,PS4,Racing,Publisher_16,M,2019,77.7,0.48
4181,Switch,Racing,Publisher_38,E,2016,80.4,0.26
4182,PS5,RPG,Publisher_24,T,2017,71.2,0.35
4183,Xbox Series X,Action,Publisher_38,E10+,2017,66.3,0.32
4184,PS4,Shooter,Publisher_29,T,2019,87.8,1.02
4185,PS4,RPG,Publisher_36,M,2018,61.3,0.37
4186,PS4,Racing,Publisher_8,E,2020,62.6,0.2
4187,PC,Adventure,Publisher_38,E,2018,58.7,0.08
4188,Xbox Series X,Racing,Publisher_38,M,2021,62.6,0.17
4189,Xbox Series X,Racing,Publisher_2,E10+,2019,84.5,0.27
4190,Xbox Series X,Action,Publisher_15,E10+,2024,,0.84
4191,PC,Puzzle,Publisher_17,E,2023,71.3,0.29
4192,Xbox Series X,Shooter,Publisher_17,E10+,2018,77.0,0.47
4193,Xbox Series X,Action,Publisher_32,E,2015,71.9,0.72
4194,PS4,Sports,Publisher_28,E,2020,60.1,0.74
4195,PS4,Adventure,Publisher_9,E,2018,94.2,0.53
4196,PS5,Simulation,Publisher_25,E,2024,85.7,0.37
4197,Xbox One,Racing,Publisher_39,M,2019,75.5,0.41
4198,PS5,Simulation,Publisher_18,M,2017,63.4,0.28
4199,PS4,Sports,Publisher_38,M,2018,69.8,0.17
4200,PS4,RPG,Publisher_26,E,2023,65.1,0.08
4201,PS4,Simulation,Publisher_37,E10+,2016,73.0,0.15
4202,Switch,Sports,Publisher_37,E10+,2024,75.1,0.34
4203,Xbox One,Puzzle,Publisher_1,T,2017,68.6,0.12
4204,PC,Sports,Publisher_33,E,2023,57.5,0.12
4205,Xbox Series X,RPG,Publisher_8,E,2020,93.3,0.32
4206,PC,Shooter,Publisher_33,M,2020,74.4,0.31
4207,PS5,RPG,Publisher_33,E10+,2017,76.6,0.52
4208,Xbox One,Adventure,Publisher_11,M,2022,67.8,0.12
4209,Switch,Simulation,Publisher_3,E,2021,56.4,0.24
4210,Xbox One,Racing,Publisher_17,M,2019,71.2,0.4
4211,PC,Racing,Publisher_13,T,2019,68.8,0.21
4212,PS4,Action,Publisher_23,M,2020,79.1,0.69
4213,PS5,Sports,Publisher_4,T,2019,81.1,1.72
4214,Switch,Action,Publisher_2,M,2024,79.7,0.59
4215,PS5,Adventure,Publisher_18,E10+,2015,81.9,0.18
4216,Switch,Sports,Publisher_31,E10+,2017,90.0,0.2
4217,Switch,RPG,Publisher_13,E,2023,75.9,0.6
4218,PC,Adventure,Publisher_13,E,2022,83.0,0.28
4219,Xbox Series X,Puzzle,Publisher_7,M,2018,76.9,0.16
4220,PC,Racing,Publisher_12,E10+,2020,53.0,0.11
4221,PS4,Action,Publisher_12,E,2015,70.5,0.25
4222,Xbox Series X,Racing,Publisher_11,E10+,2016,63.3,0.22
4223,PS5,Racing,Publisher_14,E10+,2024,,0.18
4224,Switch,RPG,Publisher_12,T,2021,64.1,0.48
4225,Switch,Puzzle,Publisher_28,E,2015,78.1,0.62
4226,Switch,Simulation,Publisher_14,E,2022,81.8,0.18
4227,Switch,RPG,Publisher_31,T,2019,84.0,0.5
4228,PS4,RPG,Publisher_25,E,2020,88.2,0.48
4229,PS5,RPG,Publisher_26,E10+,2023,55.2,0.32
4230,PC,Adventure,Publisher_24,T,2023,,0.1
4231,Xbox Series X,Action,Publisher_37,T,2016,99.0,0.64
4232,PS5,Simulation,Publisher_11,E,2018,82.1,0.18
4233,PC,Adventure,Publisher_40,T,2017,74.2,0.16
4234,PC,Shooter,Publisher_9,E,2024,72.3,0.34
4235,Xbox Series X,Racing,Publisher_6,E,2022,71.4,0.09
4236,Switch,Simulation,Publisher_34,E,2021,52.7,0.15
4237,PS5,Adventure,Publisher_36,T,2015,64.3,0.25
4238,PS5,RPG,Publisher_4,T,2023,70.9,1.37
4239,PS4,Action,Publisher_24,T,2020,64.8,0.28
4240,Xbox One,Puzzle,Publisher_21,E,2017,66.1,0.05
4241,PS5,Sports,Publisher_9,E10+,2019,97.6,0.72
4242,PS5,Action,Publisher_21,E,2019,,0.24
4243,Switch,Simulation,Publisher_28,E10+,2017,74.8,0.36
4244,Switch,Shooter,Publisher_23,E,2024,74.4,0.7
4245,Switch,Puzzle,Publisher_21,T,2024,77.9,0.12
4246,Switch,Sports,Publisher_36,M,2015,67.2,0.58
4247,Switch,Action,Publisher_10,M,2024,84.5,0.25
4248,Xbox One,Action,Publisher_25,E,2019,76.4,0.75
4249,Xbox One,RPG,Publisher_13,E,2022,59.1,0.58
4250,PC,Action,Publisher_39,E,2022,70.9,0.41
4251,Xbox Series X,Shooter,Publisher_11,M,2020,70.3,0.43
4252,PS5,RPG,Publisher_35,M,2022,69.8,1.45
4253,Switch,Racing,Publisher_26,E,2021,77.1,0.32
4254,PS4,Racing,Publisher_9,M,2023,78.3,0.41
4255,PC,RPG,Publisher_31,T,2019,77.2,0.12
4256,Xbox Series X,Shooter,Publisher_10,E,2022,75.4,0.44
4257,PC,Action,Publisher_11,E10+,2024,72.9,0.09
4258,PS5,RPG,Publisher_14,E10+,2024,50.5,0.38
4259,Xbox One,Simulation,Publisher_28,M,2016,79.8,0.39
4260,Xbox Series X,Simulation,Publisher_16,E,2019,76.9,0.31
4261,Xbox Series X,Shooter,Publisher_23,E,2020,62.2,0.43
4262,PS4,Simulation,Publisher_23,T,2021,74.8,0.38
4263,PC,Racing,Publisher_8,E10+,2021,78.5,0.13
4264,Xbox Series X,Sports,Publisher_10,E10+,2023,83.7,0.26
4265,PC,Adventure,Publisher_13,M,2020,77.1,0.21
4266,Xbox Series X,Shooter,Publisher_9,M,2022,75.2,0.89
4267,PS5,Racing,Publisher_37,T,2023,81.5,0.66
4268,PC,Puzzle,Publisher_16,M,2016,68.9,0.08
4269,PS4,RPG,Publisher_17,M,2021,76.1,1.29
4270,PS4,Puzzle,Publisher_27,T,2018,65.8,0.19
4271,PC,Racing,Publisher_32,M,2024,83.1,0.26
4272,PC,RPG,Publisher_28,E,2020,55.9,0.56
4273,PC,RPG,Publisher_23,E,2021,80.2,0.27
4274,Xbox Series X,Puzzle,Publisher_40,M,2022,72.2,0.19
4275,Switch,Sports,Publisher_36,E,2017,81.7,0.38
4276,PS4,Action,Publisher_9,T,2020,64.2,0.71
4277,Switch,Simulation,Publisher_7,E10+,2022,72.9,0.34
4278,Xbox One,RPG,Publisher_16,M,2022,72.6,0.46
4279,PS5,Puzzle,Publisher_34,T,2017,76.3,0.12
4280,Xbox Series X,Puzzle,Publisher_39,E,2023,61.5,0.2
4281,Xbox Series X,Adventure,Publisher_29,E10+,2016,78.4,0.4
4282,PS4,Puzzle,Publisher_28,T,2017,53.5,0.2
4283,Xbox Series X,Puzzle,Publisher_10,M,2023,65.3,0.11
4284,Xbox One,Adventure,Publisher_24,M,2021,56.4,0.1
4285,PS5,Simulation,Publisher_8,M,2020,80.3,0.29
4286,PS5,Action,Publisher_22,M,2020,76.0,0.36
4287,Switch,Puzzle,Publisher_8,M,2024,76.6,0.11
4288,Xbox Series X,Sports,Publisher_4,T,2017,86.7,0.77
4289,Xbox One,Simulation,Publisher_39,E10+,2017,68.8,0.22
4290,Xbox One,Action,Publisher_36,T,2019,78.1,0.19
4291,Xbox One,Sports,Publisher_28,M,2023,72.7,0.77
4292,Xbox Series X,Sports,Publisher_26,E10+,2020,71.1,0.25
4293,Xbox Series X,Racing,Publisher_10,M,2022,85.1,0.33
4294,Switch,Action,Publisher_23,T,2023,92.8,0.96
4295,PC,Action,Publisher_30,E,2023,67.7,0.21
4296,PS4,Racing,Publisher_22,M,2019,80.3,0.12
4297,Switch,Simulation,Publisher_12,M,2019,75.2,0.17
4298,PC,Racing,Publisher_16,T,2015,75.3,0.3
4299,PS5,Shooter,Publisher_34,E,2015,74.5,0.44
4300,Switch,Puzzle,Publisher_11,E,2019,68.7,0.18
4301,Xbox Series X,Racing,Publisher_39,M,2022,36.2,0.28
4302,PC,Shooter,Publisher_31,E,2023,87.3,0.18
4303,Xbox One,Racing,Publisher_36,E10+,2019,65.1,0.12
4304,PC,Action,Publisher_21,T,2020,69.6,0.19
4305,PS5,Sports,Publisher_9,E,2023,69.8,0.62
4306,PS5,Puzzle,Publisher_2,M,2018,64.2,0.17
4307,PC,RPG,Publisher_22,T,2016,74.4,0.17
4308,Xbox One,Action,Publisher_16,E,2024,71.6,0.61
4309,Xbox One,Action,Publisher_5,E10+,2020,64.8,0.75
4310,PS4,Adventure,Publisher_38,E10+,2016,73.5,0.11
4311,PS4,RPG,Publisher_39,E,2017,71.7,0.61
4312,Switch,Action,Publisher_15,M,2018,81.3,1.08
4313,PS4,Puzzle,Publisher_27,E10+,2017,58.6,0.17
4314,Xbox One,Racing,Publisher_17,T,2019,63.9,0.34
4315,PS4,Shooter,Publisher_20,T,2023,79.3,0.73
4316,PS4,Simulation,Publisher_25,E,2022,65.6,0.23
4317,PS5,RPG,Publisher_17,T,2024,63.0,0.99
4318,PC,Racing,Publisher_33,E10+,2023,66.1,0.07
4319,PC,Puzzle,Publisher_8,E,2018,,0.07
4320,PS5,Racing,Publisher_27,E10+,2015,71.0,0.31
4321,Xbox Series X,Sports,Publisher_40,T,2016,69.9,0.29
4322,Xbox One,Puzzle,Publisher_35,E,2022,61.7,0.2
4323,Xbox Series X,Puzzle,Publisher_2,M,2018,79.7,0.14
4324,Switch,Action,Publisher_5,T,2022,85.3,0.82
4325,PS4,Sports,Publisher_26,E10+,2019,52.9,0.17
4326,PS5,Puzzle,Publisher_37,T,2023,56.5,0.18
4327,Xbox Series X,Action,Publisher_34,E10+,2020,82.0,0.3
4328,Xbox One,Simulation,Publisher_37,T,2024,87.7,0.12
4329,PS4,Action,Publisher_6,E,2017,50.7,0.17
4330,Switch,Simulation,Publisher_21,T,2022,80.2,0.33
4331,PS5,Puzzle,Publisher_30,E,2020,88.4,0.14
4332,PS5,Shooter,Publisher_25,E,2016,63.4,0.98
4333,Xbox One,RPG,Publisher_32,E10+,2017,87.8,0.21
4334,Xbox One,RPG,Publisher_9,E,2018,70.2,0.34
4335,PS4,Puzzle,Publisher_19,E10+,2016,75.1,0.29
4336,PS4,Adventure,Publisher_18,E,2024,64.8,0.14
4337,PS5,Sports,Publisher_38,E,2017,82.0,0.2
4338,Xbox One,Racing,Publisher_9,E,2020,80.3,0.34
4339,Xbox Series X,Simulation,Publisher_14,M,2020,89.2,0.41
4340,PS5,RPG,Publisher_1,T,2020,86.4,0.62
4341,Xbox Series X,Puzzle,Publisher_7,E,2021,71.9,0.07
4342,PC,Sports,Publisher_40,E,2024,99.0,0.15
4343,PS4,Adventure,Publisher_34,M,2024,85.5,0.22
4344,PC,Sports,Publisher_11,T,2023,77.4,0.16
4345,PS4,RPG,Publisher_29,M,2019,62.0,0.49
4346,PS4,Shooter,Publisher_24,E,2022,56.7,0.22
4347,PS4,RPG,Publisher_37,E10+,2016,57.5,0.15
4348,PS4,Sports,Publisher_13,E,2023,62.7,0.46
4349,PS5,Puzzle,Publisher_40,E10+,2016,85.8,0.1
4350,Xbox One,Action,Publisher_15,E,2016,76.9,0.23
4351,Xbox Series X,Simulation,Publisher_29,E,2023,65.9,0.16
4352,Switch,Action,Publisher_16,T,2022,70.6,1.03
4353,Xbox Series X,RPG,Publisher_27,M,2016,69.4,0.66
4354,Xbox Series X,Simulation,Publisher_14,T,2024,,0.25
4355,Xbox Series X,Sports,Publisher_34,M,2016,63.2,0.23
4356,PS5,Action,Publisher_26,M,2015,75.5,0.3
4357,Switch,Puzzle,Publisher_12,M,2024,75.0,0.14
4358,PS5,Action,Publisher_39,E,2017,63.5,0.83
4359,Switch,Simulation,Publisher_29,E10+,2017,87.9,0.4
4360,PC,Shooter,Publisher_18,T,2022,69.0,0.11
4361,Switch,Adventure,Publisher_6,M,2021,62.1,0.34
4362,Xbox Series X,Sports,Publisher_39,M,2020,80.5,0.67
4363,PS4,Sports,Publisher_31,T,2024,72.5,0.18
4364,PC,Simulation,Publisher_27,E10+,2015,76.1,0.25
4365,PS4,Adventure,Publisher_34,E10+,2024,60.2,0.07
4366,Xbox Series X,Simulation,Publisher_25,E,2017,80.1,0.62
4367,Switch,RPG,Publisher_10,E10+,2021,93.7,0.49
4368,PC,Shooter,Publisher_10,E,2018,59.4,0.13
4369,PC,Racing,Publisher_4,M,2017,75.5,0.45
4370,PS5,Shooter,Publisher_3,E,2018,64.1,0.58
4371,PC,Sports,Publisher_30,E10+,2020,98.9,0.35
4372,PS5,Shooter,Publisher_35,M,2023,84.4,2.5
4373,Xbox One,Racing,Publisher_7,M,2016,74.8,0.33
4374,PC,Action,Publisher_23,E10+,2021,59.7,0.2
4375,Xbox One,RPG,Publisher_5,E10+,2023,62.1,0.21
4376,PC,RPG,Publisher_17,T,2022,79.5,0.52
4377,Xbox Series X,Action,Publisher_32,M,2024,58.4,0.46
4378,PS4,Action,Publisher_33,M,2015,58.7,0.15
4379,PS4,Shooter,Publisher_38,T,2018,72.1,0.23
4380,Xbox Series X,Action,Publisher_13,E10+,2019,73.3,0.42
4381,Switch,RPG,Publisher_38,E10+,2020,75.8,0.44
4382,Xbox Series X,Racing,Publisher_32,T,2018,67.6,0.24
4383,Switch,Adventure,Publisher_14,M,2017,81.2,0.25
4384,Xbox Series X,Action,Publisher_14,E,2023,63.4,0.3
4385,PS4,Shooter,Publisher_5,M,2017,78.3,0.54
4386,PS4,Action,Publisher_37,E10+,2024,74.1,0.23
4387,Xbox One,Shooter,Publisher_9,E,2015,78.0,0.31
4388,PC,Shooter,Publisher_11,E,2019,83.8,0.19
4389,PC,Adventure,Publisher_17,E10+,2021,67.4,0.23
4390,PS4,Shooter,Publisher_6,E,2024,65.4,0.34
4391,Xbox Series X,Simulation,Publisher_33,E,2022,55.1,0.13
4392,Switch,Sports,Publisher_28,E10+,2015,51.8,0.9
4393,Xbox One,Action,Publisher_7,M,2022,70.2,0.45
4394,PS5,Action,Publisher_7,T,2018,70.9,0.45
4395,Xbox One,RPG,Publisher_1,E,2023,61.1,0.14
4396,PS5,Sports,Publisher_38,T,2022,63.3,0.25
4397,PS5,Action,Publisher_18,E10+,2016,87.2,0.28
4398,Xbox One,Sports,Publisher_27,T,2018,80.8,0.34
4399,PS5,Simulation,Publisher_6,E,2023,,0.18
4400,Xbox Series X,Adventure,Publisher_10,E,2024,67.6,0.09
4401,Xbox One,Action,Publisher_22,E10+,2021,76.1,0.13
4402,Xbox One,Simulation,Publisher_9,M,2017,65.7,0.21
4403,Xbox Series X,Sports,Publisher_25,T,2018,63.9,0.61
4404,PS5,Shooter,Publisher_37,E,2022,68.6,0.4
4405,Switch,RPG,Publisher_13,M,2020,82.9,0.91
4406,PC,Shooter,Publisher_25,M,2017,83.8,0.85
4407,PC,Adventure,Publisher_37,T,2017,64.6,0.13
4408,Switch,Puzzle,Publisher_36,T,2016,76.6,0.12
4409,Xbox Series X,Racing,Publisher_1,E,2019,71.9,0.2
4410,PC,Puzzle,Publisher_5,T,2019,61.9,0.09
4411,Xbox Series X,Puzzle,Publisher_40,M,2020,69.0,0.14
4412,PS5,Sports,Publisher_38,E10+,2024,59.4,0.29
4413,PC,Shooter,Publisher_13,E,2021,83.6,0.23
4414,PS4,Action,Publisher_21,M,2020,87.5,0.34
4415,PC,Puzzle,Publisher_23,T,2018,67.9,0.1
4416,Xbox Series X,Shooter,Publisher_27,T,2021,65.5,0.72
4417,PC,Puzzle,Publisher_31,T,2024,82.5,0.07
4418,Xbox One,Racing,Publisher_15,E,2015,84.2,0.17
4419,Xbox Series X,RPG,Publisher_36,E,2018,60.9,0.33
4420,PS4,Sports,Publisher_3,M,2015,70.5,0.31
4421,PC,Simulation,Publisher_2,M,2017,71.4,0.08
4422,PS5,RPG,Publisher_39,E,2015,64.3,0.55
4423,Xbox Series X,Action,Publisher_8,T,2020,75.9,0.28
4424,Xbox Series X,RPG,Publisher_40,T,2023,65.0,0.17
4425,Xbox One,Simulation,Publisher_12,E10+,2024,66.6,0.11
4426,PS4,RPG,Publisher_15,T,2017,71.0,0.58
4427,Xbox One,Simulation,Publisher_2,M,2021,57.1,0.18
4428,Xbox Series X,Shooter,Publisher_38,M,2018,51.4,0.25
4429,PS4,Adventure,Publisher_15,E,2018,81.2,0.34
4430,PS4,Puzzle,Publisher_7,E10+,2021,64.6,0.08
4431,Switch,Action,Publisher_20,M,2021,93.3,0.51
4432,PS4,Racing,Publisher_7,E,2020,91.7,0.17
4433,PS4,Shooter,Publisher_32,M,2015,66.9,0.29
4434,Xbox One,Sports,Publisher_3,E10+,2019,95.4,0.31
4435,PS4,Racing,Publisher_20,T,2017,81.4,0.3
4436,Xbox Series X,Action,Publisher_16,E10+,2015,65.5,0.72
4437,PS4,Puzzle,Publisher_2,M,2015,46.2,0.08
4438,Xbox Series X,Adventure,Publisher_3,T,2019,78.9,0.13
4439,Switch,Action,Publisher_21,T,2016,72.3,0.36
4440,Xbox One,Shooter,Publisher_16,E10+,2022,76.3,0.8
4441,PC,Puzzle,Publisher_6,E,2015,69.7,0.05
4442,Switch,Action,Publisher_6,M,2017,60.6,0.62
4443,PS5,Shooter,Publisher_33,E10+,2024,67.7,0.56
4444,Xbox Series X,RPG,Publisher_30,E,2022,,0.25
4445,PS4,Action,Publisher_25,M,2020,68.5,0.67
4446,Xbox One,Adventure,Publisher_34,E,2015,68.4,0.08
4447,PS4,Shooter,Publisher_3,T,2015,56.8,0.45
4448,PC,Adventure,Publisher_28,E10+,2024,,0.4
4449,PS4,Racing,Publisher_31,M,2022,60.9,0.11
4450,Xbox One,Simulation,Publisher_9,E,2024,81.2,0.29
4451,PS5,Simulation,Publisher_22,M,2023,64.7,0.12
4452,PC,Racing,Publisher_31,E,2015,69.0,0.08
4453,PC,RPG,Publisher_25,M,2023,93.6,0.8
4454,Switch,Shooter,Publisher_10,E10+,2019,68.9,1.08
4455,Xbox Series X,Adventure,Publisher_27,E,2021,67.6,0.44
4456,PS5,Shooter,Publisher_31,E10+,2019,77.9,0.38
4457,Switch,Racing,Publisher_1,E,2022,54.1,0.22
4458,Xbox Series X,Sports,Publisher_23,E10+,2023,84.5,0.66
4459,PC,Simulation,Publisher_21,T,2024,81.9,0.16
4460,Switch,Puzzle,Publisher_15,T,2020,77.2,0.21
4461,Xbox One,RPG,Publisher_2,T,2017,38.2,0.13
4462,PC,Racing,Publisher_4,M,2021,69.4,0.37
4463,Switch,Shooter,Publisher_31,E10+,2019,59.3,0.52
4464,Xbox Series X,Sports,Publisher_34,T,2017,83.2,0.44
4465,PS5,Adventure,Publisher_17,E,2022,82.5,0.36
4466,PS5,Simulation,Publisher_38,E10+,2015,75.9,0.17
4467,Xbox Series X,Adventure,Publisher_38,T,2019,60.0,0.12
4468,Xbox One,RPG,Publisher_27,E,2021,86.9,0.38
4469,PS5,RPG,Publisher_24,E10+,2024,69.4,0.22
4470,PS5,Action,Publisher_39,E,2021,90.1,0.69
4471,Switch,Puzzle,Publisher_25,M,2024,74.7,0.85
4472,Switch,RPG,Publisher_38,T,2023,77.1,0.39
4473,PS5,Simulation,Publisher_40,T,2017,67.4,0.19
4474,Xbox One,Adventure,Publisher_8,T,2023,86.1,0.17
4475,PS5,Sports,Publisher_27,E,2018,78.1,0.8
4476,Switch,Simulation,Publisher_30,E,2021,86.4,0.19
4477,PC,Sports,Publisher_33,E10+,2017,73.8,0.13
4478,PC,Shooter,Publisher_14,E,2020,71.5,0.16
4479,Xbox One,Shooter,Publisher_35,E10+,2021,78.0,1.07
4480,Xbox One,Simulation,Publisher_20,E10+,2024,86.4,0.23
4481,PC,Puzzle,Publisher_16,M,2024,82.2,0.14
4482,Xbox One,Simulation,Publisher_7,E10+,2023,73.4,0.12
4483,Xbox Series X,Racing,Publisher_13,E,2020,53.4,0.57
4484,Switch,Adventure,Publisher_39,M,2023,80.1,0.9
4485,Xbox One,Adventure,Publisher_29,E,2016,57.6,0.16
4486,PC,Adventure,Publisher_30,E,2024,72.4,0.21
4487,Xbox One,Shooter,Publisher_36,E10+,2017,70.8,0.36
4488,PC,Shooter,Publisher_11,E,2019,57.8,0.25
4489,PS5,Simulation,Publisher_27,M,2024,75.7,0.36
4490,PS5,Adventure,Publisher_15,E10+,2022,93.5,0.35
4491,PS5,Simulation,Publisher_34,M,2023,68.9,0.12
4492,Xbox One,Racing,Publisher_17,E,2021,79.7,0.56
4493,Switch,Simulation,Publisher_35,T,2021,95.6,0.8
4494,PS4,Puzzle,Publisher_30,E,2016,80.6,0.05
4495,PS5,Puzzle,Publisher_31,E,2024,65.6,0.17
4496,PC,Sports,Publisher_38,E10+,2021,74.4,0.13
4497,Switch,Racing,Publisher_32,M,2021,76.8,0.32
4498,Xbox One,Puzzle,Publisher_13,E10+,2019,86.3,0.08
4499,Xbox Series X,Adventure,Publisher_21,M,2024,84.1,0.32
4500,Xbox Series X,Simulation,Publisher_19,E,2019,44.3,0.28
4501,PS5,RPG,Publisher_3,E10+,2016,63.4,0.32
4502,PS4,RPG,Publisher_24,T,2016,71.3,0.22
4503,PC,Simulation,Publisher_18,E10+,2021,61.8,0.2
4504,Xbox Series X,Simulation,Publisher_16,T,2022,35.0,0.15
4505,Switch,Sports,Publisher_5,T,2017,64.7,0.56
4506,Switch,Shooter,Publisher_21,E,2021,72.0,0.56
4507,PS4,Simulation,Publisher_24,T,2024,66.7,0.09
4508,PS4,Sports,Publisher_5,M,2020,62.0,0.36
4509,Switch,Adventure,Publisher_26,M,2024,72.4,0.46
4510,PS5,Action,Publisher_7,E10+,2016,75.4,0.48
4511,Xbox Series X,Sports,Publisher_6,E10+,2019,67.3,0.3
4512,PC,Adventure,Publisher_17,M,2020,85.7,0.46
4513,Switch,Racing,Publisher_16,M,2018,72.6,0.51
4514,Switch,Racing,Publisher_37,M,2016,63.3,0.28
4515,PS5,Adventure,Publisher_3,M,2019,60.8,0.25
4516,PS4,RPG,Publisher_14,E10+,2018,69.9,0.32
4517,PS4,Racing,Publisher_30,E,2017,83.1,0.21
4518,PS4,Racing,Publisher_10,E,2018,63.8,0.11
4519,PS4,Puzzle,Publisher_40,E10+,2019,78.0,0.12
4520,PC,RPG,Publisher_30,M,2023,72.9,0.11
4521,PS5,Puzzle,Publisher_38,E10+,2019,91.9,0.13
4522,Switch,Shooter,Publisher_38,E10+,2019,75.9,0.32
4523,Xbox One,Racing,Publisher_5,M,2018,65.0,0.25
4524,Xbox One,Adventure,Publisher_19,E,2020,79.4,0.5
4525,PS4,Shooter,Publisher_30,T,2017,79.7,0.2
4526,PS4,Puzzle,Publisher_1,T,2023,68.0,0.07
4527,Xbox One,Simulation,Publisher_19,M,2019,60.4,0.27
4528,PS4,Adventure,Publisher_28,E10+,2019,77.4,0.5
4529,Switch,Simulation,Publisher_32,T,2015,72.6,0.23
4530,PS5,Racing,Publisher_17,M,2023,56.8,1.3
4531,PS5,RPG,Publisher_35,M,2019,74.5,1.64
4532,Switch,Simulation,Publisher_27,T,2016,65.6,0.31
4533,Xbox One,Puzzle,Publisher_2,T,2016,56.8,0.06
4534,PS5,Sports,Publisher_12,M,2018,68.5,0.45
4535,PC,RPG,Publisher_38,M,2022,84.8,0.27
4536,PS5,RPG,Publisher_1,T,2015,84.1,0.41
4537,PC,Adventure,Publisher_5,E10+,2016,81.5,0.29
4538,Switch,Action,Publisher_14,T,2020,74.7,0.5
4539,PC,Puzzle,Publisher_40,E,2019,78.0,0.06
4540,PC,Racing,Publisher_29,T,2024,73.0,0.16
4541,PS4,Action,Publisher_6,E10+,2022,60.9,0.31
4542,Switch,Racing,Publisher_16,M,2021,62.9,0.66
4543,PS4,Adventure,Publisher_38,T,2018,65.9,0.08
4544,Xbox Series X,Puzzle,Publisher_9,M,2021,86.0,0.23
4545,PS4,Racing,Publisher_24,M,2020,82.8,0.2
4546,Xbox Series X,RPG,Publisher_19,M,2017,61.2,0.6
4547,PC,Sports,Publisher_31,E,2018,72.5,0.21
4548,Xbox Series X,Action,Publisher_31,M,2024,68.0,1.15
4549,PS5,RPG,Publisher_34,E10+,2020,70.4,0.15
4550,PS4,Puzzle,Publisher_5,T,2019,66.6,0.21
4551,Switch,Action,Publisher_19,E10+,2022,86.1,0.93
4552,Xbox One,Simulation,Publisher_28,E10+,2017,71.8,0.33
4553,Xbox One,Racing,Publisher_17,M,2017,74.2,0.6
4554,Xbox Series X,RPG,Publisher_27,M,2024,74.2,0.69
4555,PS4,Simulation,Publisher_26,T,2023,61.7,0.11
4556,Xbox One,Sports,Publisher_15,E,2019,73.1,0.25
4557,Xbox One,Simulation,Publisher_5,E,2024,82.6,0.27
4558,PC,RPG,Publisher_39,E,2018,86.7,0.53
4559,Xbox One,Shooter,Publisher_34,M,2021,60.5,0.27
4560,PC,Shooter,Publisher_36,E10+,2015,56.8,0.14
4561,Switch,Simulation,Publisher_12,E,2021,72.6,0.52
4562,PS5,RPG,Publisher_13,T,2016,83.1,0.79
4563,Xbox Series X,Simulation,Publisher_13,M,2017,75.6,0.45
4564,Xbox Series X,RPG,Publisher_2,T,2023,78.8,0.27
4565,PS5,RPG,Publisher_7,E10+,2017,58.4,0.33
4566,PS4,Puzzle,Publisher_13,E,2019,66.3,0.15
4567,Switch,Puzzle,Publisher_40,M,2024,50.0,0.07
4568,Xbox Series X,RPG,Publisher_9,E,2024,70.6,0.45
4569,PS5,Sports,Publisher_21,M,2019,50.4,0.24
4570,PS4,Shooter,Publisher_22,E,2015,85.3,0.25
4571,PS4,Racing,Publisher_15,E,2017,87.5,0.2
4572,PS4,Action,Publisher_37,E10+,2021,73.4,0.27
4573,PS5,Action,Publisher_4,E,2018,56.9,1.84
4574,Switch,Simulation,Publisher_35,E,2022,75.8,0.63
4575,Switch,Action,Publisher_30,E,2024,90.6,0.3
4576,Xbox Series X,Shooter,Publisher_13,T,2021,76.8,0.48
4577,Xbox One,Adventure,Publisher_31,M,2021,83.8,0.15
4578,PC,RPG,Publisher_18,E,2020,67.1,0.09
4579,PC,Shooter,Publisher_39,T,2016,63.3,0.57
4580,PS5,Action,Publisher_2,E10+,2020,71.3,0.61
4581,PC,Adventure,Publisher_2,E10+,2024,52.7,0.08
4582,PS5,Puzzle,Publisher_22,E10+,2021,94.6,0.15
4583,PS5,Adventure,Publisher_38,M,2022,73.4,0.25
4584,Xbox Series X,Adventure,Publisher_3,T,2023,80.7,0.18
4585,Switch,RPG,Publisher_32,T,2018,67.4,0.41
4586,PS5,Action,Publisher_38,M,2018,56.6,0.32
4587,PS4,RPG,Publisher_20,T,2024,86.3,0.43
4588,PS4,Sports,Publisher_35,E,2019,60.8,0.32
4589,Xbox Series X,Racing,Publisher_31,E,2022,,0.21
4590,PC,Sports,Publisher_9,E10+,2021,76.4,0.46
4591,PS4,Simulation,Publisher_35,E,2016,72.7,0.49
4592,PS4,Racing,Publisher_28,T,2018,64.2,0.99
4593,PS5,RPG,Publisher_1,E10+,2018,70.5,0.27
4594,PS4,Simulation,Publisher_23,E,2016,62.5,0.25
4595,PS5,Adventure,Publisher_27,E10+,2022,80.1,0.31
4596,Xbox One,Shooter,Publisher_33,M,2024,77.7,0.37
4597,Xbox Series X,Sports,Publisher_31,M,2024,71.8,0.58
4598,Xbox Series X,RPG,Publisher_20,M,2016,66.3,0.82
4599,Switch,Racing,Publisher_12,M,2019,93.1,0.69
4600,Xbox One,Adventure,Publisher_8,T,2017,59.0,0.1
4601,PS5,RPG,Publisher_4,M,2015,56.6,1.26
4602,Xbox Series X,Puzzle,Publisher_26,M,2021,71.2,0.09
4603,PS4,RPG,Publisher_39,T,2023,69.4,0.67
4604,Switch,Sports,Publisher_4,E10+,2015,83.0,1.46
4605,PS4,Shooter,Publisher_29,M,2021,78.5,0.61
4606,PS5,Sports,Publisher_24,E10+,2015,72.3,0.27
4607,Switch,Shooter,Publisher_7,E,2023,77.0,0.38
4608,Xbox Series X,RPG,Publisher_9,E,2015,,0.69
4609,PS5,RPG,Publisher_12,T,2019,93.0,0.41
4610,Switch,Adventure,Publisher_28,E,2016,74.5,0.56
4611,PS4,RPG,Publisher_12,E,2019,65.2,0.11
4612,PC,Puzzle,Publisher_34,E,2019,74.0,0.05
4613,Switch,Puzzle,Publisher_15,T,2020,45.8,0.11
4614,Xbox Series X,Puzzle,Publisher_5,E10+,2023,71.7,0.17
4615,Xbox One,RPG,Publisher_4,T,2024,82.9,0.66
4616,Xbox One,Adventure,Publisher_17,T,2018,78.0,0.39
4617,Xbox One,Sports,Publisher_17,M,2024,75.0,0.49
4618,PS5,RPG,Publisher_30,E,2019,78.5,0.75
4619,PS4,Adventure,Publisher_20,E10+,2016,83.0,0.23
4620,PS4,RPG,Publisher_7,T,2021,86.3,0.43
4621,Switch,Puzzle,Publisher_9,E10+,2022,76.5,0.28
4622,PS5,Action,Publisher_23,E,2018,68.8,0.45
4623,Xbox One,Racing,Publisher_14,E,2020,48.9,0.13
4624,Switch,Adventure,Publisher_27,E10+,2019,81.8,0.43
4625,PC,Puzzle,Publisher_37,E10+,2016,77.2,0.05
4626,PS4,Racing,Publisher_15,E,2018,73.5,0.48
4627,PS5,Adventure,Publisher_23,E10+,2019,65.1,0.17
4628,Switch,RPG,Publisher_34,T,2018,81.7,0.39
4629,PS5,Shooter,Publisher_9,M,2024,69.4,1.13
4630,PS5,Action,Publisher_21,T,2018,71.7,0.65
4631,PC,Puzzle,Publisher_13,E,2021,71.4,0.08
4632,PC,Puzzle,Publisher_26,T,2015,76.5,0.16
4633,Switch,Adventure,Publisher_30,E,2018,60.5,0.29
4634,PC,Puzzle,Publisher_6,E,2023,77.6,0.03
4635,PS5,Sports,Publisher_8,T,2023,64.8,0.19
4636,PS5,Puzzle,Publisher_1,E10+,2024,65.1,0.13
4637,PS4,Adventure,Publisher_1,E10+,2015,80.9,0.12
4638,PS5,Sports,Publisher_3,M,2023,62.0,0.43
4639,PC,Shooter,Publisher_29,E,2017,80.8,0.27
4640,PS5,Simulation,Publisher_37,E,2015,73.0,0.12
4641,Xbox One,Shooter,Publisher_17,T,2015,55.5,0.44
4642,PC,Adventure,Publisher_36,E10+,2022,85.6,0.16
4643,Switch,Racing,Publisher_30,M,2020,75.1,0.17
4644,PS4,Puzzle,Publisher_33,E,2020,75.9,0.12
4645,Xbox Series X,Puzzle,Publisher_30,E10+,2023,82.1,0.17
4646,Xbox One,Puzzle,Publisher_8,E,2015,87.0,0.06
4647,Switch,Adventure,Publisher_21,E,2015,74.0,0.15
4648,Xbox Series X,Simulation,Publisher_22,E10+,2024,78.2,0.21
4649,PS4,RPG,Publisher_26,T,2021,75.7,0.22
4650,Switch,Simulation,Publisher_32,E,2022,68.6,0.11
4651,PC,Puzzle,Publisher_5,M,2020,56.2,0.26
4652,Xbox Series X,Racing,Publisher_27,T,2016,74.1,0.3
4653,PS5,RPG,Publisher_34,E10+,2020,85.8,0.23
4654,Xbox One,Shooter,Publisher_5,M,2024,77.8,0.69
4655,PC,Puzzle,Publisher_17,E10+,2016,61.3,0.15
4656,PC,RPG,Publisher_36,E,2016,83.0,0.28
4657,Xbox Series X,RPG,Publisher_1,M,2018,68.9,0.3
4658,PS5,Adventure,Publisher_7,E,2019,51.1,0.16
4659,Xbox One,Shooter,Publisher_33,M,2021,82.2,0.34
4660,Switch,Puzzle,Publisher_7,M,2016,62.5,0.16
4661,PC,Action,Publisher_29,M,2024,89.8,0.42
4662,PS5,Action,Publisher_37,E10+,2016,83.5,0.46
4663,PS4,Adventure,Publisher_20,T,2017,69.7,0.36
4664,Xbox Series X,Sports,Publisher_20,M,2024,76.6,0.59
4665,PS5,Adventure,Publisher_18,E,2018,96.2,0.36
4666,PC,Simulation,Publisher_15,E10+,2020,82.0,0.13
4667,PS5,Shooter,Publisher_16,E10+,2019,74.4,1.13
4668,Xbox One,Simulation,Publisher_23,T,2017,99.0,0.35
4669,PC,Shooter,Publisher_36,T,2020,73.2,0.17
4670,Switch,Simulation,Publisher_40,M,2022,77.8,0.6
4671,Switch,Sports,Publisher_35,E10+,2015,62.6,0.74
4672,PS4,Shooter,Publisher_5,E,2023,55.3,0.41
4673,Switch,Shooter,Publisher_13,E,2016,,0.89
4674,Xbox Series X,Adventure,Publisher_31,M,2024,72.4,0.28
4675,PS5,Action,Publisher_22,E10+,2024,75.3,0.4
4676,Xbox Series X,Adventure,Publisher_14,T,2024,57.8,0.25
4677,Xbox Series X,Action,Publisher_13,T,2021,78.6,0.68
4678,Xbox One,RPG,Publisher_5,M,2024,63.7,0.94
4679,PS4,Racing,Publisher_14,E,2023,78.1,0.17
4680,Xbox Series X,Sports,Publisher_17,E,2021,81.3,0.59
4681,Xbox Series X,Shooter,Publisher_17,T,2023,68.0,0.89
4682,PS4,Simulation,Publisher_22,E10+,2018,62.4,0.14
4683,Switch,Adventure,Publisher_11,M,2023,87.4,0.41
4684,PS4,Action,Publisher_9,E,2024,80.7,0.6
4685,Switch,Racing,Publisher_36,E10+,2021,73.5,0.2
4686,PS4,Racing,Publisher_17,M,2016,86.7,1.03
4687,PC,Action,Publisher_11,M,2017,72.8,0.42
4688,Xbox Series X,Puzzle,Publisher_26,E,2016,65.8,0.1
4689,PS5,Racing,Publisher_22,M,2020,62.0,0.53
4690,PS5,Puzzle,Publisher_24,E,2019,70.9,0.16
4691,Switch,RPG,Publisher_9,E,2023,79.7,1.72
4692,PC,RPG,Publisher_29,M,2017,85.9,0.41
4693,PS4,Puzzle,Publisher_8,E,2016,72.2,0.09
4694,Xbox One,Puzzle,Publisher_34,E10+,2021,84.1,0.1
4695,Xbox One,Sports,Publisher_17,E,2016,69.9,0.4
4696,PS5,Sports,Publisher_17,T,2024,64.2,1.05
4697,Xbox Series X,Racing,Publisher_16,E,2015,58.9,0.56
4698,Switch,Adventure,Publisher_17,E10+,2019,66.9,0.96
4699,PC,Sports,Publisher_27,E10+,2024,59.3,0.23
4700,PC,Sports,Publisher_20,T,2020,92.1,0.39
4701,PS5,Adventure,Publisher_6,E10+,2023,76.4,0.32
4702,PS4,Puzzle,Publisher_23,E,2019,71.0,0.17
4703,Xbox Series X,Simulation,Publisher_11,E10+,2022,89.2,0.24
4704,PS5,Adventure,Publisher_5,E10+,2022,59.0,0.51
4705,Xbox One,Simulation,Publisher_34,E10+,2020,70.6,0.08
4706,PS5,Sports,Publisher_13,T,2016,92.0,0.53
4707,PS5,RPG,Publisher_24,E10+,2024,70.6,0.4
4708,PS5,Sports,Publisher_7,E10+,2015,96.5,0.51
4709,PS4,Action,Publisher_14,M,2018,79.9,0.43
4710,Switch,Adventure,Publisher_16,E10+,2021,85.1,0.44
4711,PS4,Puzzle,Publisher_6,E10+,2022,85.3,0.09
4712,PC,Action,Publisher_39,E,2020,72.0,0.29
4713,PS4,Sports,Publisher_13,T,2019,67.1,0.24
4714,PS5,Sports,Publisher_24,T,2019,70.8,0.34
4715,Xbox Series X,Shooter,Publisher_23,T,2024,62.1,0.92
4716,Switch,Shooter,Publisher_18,E,2018,71.3,0.45
4717,PS5,RPG,Publisher_24,E10+,2023,72.0,0.68
4718,PS5,Simulation,Publisher_23,E10+,2015,88.9,0.33
4719,PC,Sports,Publisher_4,M,2021,77.9,0.67
4720,Xbox One,Racing,Publisher_27,E10+,2021,95.6,0.21
4721,Xbox Series X,Shooter,Publisher_5,E10+,2021,50.4,0.57
4722,Switch,Shooter,Publisher_18,E10+,2019,59.8,0.27
4723,PC,Adventure,Publisher_15,M,2021,68.4,0.11
4724,Xbox Series X,Simulation,Publisher_18,T,2019,86.9,0.13
4725,Xbox One,Action,Publisher_3,M,2020,70.9,0.25
4726,PS5,Shooter,Publisher_29,E10+,2023,57.3,0.47
4727,PS4,Action,Publisher_17,M,2021,,0.77
4728,Xbox One,Shooter,Publisher_3,M,2022,60.0,0.29
4729,PS4,Racing,Publisher_1,T,2024,58.1,0.1
4730,PC,Shooter,Publisher_22,T,2017,92.0,0.25
4731,PC,RPG,Publisher_27,M,2020,68.5,0.46
4732,PS4,RPG,Publisher_22,M,2021,73.7,0.41
4733,Xbox Series X,RPG,Publisher_29,E10+,2021,71.1,0.56
4734,PS4,RPG,Publisher_31,T,2016,69.5,0.24
4735,Xbox One,RPG,Publisher_35,E10+,2022,63.6,0.42
4736,PS5,Puzzle,Publisher_40,E,2016,68.9,0.11
4737,Xbox Series X,Action,Publisher_36,E10+,2019,75.4,0.59
4738,Xbox One,Action,Publisher_32,M,2022,86.2,0.3
4739,Xbox One,Racing,Publisher_18,M,2017,81.5,0.17
4740,Xbox One,Puzzle,Publisher_21,M,2016,59.8,0.09
4741,PS4,RPG,Publisher_25,M,2021,,1.09
4742,Switch,Sports,Publisher_7,T,2017,76.8,0.4
4743,Switch,Racing,Publisher_28,M,2023,65.8,0.98
4744,Switch,Shooter,Publisher_24,E,2023,73.8,0.38
4745,Xbox Series X,Puzzle,Publisher_21,E10+,2018,77.7,0.16
4746,PC,Sports,Publisher_34,E,2022,72.5,0.07
4747,Xbox Series X,Action,Publisher_28,M,2017,76.8,1.63
4748,Switch,Racing,Publisher_38,T,2024,63.4,0.23
4749,PS4,Shooter,Publisher_40,M,2017,91.9,0.21
4750,PS4,Puzzle,Publisher_34,E10+,2023,52.7,0.05
4751,Xbox One,Racing,Publisher_12,E10+,2022,77.8,0.14
4752,Xbox One,RPG,Publisher_8,T,2018,,0.21
4753,Switch,Sports,Publisher_12,T,2023,78.4,0.49
4754,PS4,Sports,Publisher_29,E10+,2021,64.9,0.44
4755,PC,Adventure,Publisher_35,E10+,2021,83.7,0.21
4756,PS4,Sports,Publisher_36,T,2018,70.9,0.26
4757,Xbox One,Racing,Publisher_28,E,2017,60.1,0.51
4758,PC,Adventure,Publisher_28,E,2021,61.1,0.35
4759,Xbox One,Simulation,Publisher_39,E,2015,73.2,0.31
4760,Switch,RPG,Publisher_28,E,2018,56.0,0.54
4761,PC,Action,Publisher_6,E,2016,90.0,0.13
4762,PC,Adventure,Publisher_21,E,2015,82.5,0.18
4763,Xbox Series X,Puzzle,Publisher_15,E,2015,90.3,0.16
4764,Xbox Series X,RPG,Publisher_26,M,2015,89.2,0.89
4765,PS4,Racing,Publisher_26,E,2024,68.5,0.1
4766,Xbox One,Sports,Publisher_12,T,2022,63.3,0.29
4767,PC,Puzzle,Publisher_12,E,2024,45.2,0.03
4768,Xbox Series X,Puzzle,Publisher_4,M,2015,67.9,0.61
4769,Xbox Series X,RPG,Publisher_12,E,2024,89.7,0.29
4770,PS5,Shooter,Publisher_34,T,2020,63.7,0.44
4771,Xbox Series X,RPG,Publisher_27,T,2022,69.9,0.68
4772,PS4,Action,Publisher_38,M,2023,66.5,0.25
4773,PC,Sports,Publisher_38,T,2017,75.7,0.21
4774,Xbox One,Simulation,Publisher_35,T,2022,84.9,0.33
4775,PS5,Shooter,Publisher_8,M,2021,56.6,0.48
4776,PS5,Sports,Publisher_14,M,2019,58.5,0.13
4777,PC,Action,Publisher_3,E10+,2019,86.9,0.17
4778,PC,RPG,Publisher_4,M,2017,79.3,1.15
4779,Switch,Simulation,Publisher_10,M,2016,69.4,0.31
4780,PS5,Shooter,Publisher_12,T,2024,89.1,0.7
4781,PS5,Simulation,Publisher_1,M,2022,58.3,0.21
4782,PS4,Shooter,Publisher_34,E,2020,81.3,0.54
4783,Switch,Adventure,Publisher_22,T,2021,71.3,0.3
4784,Switch,Adventure,Publisher_27,T,2019,78.1,0.41
4785,PC,Action,Publisher_27,M,2017,48.1,0.42
4786,PS5,Action,Publisher_39,E,2024,69.4,1.29
4787,PS5,Simulation,Publisher_6,M,2024,,0.3
4788,PC,Simulation,Publisher_14,E,2017,71.4,0.07
4789,PC,Sports,Publisher_13,E10+,2023,84.6,0.31
4790,Switch,Puzzle,Publisher_23,T,2019,84.2,0.42
4791,PS5,Simulation,Publisher_22,E10+,2022,62.4,0.21
4792,PS5,Simulation,Publisher_32,M,2016,80.2,0.15
4793,PS5,RPG,Publisher_23,M,2019,62.1,0.51
4794,Switch,Adventure,Publisher_10,E,2016,72.5,0.19
4795,PC,Puzzle,Publisher_23,E10+,2023,78.6,0.08
4796,Xbox One,Simulation,Publisher_39,E,2018,63.6,0.11
4797,PS4,Sports,Publisher_24,T,2017,79.9,0.48
4798,Switch,Racing,Publisher_24,M,2021,66.9,0.23
4799,PS5,Action,Publisher_8,T,2024,66.2,0.29
4800,Switch,RPG,Publisher_1,E,2018,79.1,0.19
4801,PC,Action,Publisher_9,E,2022,63.6,0.44
4802,Switch,Shooter,Publisher_2,E,2021,63.1,0.39
4803,PC,Adventure,Publisher_19,E10+,2019,82.4,0.21
4804,Xbox One,Puzzle,Publisher_36,T,2023,73.1,0.07
4805,Xbox Series X,RPG,Publisher_18,E,2016,57.5,0.3
4806,PS4,Shooter,Publisher_26,M,2023,80.6,0.32
4807,PC,RPG,Publisher_35,E10+,2019,67.9,0.23
4808,Switch,Puzzle,Publisher_31,T,2015,58.0,0.08
4809,PS4,RPG,Publisher_27,T,2024,46.9,0.23
4810,PC,Action,Publisher_32,T,2022,81.0,0.22
4811,PS5,Racing,Publisher_12,E10+,2023,63.4,0.33
4812,Xbox One,Adventure,Publisher_17,E10+,2016,59.6,0.56
4813,PS4,Shooter,Publisher_16,E10+,2022,78.4,0.34
4814,Xbox One,Sports,Publisher_32,E,2021,80.1,0.21
4815,Xbox Series X,Action,Publisher_17,E10+,2024,64.1,0.71
4816,Xbox Series X,Simulation,Publisher_38,M,2018,81.1,0.58
4817,Switch,Adventure,Publisher_8,M,2024,92.5,0.59
4818,Switch,Sports,Publisher_7,M,2022,85.5,0.83
4819,Xbox Series X,Action,Publisher_29,E10+,2017,83.9,0.75
4820,PC,Sports,Publisher_31,E10+,2017,75.1,0.17
4821,Xbox Series X,Shooter,Publisher_28,E,2024,67.6,0.98
4822,PS5,Adventure,Publisher_13,E10+,2021,71.4,0.33
4823,PS5,Sports,Publisher_1,T,2016,76.4,0.26
4824,PS4,Adventure,Publisher_13,E10+,2016,59.4,0.32
4825,Switch,Action,Publisher_19,T,2023,64.3,1.39
4826,Xbox One,Puzzle,Publisher_17,E,2016,57.7,0.15
4827,Xbox Series X,RPG,Publisher_37,E10+,2017,74.4,0.23
4828,Xbox Series X,Simulation,Publisher_35,E10+,2021,72.8,0.29
4829,PC,Shooter,Publisher_32,E10+,2023,65.5,0.2
4830,Xbox One,RPG,Publisher_1,E,2018,80.2,0.29
4831,PS5,Sports,Publisher_6,E10+,2021,61.6,0.45
4832,PS5,Adventure,Publisher_18,M,2022,65.1,0.44
4833,Xbox Series X,Shooter,Publisher_25,M,2021,79.8,1.82
4834,Xbox Series X,RPG,Publisher_28,E10+,2021,81.3,1.12
4835,PC,Puzzle,Publisher_12,E10+,2017,64.0,0.09
4836,Xbox One,Racing,Publisher_5,T,2021,74.3,0.21
4837,Switch,Puzzle,Publisher_14,E10+,2015,64.2,0.11
4838,Xbox One,Shooter,Publisher_32,T,2022,70.0,0.43
4839,Xbox Series X,Action,Publisher_40,E10+,2022,73.4,0.22
4840,Xbox One,Action,Publisher_38,M,2022,77.6,0.26
4841,Xbox One,Action,Publisher_24,T,2015,75.2,0.28
4842,Switch,Racing,Publisher_4,M,2024,74.7,1.24
4843,PS4,Racing,Publisher_39,M,2019,61.2,0.77
4844,Xbox One,Puzzle,Publisher_7,E10+,2015,75.9,0.12
4845,PS4,Simulation,Publisher_11,E10+,2020,77.5,0.16
4846,Switch,Sports,Publisher_39,E,2020,78.9,1.47
4847,Switch,Simulation,Publisher_21,T,2019,,0.15
4848,Xbox One,Simulation,Publisher_8,T,2022,81.2,0.11
4849,PC,Racing,Publisher_21,E10+,2020,58.8,0.24
4850,Xbox One,Racing,Publisher_4,E,2017,67.7,0.88
4851,PS5,Sports,Publisher_13,M,2021,69.2,0.42
4852,Xbox One,Sports,Publisher_39,E,2017,59.4,0.38
4853,Switch,Action,Publisher_12,T,2016,69.1,0.44
4854,PS5,Puzzle,Publisher_36,E,2017,74.2,0.14
4855,PS5,Shooter,Publisher_22,E,2024,53.7,0.54
4856,PS4,Sports,Publisher_27,M,2020,68.1,0.88
4857,PC,Sports,Publisher_29,T,2018,54.5,0.21
4858,Xbox One,Action,Publisher_23,E,2018,92.4,0.55
4859,PC,Puzzle,Publisher_2,E,2023,74.1,0.07
4860,PC,Puzzle,Publisher_37,E10+,2021,73.3,0.06
4861,Xbox One,Puzzle,Publisher_20,T,2022,74.3,0.08
4862,Switch,Action,Publisher_27,E10+,2021,78.0,1.11
4863,PS4,Action,Publisher_23,M,2024,81.8,0.69
4864,PS5,Action,Publisher_27,T,2021,56.4,0.72
4865,Xbox Series X,Adventure,Publisher_15,T,2019,85.1,0.25
4866,Xbox One,Puzzle,Publisher_34,E10+,2017,84.5,0.15
4867,PS4,RPG,Publisher_9,T,2015,71.3,0.56
4868,PS4,Action,Publisher_27,M,2022,70.8,0.38
4869,PS5,RPG,Publisher_24,E,2024,41.0,0.16
4870,Switch,Adventure,Publisher_21,T,2021,59.6,0.31
4871,PC,Sports,Publisher_1,M,2019,77.2,0.24
4872,Switch,Adventure,Publisher_16,E10+,2016,84.0,0.47
4873,Xbox Series X,Shooter,Publisher_2,M,2021,79.3,0.55
4874,Xbox One,Sports,Publisher_21,E10+,2017,71.2,0.21
4875,PC,Simulation,Publisher_28,E,2021,91.3,0.35
4876,Xbox One,Racing,Publisher_21,M,2018,82.1,0.14
4877,PS4,Puzzle,Publisher_31,E10+,2023,68.1,0.12
4878,Xbox Series X,Action,Publisher_15,M,2024,93.8,0.94
4879,Switch,RPG,Publisher_13,E10+,2017,61.0,0.72
4880,Xbox Series X,Puzzle,Publisher_18,E10+,2018,57.3,0.07
4881,PC,Puzzle,Publisher_10,T,2024,67.8,0.04
4882,PC,Action,Publisher_33,E10+,2015,64.4,0.17
4883,PS5,Racing,Publisher_33,M,2020,68.4,0.41
4884,Switch,Simulation,Publisher_17,E,2016,80.0,0.87
4885,Xbox Series X,Adventure,Publisher_32,E,2019,,0.23
4886,Xbox One,Sports,Publisher_2,E,2015,71.9,0.14
4887,PS4,Simulation,Publisher_7,E10+,2016,72.6,0.1
4888,Xbox Series X,Puzzle,Publisher_12,E,2019,48.9,0.08
4889,PS4,Action,Publisher_16,E10+,2015,56.8,0.45
4890,PS5,Sports,Publisher_10,E,2022,68.1,0.43
4891,Switch,Simulation,Publisher_21,M,2020,63.6,0.19
4892,PS5,Sports,Publisher_32,E,2019,69.7,0.26
4893,Xbox Series X,Action,Publisher_19,M,2019,86.0,1.78
4894,PS4,Shooter,Publisher_18,M,2023,71.3,0.61
4895,PS5,Racing,Publisher_3,T,2023,58.8,0.17
4896,Xbox Series X,Racing,Publisher_12,M,2015,64.1,0.41
4897,PC,Puzzle,Publisher_33,M,2021,89.1,0.05
4898,PC,Simulation,Publisher_33,M,2019,87.3,0.1
4899,Xbox Series X,Adventure,Publisher_5,T,2022,78.0,0.43
4900,Xbox One,Action,Publisher_1,T,2022,56.4,0.18
4901,PC,Action,Publisher_34,E10+,2022,75.1,0.22
4902,PS4,Action,Publisher_7,T,2021,75.8,0.3
4903,PC,Shooter,Publisher_23,E10+,2017,72.3,0.4
4904,PS5,RPG,Publisher_34,E,2023,66.3,0.27
4905,PS4,Simulation,Publisher_32,M,2022,68.4,0.18
4906,Xbox Series X,RPG,Publisher_23,T,2017,65.6,0.49
4907,PS5,Action,Publisher_16,T,2017,60.5,0.44
4908,Switch,Simulation,Publisher_31,E10+,2020,85.7,0.27
4909,PC,RPG,Publisher_28,M,2018,80.8,0.74
4910,Xbox Series X,Simulation,Publisher_34,T,2021,69.2,0.13
4911,PC,Adventure,Publisher_21,E,2019,75.5,0.09
4912,Switch,Simulation,Publisher_38,M,2016,75.9,0.22
4913,Switch,Adventure,Publisher_31,M,2018,95.4,0.34
4914,Switch,Sports,Publisher_3,M,2023,80.7,0.82
4915,Xbox One,Puzzle,Publisher_12,E10+,2023,80.3,0.15
4916,PS5,Shooter,Publisher_32,E,2018,72.4,0.16
4917,PC,Puzzle,Publisher_5,E,2022,67.7,0.14
4918,Xbox One,Puzzle,Publisher_29,T,2015,85.8,0.18
4919,PC,Racing,Publisher_14,M,2024,78.5,0.14
4920,PC,RPG,Publisher_9,E,2022,63.7,0.41
4921,PS4,Simulation,Publisher_22,T,2015,76.5,0.26
4922,Xbox Series X,Puzzle,Publisher_38,E,2022,80.4,0.07
4923,PS4,Simulation,Publisher_36,M,2019,51.0,0.14
4924,PS5,Sports,Publisher_17,E,2023,62.8,1.61
4925,PC,Adventure,Publisher_1,M,2017,75.6,0.09
4926,PC,RPG,Publisher_36,E,2023,52.8,0.12
4927,PC,Shooter,Publisher_36,E10+,2023,54.3,0.14
4928,PC,Adventure,Publisher_25,T,2017,69.3,0.55
4929,Xbox One,RPG,Publisher_26,M,2019,76.9,0.36
4930,Xbox One,RPG,Publisher_22,E10+,2021,77.4,0.21
4931,PC,Simulation,Publisher_1,M,2017,,0.12
4932,Xbox One,Simulation,Publisher_7,E,2024,72.8,0.05
4933,Xbox One,RPG,Publisher_6,E10+,2016,68.3,0.3
4934,PS4,RPG,Publisher_37,M,2017,58.9,0.23
4935,Switch,Sports,Publisher_2,E10+,2020,68.2,0.31
4936,Switch,Action,Publisher_23,T,2019,79.1,1.04
4937,Switch,Racing,Publisher_15,E10+,2015,79.5,0.47
4938,Xbox Series X,RPG,Publisher_1,E10+,2024,74.6,0.43
4939,PS4,Adventure,Publisher_37,M,2017,77.5,0.26
4940,PS5,Sports,Publisher_1,T,2016,84.8,0.4
4941,Xbox One,Puzzle,Publisher_35,T,2020,72.8,0.24
4942,Switch,Racing,Publisher_32,T,2024,85.7,0.22
4943,Switch,Racing,Publisher_32,M,2015,64.7,0.29
4944,PC,Action,Publisher_7,E10+,2019,71.3,0.25
4945,Xbox Series X,Shooter,Publisher_36,M,2024,67.2,0.31
4946,Switch,Puzzle,Publisher_24,T,2023,79.9,0.12
4947,Switch,RPG,Publisher_17,M,2016,61.9,0.9
4948,PS4,Adventure,Publisher_28,M,2021,68.8,0.7
4949,PC,Racing,Publisher_14,E,2023,53.4,0.15
4950,PS5,RPG,Publisher_12,E10+,2021,77.9,0.44
4951,Xbox One,Action,Publisher_12,E10+,2021,84.5,0.11
4952,PC,Sports,Publisher_23,E10+,2022,81.1,0.32
4953,Xbox One,Shooter,Publisher_25,E10+,2019,80.1,0.71
4954,PC,Shooter,Publisher_10,E,2015,80.4,0.24
4955,PS5,Adventure,Publisher_10,M,2021,79.0,0.29
4956,Xbox One,Adventure,Publisher_38,M,2021,78.1,0.12
4957,Switch,Sports,Publisher_21,T,2023,78.8,0.37
4958,Xbox One,Racing,Publisher_35,E10+,2024,65.4,0.33
4959,PC,Shooter,Publisher_14,M,2018,70.0,0.26
4960,Xbox Series X,Action,Publisher_12,E10+,2024,72.7,0.24
4961,Switch,Puzzle,Publisher_12,E10+,2015,68.6,0.09
4962,Xbox Series X,Racing,Publisher_22,M,2024,56.3,0.29
4963,PC,Action,Publisher_32,M,2016,59.6,0.28
4964,PS5,Shooter,Publisher_21,T,2021,74.3,0.56
4965,PS4,Puzzle,Publisher_12,E,2021,81.1,0.07
4966,PS5,RPG,Publisher_39,E,2021,72.1,0.67
4967,Switch,RPG,Publisher_23,M,2024,,0.71
4968,PS4,Action,Publisher_16,E10+,2020,62.8,0.65
4969,PS4,Sports,Publisher_1,T,2016,76.4,0.18
4970,PC,Simulation,Publisher_23,E10+,2021,84.9,0.22
4971,Xbox Series X,Racing,Publisher_25,E10+,2017,82.7,0.99
4972,PS5,Sports,Publisher_38,M,2021,78.6,0.62
4973,PS5,Shooter,Publisher_10,T,2018,82.7,0.71
4974,PS4,Sports,Publisher_7,E10+,2015,72.6,0.27
4975,PC,Shooter,Publisher_40,E10+,2021,88.6,0.13
4976,Xbox One,Sports,Publisher_23,E,2015,,0.36
4977,PC,Racing,Publisher_2,T,2018,63.5,0.12
4978,PS4,Racing,Publisher_5,T,2021,,0.36
4979,Xbox Series X,Puzzle,Publisher_20,E,2023,56.5,0.29
4980,PS5,Shooter,Publisher_25,E10+,2018,87.2,1.54
4981,Xbox Series X,RPG,Publisher_10,T,2017,74.2,0.26
4982,Xbox One,Sports,Publisher_15,E,2018,85.5,0.41
4983,Switch,Sports,Publisher_30,M,2020,70.9,0.35
4984,Xbox Series X,Shooter,Publisher_39,M,2016,53.4,0.8
4985,Switch,Shooter,Publisher_20,T,2020,98.4,0.8
4986,Xbox One,Puzzle,Publisher_17,E,2023,73.3,0.14
4987,PS4,Action,Publisher_15,T,2015,62.0,0.3
4988,PC,RPG,Publisher_6,M,2024,83.5,0.26
4989,Xbox Series X,Adventure,Publisher_3,E,2020,92.4,0.16
4990,PS5,Simulation,Publisher_34,M,2021,70.0,0.12
4991,PC,Simulation,Publisher_2,M,2021,71.0,0.12
4992,PC,RPG,Publisher_33,E,2024,74.4,0.12
4993,PS5,Sports,Publisher_10,E,2021,60.9,0.27
4994,PC,Sports,Publisher_28,T,2023,65.1,0.78
4995,PC,Sports,Publisher_39,M,2017,89.8,0.55
4996,Switch,Simulation,Publisher_30,M,2017,70.7,0.42
4997,PS4,Simulation,Publisher_30,T,2021,63.6,0.13
4998,Xbox One,Adventure,Publisher_11,T,2016,67.5,0.18
4999,Xbox One,Puzzle,Publisher_24,T,2016,82.7,0.06
5000,Xbox One,RPG,Publisher_26,T,2017,52.2,0.17
5001,Xbox One,Shooter,Publisher_18,M,2017,74.5,0.2
5002,Xbox One,Adventure,Publisher_2,E,2015,96.6,0.11
5003,Xbox One,Adventure,Publisher_37,E,2022,92.3,0.13
5004,Switch,Racing,Publisher_8,E,2020,77.7,0.17
5005,Xbox One,Adventure,Publisher_39,M,2017,,0.48
5006,PS5,RPG,Publisher_38,T,2017,85.1,0.36
5007,PS5,Shooter,Publisher_1,E,2024,70.7,0.43
5008,PC,Adventure,Publisher_30,E,2024,81.2,0.07
5009,PC,Shooter,Publisher_26,E10+,2016,89.9,0.29
5010,Xbox One,Adventure,Publisher_10,E,2021,59.4,0.2
5011,PS4,Shooter,Publisher_33,T,2018,77.8,0.55
5012,Switch,RPG,Publisher_5,E10+,2018,75.6,1.61
5013,PS5,Sports,Publisher_10,E10+,2020,73.0,0.32
5014,Xbox Series X,Racing,Publisher_38,E,2024,72.1,0.18
5015,PS4,Shooter,Publisher_30,T,2020,74.3,0.38
5016,PS5,RPG,Publisher_5,M,2024,75.2,0.85
5017,Switch,Puzzle,Publisher_6,T,2023,83.2,0.09
5018,Xbox One,Action,Publisher_11,M,2022,76.8,0.34
5019,PS4,Action,Publisher_3,M,2022,70.2,0.29
5020,Xbox One,Simulation,Publisher_8,M,2022,63.6,0.07
5021,PS5,Puzzle,Publisher_23,T,2017,67.3,0.17
5022,Xbox Series X,Racing,Publisher_1,E,2024,74.6,0.19
5023,Xbox One,Action,Publisher_12,E10+,2024,64.9,0.19
5024,Xbox Series X,Racing,Publisher_13,E10+,2021,81.5,0.4
5025,Switch,Shooter,Publisher_39,T,2022,76.3,2.14
5026,PS4,Racing,Publisher_39,M,2023,83.4,0.39
5027,PS5,Action,Publisher_34,T,2016,65.6,0.36
5028,Xbox One,Racing,Publisher_14,E10+,2015,63.7,0.09
5029,PC,Racing,Publisher_22,M,2024,83.4,0.24
5030,Xbox Series X,RPG,Publisher_21,T,2020,73.3,0.26
5031,PS5,Action,Publisher_35,M,2022,70.0,1.21
5032,PC,Simulation,Publisher_30,T,2020,79.0,0.14
5033,Xbox Series X,Puzzle,Publisher_37,T,2020,78.6,0.19
5034,PS4,Racing,Publisher_23,E10+,2015,59.4,0.43
5035,Xbox One,Adventure,Publisher_37,E10+,2017,85.8,0.08
5036,PS4,Puzzle,Publisher_30,E10+,2015,67.9,0.1
5037,PC,Sports,Publisher_30,E10+,2019,89.0,0.18
5038,PS4,Shooter,Publisher_27,T,2015,58.7,0.49
5039,Xbox One,Simulation,Publisher_14,E10+,2023,75.2,0.11
5040,Xbox One,RPG,Publisher_25,E,2017,70.1,0.93
5041,PS4,Simulation,Publisher_15,E,2022,52.2,0.23
5042,Xbox Series X,Action,Publisher_26,M,2015,78.6,0.56
5043,PS5,RPG,Publisher_11,E10+,2015,52.8,0.32
5044,Xbox One,RPG,Publisher_32,T,2019,69.1,0.43
5045,Switch,Racing,Publisher_23,M,2022,83.0,0.51
5046,PC,Sports,Publisher_29,E,2023,66.7,0.12
5047,PS4,Sports,Publisher_9,M,2020,63.0,0.47
5048,PS4,Puzzle,Publisher_32,T,2021,80.0,0.1
5049,Xbox One,RPG,Publisher_33,T,2021,69.5,0.3
5050,Switch,Simulation,Publisher_6,E10+,2021,67.9,0.17
5051,PC,Adventure,Publisher_15,T,2022,84.7,0.23
5052,PS5,RPG,Publisher_28,E,2015,60.3,0.61
5053,PS4,Racing,Publisher_35,E10+,2019,,0.74
5054,PS4,RPG,Publisher_30,M,2023,80.7,0.32
5055,PS4,RPG,Publisher_19,E10+,2019,59.7,0.39
5056,Xbox Series X,Puzzle,Publisher_12,T,2016,89.8,0.27
5057,PC,RPG,Publisher_37,M,2021,69.8,0.28
5058,PS5,Sports,Publisher_35,T,2018,80.7,0.75
5059,Switch,RPG,Publisher_36,E10+,2020,80.7,0.39
5060,Xbox One,Simulation,Publisher_13,M,2020,70.5,0.55
5061,Xbox One,RPG,Publisher_18,M,2021,67.2,0.44
5062,Switch,RPG,Publisher_10,T,2024,71.6,0.54
5063,PS5,Puzzle,Publisher_39,E,2021,79.1,0.18
5064,Switch,Action,Publisher_35,E10+,2024,62.1,1.81
5065,PS4,RPG,Publisher_7,E10+,2015,60.0,0.17
5066,Xbox One,Sports,Publisher_10,E,2022,86.8,0.29
5067,Switch,Simulation,Publisher_23,E10+,2019,64.7,0.24
5068,Xbox One,Simulation,Publisher_17,E,2022,75.5,0.35
5069,PS4,Adventure,Publisher_19,T,2015,70.0,0.27
5070,Xbox Series X,Sports,Publisher_15,E10+,2020,70.4,0.36
5071,Xbox Series X,Racing,Publisher_27,T,2015,86.3,0.57
5072,PS5,Puzzle,Publisher_36,E10+,2021,71.1,0.08
5073,Switch,Adventure,Publisher_37,T,2017,68.4,0.6
5074,PS5,Sports,Publisher_19,T,2016,69.3,0.45
5075,Xbox Series X,Puzzle,Publisher_34,E,2015,67.0,0.07
5076,Xbox One,Sports,Publisher_28,E10+,2017,65.3,0.68
5077,PS5,Racing,Publisher_8,T,2024,67.0,0.4
5078,PC,Simulation,Publisher_32,T,2024,88.6,0.09
5079,Xbox Series X,Action,Publisher_15,E,2015,79.1,0.34
5080,PS5,Sports,Publisher_26,M,2024,68.5,0.27
5081,Xbox One,Adventure,Publisher_29,E,2020,81.8,0.15
5082,Xbox One,Action,Publisher_38,M,2018,56.1,0.24
5083,Xbox One,Puzzle,Publisher_38,T,2024,85.8,0.08
5084,Switch,Racing,Publisher_33,E10+,2017,85.0,0.35
5085,Xbox Series X,RPG,Publisher_21,E,2016,94.4,0.38
5086,Switch,Adventure,Publisher_17,M,2017,82.1,1.31
5087,Xbox Series X,Adventure,Publisher_18,T,2016,76.4,0.19
5088,Xbox One,RPG,Publisher_39,M,2019,84.9,0.51
5089,PS5,Action,Publisher_9,M,2016,65.7,0.96
5090,Xbox One,Sports,Publisher_21,E,2017,68.0,0.15
5091,PS4,Action,Publisher_28,T,2018,71.4,1.03
5092,Switch,Simulation,Publisher_1,E10+,2021,85.7,0.18
5093,Switch,Racing,Publisher_26,M,2023,63.4,0.38
5094,PC,Puzzle,Publisher_11,E,2015,62.4,0.03
5095,PC,Sports,Publisher_12,E,2021,74.4,0.12
5096,PS5,Adventure,Publisher_25,T,2016,79.2,1.33
5097,PS5,Puzzle,Publisher_1,T,2024,65.0,0.08
5098,PC,Adventure,Publisher_7,T,2017,78.7,0.18
5099,Xbox Series X,Shooter,Publisher_19,E10+,2023,85.7,0.49
5100,PS5,Puzzle,Publisher_24,E10+,2022,84.0,0.08
5101,PS4,Racing,Publisher_5,M,2018,75.5,0.28
5102,PC,Shooter,Publisher_15,M,2018,71.1,0.38
5103,Xbox Series X,Racing,Publisher_13,M,2018,89.4,0.66
5104,PS5,RPG,Publisher_22,E10+,2019,72.2,0.55
5105,Switch,Simulation,Publisher_13,M,2019,81.4,0.71
5106,PS4,Puzzle,Publisher_1,E10+,2021,91.6,0.14
5107,Xbox Series X,Puzzle,Publisher_22,M,2019,80.4,0.1
5108,PS5,Puzzle,Publisher_34,M,2022,62.0,0.1
5109,Xbox One,Shooter,Publisher_24,E,2019,59.6,0.26
5110,Xbox Series X,Simulation,Publisher_15,M,2018,69.0,0.48
5111,PC,Sports,Publisher_20,T,2018,79.1,0.23
5112,Xbox Series X,Racing,Publisher_6,M,2022,76.4,0.42
5113,PS4,Action,Publisher_10,T,2016,94.1,0.17
5114,PS5,RPG,Publisher_18,E,2017,76.4,0.39
5115,PS4,Racing,Publisher_24,M,2018,68.7,0.2
5116,Xbox Series X,Shooter,Publisher_20,E,2021,60.7,0.58
5117,PS5,Simulation,Publisher_39,M,2016,83.8,0.68
5118,Xbox Series X,Racing,Publisher_26,E,2019,71.9,0.15
5119,PC,Shooter,Publisher_1,M,2021,56.9,0.24
5120,Switch,Shooter,Publisher_21,E10+,2024,72.2,0.47
5121,Xbox One,Racing,Publisher_24,E,2019,62.0,0.16
5122,PC,Adventure,Publisher_2,E,2024,67.7,0.17
5123,Switch,RPG,Publisher_16,E10+,2021,72.1,0.77
5124,Xbox One,Racing,Publisher_35,M,2022,62.9,0.35
5125,PC,Racing,Publisher_15,M,2017,67.1,0.14
5126,PS5,Action,Publisher_19,T,2024,64.6,1.36
5127,Switch,Simulation,Publisher_9,T,2017,64.8,0.74
5128,PS4,Racing,Publisher_4,E10+,2016,61.9,0.79
5129,Switch,Sports,Publisher_13,M,2015,67.2,0.7
5130,PC,Puzzle,Publisher_31,E10+,2021,63.1,0.07
5131,Xbox Series X,Puzzle,Publisher_40,M,2021,77.9,0.21
5132,PS5,Simulation,Publisher_27,E10+,2016,74.0,0.28
5133,Xbox Series X,Action,Publisher_34,E10+,2023,83.9,0.36
5134,Xbox Series X,Shooter,Publisher_26,E10+,2017,90.9,0.28
5135,PC,Sports,Publisher_27,T,2021,78.8,0.28
5136,PC,Racing,Publisher_18,T,2020,76.5,0.22
5137,Xbox One,Racing,Publisher_3,M,2020,79.4,0.26
5138,PC,Shooter,Publisher_17,E,2022,76.7,0.6
5139,Xbox Series X,Simulation,Publisher_35,E,2024,72.5,0.18
5140,Xbox Series X,Racing,Publisher_22,M,2022,71.7,0.21
5141,PC,Shooter,Publisher_31,M,2024,61.8,0.23
5142,Switch,Action,Publisher_3,E,2023,80.4,0.38
5143,Xbox One,RPG,Publisher_9,M,2018,71.7,0.48
5144,Xbox Series X,Simulation,Publisher_12,E10+,2020,,0.2
5145,Switch,Shooter,Publisher_15,M,2016,81.2,0.76
5146,Switch,Simulation,Publisher_40,M,2024,65.7,0.23
5147,Xbox Series X,Racing,Publisher_19,T,2024,84.5,0.47
5148,PS5,Racing,Publisher_27,E,2023,46.4,0.27
5149,PS5,Shooter,Publisher_26,M,2022,91.3,1.14
5150,PS5,Racing,Publisher_17,E,2023,58.6,0.53
5151,Xbox Series X,Action,Publisher_39,E10+,2022,77.0,0.4
5152,Xbox One,Action,Publisher_9,T,2017,76.3,0.87
5153,Switch,Shooter,Publisher_2,E,2017,83.2,0.35
5154,PS4,Racing,Publisher_30,E10+,2020,68.7,0.23
5155,Switch,Racing,Publisher_27,M,2019,50.5,0.39
5156,Xbox One,Shooter,Publisher_11,E,2022,68.7,0.26
5157,PS5,RPG,Publisher_35,E10+,2022,69.8,1.02
5158,Xbox Series X,Puzzle,Publisher_7,E,2024,51.5,0.12
5159,PS4,Racing,Publisher_11,T,2022,72.5,0.17
5160,PC,Action,Publisher_7,E,2015,61.2,0.12
5161,PC,Shooter,Publisher_8,E10+,2018,78.5,0.23
5162,Switch,Puzzle,Publisher_30,T,2018,69.5,0.12
5163,Xbox One,Adventure,Publisher_29,E,2021,91.6,0.11
5164,Xbox Series X,RPG,Publisher_26,E,2018,69.4,0.22
5165,PS4,Simulation,Publisher_35,M,2024,76.3,1.36
5166,Switch,Puzzle,Publisher_3,M,2017,69.9,0.09
5167,PS5,Shooter,Publisher_25,E,2019,55.8,1.29
5168,PS4,Puzzle,Publisher_5,M,2023,70.0,0.21
5169,PS5,Adventure,Publisher_39,E10+,2018,79.5,1.27
5170,Xbox Series X,Sports,Publisher_26,E,2015,78.0,0.18
5171,PS4,Sports,Publisher_31,M,2018,69.1,0.27
5172,PS4,Shooter,Publisher_23,E10+,2018,57.4,0.54
5173,Xbox Series X,Action,Publisher_16,E10+,2021,78.4,0.62
5174,PC,Adventure,Publisher_28,E,2022,,0.28
5175,Xbox One,Simulation,Publisher_34,M,2020,80.4,0.13
5176,Switch,Racing,Publisher_8,E10+,2019,69.3,0.24
5177,PC,Simulation,Publisher_35,T,2020,,0.22
5178,PC,Action,Publisher_30,E,2016,77.3,0.24
5179,Xbox Series X,Puzzle,Publisher_4,M,2016,71.9,0.53
5180,PC,Shooter,Publisher_38,M,2021,85.9,0.32
5181,PC,RPG,Publisher_8,T,2023,72.3,0.19
5182,PC,RPG,Publisher_25,E10+,2020,71.5,0.76
5183,Xbox Series X,Racing,Publisher_6,T,2015,76.2,0.37
5184,PS4,Puzzle,Publisher_8,E10+,2024,66.0,0.08
5185,Xbox One,Sports,Publisher_26,M,2018,65.5,0.26
5186,PC,Racing,Publisher_28,T,2022,71.0,0.26
5187,PC,Simulation,Publisher_28,E,2023,62.8,0.12
5188,Xbox One,Action,Publisher_14,M,2024,69.7,0.46
5189,PS5,Simulation,Publisher_33,E,2016,91.4,0.19
5190,Xbox Series X,Racing,Publisher_2,E10+,2016,82.4,0.25
5191,Switch,RPG,Publisher_35,E10+,2021,75.1,0.76
5192,Xbox One,Puzzle,Publisher_13,E,2022,87.5,0.08
5193,Xbox Series X,Racing,Publisher_25,M,2023,63.8,0.64
5194,Xbox Series X,Adventure,Publisher_37,M,2020,96.9,0.37
5195,PS5,Action,Publisher_11,E,2016,67.4,0.29
5196,PS4,Action,Publisher_17,E10+,2022,92.0,0.8
5197,Switch,Puzzle,Publisher_34,E10+,2021,92.0,0.12
5198,PS4,RPG,Publisher_35,T,2019,54.5,0.99
5199,PC,Sports,Publisher_10,T,2021,86.7,0.23
5200,PS5,Shooter,Publisher_21,T,2017,69.2,0.37
5201,Xbox One,Puzzle,Publisher_14,E,2023,66.3,0.08
5202,Xbox Series X,Sports,Publisher_21,T,2015,77.2,0.27
5203,Switch,Simulation,Publisher_16,E,2023,61.9,0.31
5204,PC,Shooter,Publisher_1,E,2023,77.0,0.19
5205,Xbox One,Sports,Publisher_37,M,2021,62.6,0.24
5206,Xbox One,Action,Publisher_26,E,2023,73.8,0.14
5207,Switch,Adventure,Publisher_19,E,2024,85.4,0.64
5208,Xbox One,Action,Publisher_5,E10+,2016,75.9,1.09
5209,PS4,Shooter,Publisher_3,T,2020,68.4,0.32
5210,Xbox Series X,Puzzle,Publisher_20,T,2021,,0.24
5211,PS4,Racing,Publisher_26,E,2024,57.9,0.14
5212,Xbox Series X,RPG,Publisher_11,M,2022,63.6,0.39
5213,Xbox One,Action,Publisher_30,E10+,2020,67.7,0.11
5214,PS4,Puzzle,Publisher_16,T,2020,79.9,0.35
5215,PS4,Shooter,Publisher_1,E,2016,76.1,0.41
5216,Switch,Action,Publisher_22,M,2018,77.4,0.41
5217,Xbox Series X,Sports,Publisher_8,E10+,2019,71.7,0.27
5218,PS4,Racing,Publisher_1,M,2023,64.1,0.16
5219,Switch,Sports,Publisher_6,E10+,2023,86.9,0.42
5220,Switch,Shooter,Publisher_12,T,2021,65.0,0.47
5221,Switch,Action,Publisher_21,T,2016,76.2,0.48
5222,Switch,Adventure,Publisher_40,E,2022,70.9,0.17
5223,PC,Puzzle,Publisher_9,E,2019,77.6,0.1
5224,Xbox One,Adventure,Publisher_3,E10+,2021,65.9,0.18
5225,PS4,Action,Publisher_8,E,2019,82.5,0.22
5226,PC,Shooter,Publisher_13,T,2022,85.8,0.16
5227,PS4,RPG,Publisher_9,E,2017,81.9,0.49
5228,PS4,Racing,Publisher_13,T,2016,73.6,0.75
5229,Switch,Adventure,Publisher_39,E,2017,67.6,0.83
5230,PC,Sports,Publisher_16,E,2024,99.0,0.27
5231,Xbox Series X,Adventure,Publisher_26,E10+,2015,62.1,0.18
5232,Switch,Racing,Publisher_28,T,2017,80.8,1.33
5233,PC,Adventure,Publisher_6,E10+,2018,75.3,0.06
5234,Switch,Action,Publisher_10,E10+,2023,71.4,0.3
5235,PS5,Simulation,Publisher_17,E10+,2018,73.9,0.65
5236,Xbox One,Shooter,Publisher_19,E10+,2023,66.9,0.77
5237,PS4,RPG,Publisher_1,E10+,2024,76.3,0.21
5238,PC,Sports,Publisher_26,M,2021,75.2,0.31
5239,PS5,Simulation,Publisher_13,T,2018,98.8,0.33
5240,PC,Simulation,Publisher_13,E10+,2020,82.7,0.05
5241,PS4,Sports,Publisher_25,T,2021,77.2,1.06
5242,Xbox Series X,Shooter,Publisher_38,T,2016,77.8,0.48
5243,PS4,Puzzle,Publisher_35,M,2023,90.4,0.48
5244,Switch,Racing,Publisher_40,T,2019,62.3,0.34
5245,Xbox Series X,Sports,Publisher_17,E,2023,70.2,0.78
5246,Switch,RPG,Publisher_5,T,2021,52.9,0.65
5247,PS5,RPG,Publisher_9,M,2023,77.6,0.85
5248,Xbox Series X,RPG,Publisher_14,E,2015,80.5,0.25
5249,PC,Simulation,Publisher_13,E,2015,62.0,0.12
5250,PC,Sports,Publisher_9,T,2016,86.4,0.19
5251,PS4,Puzzle,Publisher_7,M,2023,64.8,0.07
5252,Xbox Series X,Simulation,Publisher_8,E10+,2024,68.6,0.15
5253,Xbox Series X,Adventure,Publisher_27,T,2024,73.2,0.18
5254,Xbox One,Adventure,Publisher_20,T,2018,87.9,0.15
5255,Xbox One,Sports,Publisher_2,T,2017,63.4,0.15
5256,PS5,Sports,Publisher_23,E,2018,74.9,0.48
5257,Switch,Adventure,Publisher_34,E10+,2023,79.7,0.24
5258,PS4,Puzzle,Publisher_18,M,2017,77.7,0.05
5259,PS4,Puzzle,Publisher_13,M,2020,78.1,0.33
5260,PC,Shooter,Publisher_11,M,2021,79.6,0.15
5261,Switch,Racing,Publisher_16,E,2018,66.5,0.36
5262,Xbox Series X,Action,Publisher_12,E10+,2019,88.9,0.24
5263,PC,RPG,Publisher_37,E,2021,70.9,0.24
5264,Xbox Series X,Racing,Publisher_40,E10+,2022,,0.24
5265,Xbox One,Sports,Publisher_14,M,2016,85.5,0.19
5266,PS4,Sports,Publisher_37,E10+,2020,65.7,0.17
5267,PS4,Action,Publisher_35,E,2016,75.2,0.82
5268,Xbox Series X,Sports,Publisher_4,T,2015,64.8,0.61
5269,Xbox One,Simulation,Publisher_20,M,2021,97.2,0.34
5270,Switch,Puzzle,Publisher_27,T,2019,95.1,0.26
5271,Xbox Series X,Simulation,Publisher_17,M,2017,70.9,0.68
5272,PC,RPG,Publisher_19,T,2015,77.2,0.42
5273,Xbox One,Racing,Publisher_20,T,2024,72.1,0.24
5274,PS5,Simulation,Publisher_28,M,2023,68.5,0.37
5275,Switch,RPG,Publisher_12,E10+,2024,73.2,0.35
5276,Xbox One,Puzzle,Publisher_24,E10+,2016,71.6,0.04
5277,Xbox Series X,Puzzle,Publisher_10,T,2015,56.8,0.1
5278,Xbox Series X,Adventure,Publisher_36,T,2017,74.6,0.2
5279,PS4,Simulation,Publisher_4,E10+,2016,71.6,0.38
5280,Xbox One,Racing,Publisher_3,E10+,2019,75.1,0.09
5281,Xbox One,Racing,Publisher_2,E,2021,71.2,0.19
5282,Xbox Series X,Adventure,Publisher_14,T,2016,68.4,0.18
5283,PS4,Puzzle,Publisher_25,E,2018,80.7,0.69
5284,Xbox Series X,RPG,Publisher_40,E10+,2020,77.3,0.31
5285,Xbox Series X,Puzzle,Publisher_19,E10+,2018,86.0,0.27
5286,Xbox Series X,Racing,Publisher_8,M,2019,76.9,0.27
5287,PS4,Sports,Publisher_15,E10+,2020,70.0,0.37
5288,Xbox One,Racing,Publisher_6,E,2024,78.2,0.2
5289,PS4,Racing,Publisher_19,T,2018,52.2,0.45
5290,Xbox One,Simulation,Publisher_30,E,2015,93.0,0.06
5291,PS5,Racing,Publisher_2,E10+,2023,74.7,0.35
5292,Xbox Series X,Sports,Publisher_32,E10+,2020,93.8,0.38
5293,Switch,Simulation,Publisher_10,E,2019,63.3,0.18
5294,Switch,Racing,Publisher_27,M,2022,60.8,0.99
5295,Switch,RPG,Publisher_33,E10+,2024,75.7,0.71
5296,Switch,Adventure,Publisher_32,T,2016,75.6,0.38
5297,PS5,Shooter,Publisher_27,M,2023,75.4,0.8
5298,Xbox Series X,RPG,Publisher_28,E10+,2021,73.9,0.67
5299,Xbox One,Adventure,Publisher_8,M,2020,65.7,0.19
5300,Switch,Adventure,Publisher_6,E10+,2023,57.1,0.36
5301,Xbox One,Racing,Publisher_16,M,2018,74.8,0.16
5302,PC,RPG,Publisher_25,E10+,2022,59.2,0.71
5303,PS4,Adventure,Publisher_25,E,2020,58.2,0.43
5304,PS5,Sports,Publisher_32,M,2024,68.2,0.2
5305,PS5,Puzzle,Publisher_13,M,2019,76.3,0.32
5306,Xbox One,Racing,Publisher_35,M,2022,91.9,0.8
5307,Xbox One,Adventure,Publisher_18,E,2019,81.8,0.12
5308,PS4,Shooter,Publisher_10,M,2018,86.3,0.28
5309,Switch,Adventure,Publisher_30,E10+,2018,78.5,0.49
5310,Switch,Action,Publisher_6,M,2024,75.7,0.4
5311,Xbox Series X,Adventure,Publisher_17,M,2023,97.1,1.29
5312,PS4,Action,Publisher_32,E,2017,58.8,0.13
5313,Switch,Puzzle,Publisher_31,E10+,2023,67.9,0.15
5314,Switch,Sports,Publisher_11,E10+,2020,68.6,0.38
5315,PS4,Simulation,Publisher_7,E10+,2016,,0.19
5316,PS4,Adventure,Publisher_2,T,2022,62.2,0.27
5317,Xbox Series X,Action,Publisher_4,E10+,2016,79.6,0.92
5318,Xbox One,Simulation,Publisher_34,T,2023,77.8,0.14
5319,PS5,RPG,Publisher_32,T,2019,80.1,0.24
5320,PC,Racing,Publisher_21,E,2024,80.0,0.07
5321,Xbox Series X,Action,Publisher_23,E,2019,87.4,0.46
5322,Xbox Series X,Action,Publisher_14,T,2015,71.5,0.39
5323,PS5,Sports,Publisher_8,E,2022,77.3,0.56
5324,PC,Racing,Publisher_1,E,2022,64.6,0.2
5325,PS4,Racing,Publisher_27,T,2018,62.4,0.27
5326,PC,Adventure,Publisher_2,E10+,2017,89.6,0.14
5327,Xbox Series X,Sports,Publisher_5,E,2023,63.9,0.71
5328,PC,Puzzle,Publisher_32,E10+,2022,78.4,0.08
5329,PS4,Action,Publisher_24,T,2017,77.3,0.27
5330,PS5,RPG,Publisher_20,M,2022,83.7,0.96
5331,Switch,Sports,Publisher_9,M,2017,,0.72
5332,Switch,Action,Publisher_6,T,2016,80.9,0.43
5333,Xbox One,Racing,Publisher_19,M,2021,71.4,0.29
5334,PS5,Simulation,Publisher_15,T,2023,66.0,0.28
5335,PC,Puzzle,Publisher_22,E10+,2024,69.5,0.05
5336,Xbox Series X,Adventure,Publisher_7,M,2019,82.4,0.18
5337,PC,Racing,Publisher_10,E10+,2016,79.3,0.17
5338,PC,Action,Publisher_5,M,2020,70.7,0.54
5339,PC,RPG,Publisher_17,M,2021,60.6,1.0
5340,Switch,Adventure,Publisher_12,E10+,2024,61.3,0.27
5341,Switch,Action,Publisher_9,T,2016,79.5,0.83
5342,Xbox One,Action,Publisher_22,M,2021,59.2,0.18
5343,PS5,Adventure,Publisher_20,M,2020,70.8,0.58
5344,Xbox Series X,Action,Publisher_9,E,2020,98.8,0.94
5345,Switch,Simulation,Publisher_28,M,2015,76.6,0.81
5346,Switch,Adventure,Publisher_14,T,2015,79.4,0.17
5347,Xbox One,Puzzle,Publisher_14,E,2021,61.4,0.05
5348,Switch,Racing,Publisher_20,E,2016,59.7,0.47
5349,PS5,Action,Publisher_6,T,2021,80.0,0.55
5350,Xbox Series X,Shooter,Publisher_17,E10+,2015,69.2,0.62
5351,Xbox One,Adventure,Publisher_24,E,2023,83.7,0.15
5352,PC,Simulation,Publisher_6,T,2018,,0.1
5353,PS4,Shooter,Publisher_23,T,2019,99.0,0.53
5354,PS4,Adventure,Publisher_2,E,2018,67.3,0.12
5355,Xbox Series X,Adventure,Publisher_25,E10+,2019,75.9,0.54
5356,PS4,Action,Publisher_2,E10+,2020,64.1,0.26
5357,Xbox One,Racing,Publisher_8,M,2021,83.3,0.27
5358,Xbox One,Racing,Publisher_15,T,2021,77.4,0.35
5359,Switch,Racing,Publisher_25,E,2024,63.4,0.55
5360,PC,Adventure,Publisher_29,T,2016,69.8,0.17
5361,PS5,Simulation,Publisher_19,M,2023,86.7,0.24
5362,PS4,Racing,Publisher_6,E,2021,85.5,0.19
5363,PS4,RPG,Publisher_16,M,2018,58.9,0.63
5364,PS4,Simulation,Publisher_32,E,2024,,0.21
5365,Switch,Simulation,Publisher_4,T,2022,91.2,0.48
5366,PS5,Puzzle,Publisher_29,E10+,2016,71.3,0.14
5367,PS5,Puzzle,Publisher_16,T,2016,74.8,0.28
5368,PC,Action,Publisher_1,M,2021,83.3,0.13
5369,PC,Shooter,Publisher_28,M,2022,59.7,0.78
5370,PS4,Sports,Publisher_2,M,2015,63.6,0.31
5371,PS4,Racing,Publisher_15,M,2021,69.8,0.2
5372,Xbox One,Adventure,Publisher_8,E10+,2020,,0.15
5373,Xbox One,Sports,Publisher_24,E10+,2024,83.2,0.12
5374,PC,Simulation,Publisher_3,T,2022,80.2,0.16
5375,Xbox Series X,Sports,Publisher_4,E,2024,71.6,0.97
5376,PS5,Action,Publisher_22,T,2015,84.3,0.35
5377,Xbox Series X,Simulation,Publisher_40,T,2022,71.5,0.11
5378,Xbox One,Action,Publisher_2,M,2018,78.8,0.3
5379,Xbox One,Puzzle,Publisher_19,E,2020,82.1,0.22
5380,Xbox One,Adventure,Publisher_33,E,2023,90.0,0.11
5381,PC,RPG,Publisher_12,E,2023,72.4,0.13
5382,Switch,Action,Publisher_20,T,2017,69.4,0.65
5383,PS4,RPG,Publisher_34,T,2017,86.0,0.49
5384,Xbox Series X,Action,Publisher_30,T,2022,,0.19
5385,Switch,Puzzle,Publisher_12,E,2023,67.6,0.2
5386,Xbox Series X,Simulation,Publisher_31,E10+,2021,61.9,0.13
5387,Xbox Series X,Simulation,Publisher_28,E10+,2015,85.2,0.59
5388,PS4,Adventure,Publisher_21,E,2016,56.6,0.12
5389,PS4,Adventure,Publisher_18,M,2022,56.1,0.19
5390,Switch,Simulation,Publisher_38,E,2022,70.3,0.15
5391,PC,Adventure,Publisher_35,T,2023,73.0,0.51
5392,Switch,Puzzle,Publisher_40,E10+,2020,61.4,0.18
5393,PS4,Simulation,Publisher_28,M,2019,74.2,0.39
5394,PS5,RPG,Publisher_15,T,2016,74.7,0.72
5395,PS5,Shooter,Publisher_5,E10+,2022,67.2,0.78
5396,Xbox Series X,Simulation,Publisher_6,T,2024,92.3,0.2
5397,Xbox One,RPG,Publisher_39,E,2015,76.3,0.83
5398,PC,RPG,Publisher_15,E,2019,83.3,0.2
5399,PC,Sports,Publisher_5,E10+,2018,57.4,0.38
5400,PS5,RPG,Publisher_9,M,2022,57.4,0.91
5401,Switch,Racing,Publisher_1,M,2022,76.6,0.32
5402,PS4,Simulation,Publisher_22,E10+,2017,90.5,0.17
5403,PS4,Sports,Publisher_24,E10+,2024,61.9,0.22
5404,Xbox One,Puzzle,Publisher_16,M,2016,73.4,0.11
5405,PS5,Adventure,Publisher_30,T,2022,59.6,0.18
5406,Xbox Series X,Simulation,Publisher_20,E,2022,64.8,0.2
5407,Xbox One,Adventure,Publisher_39,E,2016,73.9,0.3
5408,PS4,Sports,Publisher_31,M,2021,67.1,0.41
5409,Xbox One,Shooter,Publisher_4,M,2017,58.9,1.09
5410,Xbox Series X,Simulation,Publisher_11,M,2017,58.7,0.1
5411,Switch,Simulation,Publisher_31,E,2015,53.1,0.15
5412,PS4,Racing,Publisher_22,M,2022,76.8,0.24
5413,PS5,Simulation,Publisher_31,E,2023,78.0,0.24
5414,Xbox One,Puzzle,Publisher_14,M,2020,77.9,0.07
5415,PS4,Action,Publisher_2,M,2022,62.9,0.19
5416,Switch,Simulation,Publisher_32,E10+,2018,82.1,0.22
5417,PS5,Sports,Publisher_32,E,2020,79.1,0.39
5418,Xbox One,Shooter,Publisher_26,T,2022,72.1,0.26
5419,PC,Sports,Publisher_17,E,2019,70.4,0.29
5420,PS5,Puzzle,Publisher_1,T,2021,65.5,0.23
5421,PS4,Action,Publisher_30,E10+,2016,73.9,0.26
5422,PC,Puzzle,Publisher_27,E10+,2020,88.2,0.13
5423,Xbox One,Adventure,Publisher_27,M,2023,83.4,0.24
5424,PS4,Adventure,Publisher_7,M,2022,69.4,0.29
5425,PS4,RPG,Publisher_30,E10+,2018,77.4,0.31
5426,Switch,Simulation,Publisher_29,E10+,2020,61.0,0.33
5427,PC,RPG,Publisher_35,M,2021,79.3,0.42
5428,Xbox Series X,Puzzle,Publisher_23,E10+,2024,63.7,0.24
5429,Xbox Series X,Racing,Publisher_30,E,2023,78.9,0.28
5430,Switch,Action,Publisher_17,M,2023,99.0,2.53
5431,PS4,Action,Publisher_28,M,2022,66.3,1.05
5432,PS4,Sports,Publisher_28,E10+,2018,99.0,0.89
5433,Switch,Simulation,Publisher_32,E,2018,76.9,0.19
5434,PS4,Simulation,Publisher_35,E,2019,64.5,0.78
5435,Switch,Shooter,Publisher_1,T,2019,64.0,0.37
5436,Xbox Series X,Simulation,Publisher_32,E10+,2024,95.6,0.13
5437,PC,Action,Publisher_32,T,2023,76.9,0.17
5438,PS5,Simulation,Publisher_22,M,2023,66.3,0.18
5439,PC,Sports,Publisher_21,E,2021,70.0,0.21
5440,PS4,Action,Publisher_29,M,2016,76.3,0.33
5441,PS5,Adventure,Publisher_19,E,2016,71.9,0.37
5442,Switch,Shooter,Publisher_17,E,2017,75.5,1.41
5443,Xbox One,RPG,Publisher_33,T,2021,89.7,0.35
5444,PC,Adventure,Publisher_32,T,2018,60.7,0.13
5445,PS5,RPG,Publisher_9,M,2021,78.4,1.64
5446,PS5,Adventure,Publisher_34,T,2023,71.3,0.28
5447,Xbox One,Sports,Publisher_14,E10+,2018,67.0,0.15
5448,PC,Action,Publisher_6,T,2024,82.7,0.27
5449,Xbox Series X,RPG,Publisher_36,M,2020,57.4,0.19
5450,Switch,Racing,Publisher_10,T,2023,48.3,0.13
5451,PC,Sports,Publisher_9,E10+,2015,74.2,0.44
5452,PC,Sports,Publisher_11,M,2017,70.6,0.19
5453,Xbox One,Puzzle,Publisher_20,E10+,2024,58.5,0.17
5454,Switch,Shooter,Publisher_7,E10+,2023,54.9,0.29
5455,Xbox One,Shooter,Publisher_7,E10+,2020,91.3,0.42
5456,Switch,Sports,Publisher_16,E10+,2015,76.6,0.87
5457,Xbox One,Action,Publisher_9,E,2015,,0.4
5458,Xbox One,Action,Publisher_8,T,2019,94.0,0.27
5459,Xbox Series X,Puzzle,Publisher_37,T,2023,82.2,0.14
5460,Xbox One,Action,Publisher_24,E10+,2018,89.7,0.17
5461,Switch,Sports,Publisher_1,M,2023,60.2,0.33
5462,PC,Simulation,Publisher_5,E10+,2020,59.8,0.19
5463,Xbox One,RPG,Publisher_33,E10+,2016,78.2,0.17
5464,PS5,Puzzle,Publisher_11,E,2020,76.1,0.07
5465,Xbox One,RPG,Publisher_7,M,2018,84.5,0.28
5466,PS4,Simulation,Publisher_27,E,2017,55.7,0.26
5467,PS5,Adventure,Publisher_34,E,2021,79.0,0.35
5468,PS5,Shooter,Publisher_16,M,2017,81.9,1.32
5469,Xbox One,Puzzle,Publisher_30,T,2024,81.4,0.1
5470,PC,Shooter,Publisher_17,E,2023,67.9,0.75
5471,Xbox One,Simulation,Publisher_5,E10+,2022,77.2,0.24
5472,Xbox Series X,RPG,Publisher_32,T,2015,64.2,0.14
5473,PS5,Adventure,Publisher_37,E,2024,69.1,0.33
5474,Switch,Racing,Publisher_40,M,2019,,0.22
5475,PS5,Puzzle,Publisher_5,T,2022,64.4,0.18
5476,PC,RPG,Publisher_23,E,2016,,0.17
5477,Switch,Adventure,Publisher_25,T,2022,67.1,2.09
5478,PC,Puzzle,Publisher_4,E,2018,,0.22
5479,PS4,Adventure,Publisher_39,T,2022,59.0,0.28
5480,PS5,Adventure,Publisher_5,E10+,2017,91.6,0.47
5481,PS4,Sports,Publisher_11,E,2024,67.0,0.2
5482,Switch,Simulation,Publisher_39,T,2022,75.3,0.71
5483,PS4,Adventure,Publisher_23,E10+,2019,54.4,0.25
5484,PC,Sports,Publisher_28,E10+,2019,85.6,0.4
5485,PS5,Simulation,Publisher_20,M,2015,73.7,0.53
5486,PS5,Racing,Publisher_31,T,2017,67.6,0.21
5487,PS4,RPG,Publisher_4,E10+,2022,,1.2
5488,Switch,Sports,Publisher_28,E,2023,80.7,1.21
5489,Xbox One,RPG,Publisher_3,T,2024,42.5,0.11
5490,Xbox Series X,Action,Publisher_8,E,2015,63.8,0.36
5491,Xbox One,Puzzle,Publisher_21,M,2017,70.8,0.09
5492,Xbox One,Puzzle,Publisher_18,E,2022,70.7,0.05
5493,Xbox One,Puzzle,Publisher_7,T,2018,97.1,0.11
5494,Xbox One,Racing,Publisher_32,E10+,2017,68.6,0.17
5495,PS5,RPG,Publisher_13,T,2017,81.9,1.05
5496,PS4,Puzzle,Publisher_35,E10+,2024,90.1,0.39
5497,Xbox One,Adventure,Publisher_1,E,2023,78.7,0.12
5498,PS5,Action,Publisher_10,M,2015,65.3,0.24
5499,Xbox Series X,Shooter,Publisher_12,M,2023,59.2,0.42
5500,PS5,Simulation,Publisher_24,E,2020,79.5,0.22
5501,Switch,Adventure,Publisher_17,E,2023,88.5,0.82
5502,PS5,Simulation,Publisher_7,T,2021,77.5,0.07
5503,PS5,Sports,Publisher_23,M,2021,84.3,0.87
5504,Xbox One,Shooter,Publisher_39,T,2020,97.9,0.57
5505,PS4,Sports,Publisher_6,E,2022,80.4,0.28
5506,Xbox Series X,Adventure,Publisher_11,T,2023,61.0,0.35
5507,PS4,Racing,Publisher_20,E10+,2020,72.5,0.33
5508,PS4,Sports,Publisher_30,T,2016,85.7,0.3
5509,Switch,Action,Publisher_6,E10+,2015,69.5,0.41
5510,Switch,Puzzle,Publisher_10,E,2019,87.1,0.17
5511,PS4,Adventure,Publisher_10,E,2019,71.3,0.16
5512,Switch,Simulation,Publisher_25,T,2023,75.3,0.62
5513,Switch,Simulation,Publisher_4,T,2015,68.5,0.55
5514,Xbox One,Adventure,Publisher_27,E10+,2023,73.6,0.41
5515,Xbox One,Adventure,Publisher_18,E,2015,74.1,0.14
5516,PC,Adventure,Publisher_14,M,2019,55.9,0.15
5517,Xbox Series X,Simulation,Publisher_35,E,2019,67.6,0.51
5518,Xbox Series X,Shooter,Publisher_33,E,2020,59.7,0.43
5519,Xbox One,Adventure,Publisher_33,E10+,2015,67.9,0.09
5520,PC,Adventure,Publisher_36,T,2022,64.0,0.11
5521,Switch,Action,Publisher_10,M,2016,82.1,0.64
5522,PS5,Puzzle,Publisher_35,T,2022,82.2,0.69
5523,Xbox Series X,RPG,Publisher_8,M,2020,77.6,0.95
5524,Switch,Sports,Publisher_14,T,2023,59.3,0.37
5525,PS4,Sports,Publisher_23,M,2024,71.0,0.34
5526,PC,Action,Publisher_30,E,2023,58.5,0.1
5527,Switch,Simulation,Publisher_24,E,2019,70.5,0.14
5528,PC,Adventure,Publisher_23,T,2019,78.5,0.15
5529,PS5,Action,Publisher_16,M,2021,81.9,0.35
5530,Xbox One,Puzzle,Publisher_24,T,2021,76.7,0.06
5531,Xbox One,Puzzle,Publisher_20,E10+,2022,84.6,0.2
5532,Xbox One,Racing,Publisher_20,E10+,2019,74.6,0.29
5533,PC,Racing,Publisher_24,E,2019,69.7,0.1
5534,Xbox Series X,Simulation,Publisher_25,E10+,2016,,0.33
5535,Xbox One,Racing,Publisher_14,T,2016,81.1,0.22
5536,Switch,Puzzle,Publisher_6,E,2023,66.8,0.15
5537,Switch,Racing,Publisher_12,E10+,2024,75.8,0.28
5538,Switch,Shooter,Publisher_17,E10+,2021,69.1,0.61
5539,Xbox Series X,Simulation,Publisher_7,E10+,2018,51.9,0.11
5540,PC,Shooter,Publisher_8,M,2015,76.4,0.29
5541,PS5,Adventure,Publisher_39,M,2015,59.1,0.67
5542,Xbox Series X,Racing,Publisher_12,E10+,2021,75.3,0.24
5543,Xbox One,Puzzle,Publisher_30,M,2021,56.6,0.09
5544,PS5,Adventure,Publisher_6,T,2017,64.8,0.25
5545,Xbox Series X,Puzzle,Publisher_39,M,2016,67.7,0.42
5546,Xbox One,Racing,Publisher_9,T,2015,84.0,0.25
5547,Xbox One,Racing,Publisher_16,T,2021,66.7,0.17
5548,PS5,Racing,Publisher_32,T,2021,61.3,0.29
5549,PS4,RPG,Publisher_9,E10+,2018,75.6,0.66
5550,PS4,Puzzle,Publisher_22,T,2022,69.8,0.11
5551,Xbox One,Simulation,Publisher_32,T,2023,79.9,0.12
5552,PS4,Puzzle,Publisher_1,T,2020,61.9,0.08
5553,Xbox One,Adventure,Publisher_2,E,2017,74.1,0.13
5554,Switch,Adventure,Publisher_32,T,2015,96.7,0.37
5555,Switch,RPG,Publisher_11,T,2022,69.6,0.45
5556,PS4,Action,Publisher_37,E,2020,,0.63
5557,PC,RPG,Publisher_38,M,2018,55.4,0.12
5558,PS5,Adventure,Publisher_36,M,2015,63.5,0.83
5559,PS5,Adventure,Publisher_40,T,2023,76.6,0.17
5560,PS5,Racing,Publisher_33,M,2024,68.7,0.34
5561,PS4,Adventure,Publisher_16,M,2019,78.1,0.27
5562,PC,Action,Publisher_40,E10+,2017,76.2,0.2
5563,PS4,Puzzle,Publisher_14,M,2021,58.8,0.13
5564,Switch,Puzzle,Publisher_24,M,2023,82.2,0.18
5565,Xbox Series X,Racing,Publisher_1,E,2020,59.6,0.26
5566,PS5,Puzzle,Publisher_39,M,2015,64.4,0.33
5567,Xbox Series X,Shooter,Publisher_24,E,2016,74.3,0.17
5568,PS5,Racing,Publisher_38,E10+,2015,87.7,0.36
5569,Xbox Series X,Racing,Publisher_15,M,2019,62.0,0.37
5570,Xbox One,Adventure,Publisher_13,T,2019,73.5,0.2
5571,Xbox One,Sports,Publisher_21,E10+,2020,73.6,0.15
5572,PS4,RPG,Publisher_35,T,2022,78.6,0.93
5573,Switch,Shooter,Publisher_22,E,2016,83.8,0.36
5574,Xbox One,Sports,Publisher_32,E,2024,68.0,0.18
5575,PS4,RPG,Publisher_9,M,2017,82.1,1.0
5576,Xbox Series X,RPG,Publisher_32,E,2020,85.3,0.64
5577,PS5,RPG,Publisher_30,M,2017,89.8,0.79
5578,PC,Shooter,Publisher_36,E10+,2018,77.0,0.22
5579,Switch,Racing,Publisher_3,E,2023,73.6,0.29
5580,PS4,Puzzle,Publisher_16,M,2015,67.3,0.17
5581,Switch,RPG,Publisher_4,E,2019,57.4,0.95
5582,Switch,Adventure,Publisher_17,E10+,2020,69.2,0.99
5583,Xbox One,Shooter,Publisher_31,E,2020,,0.2
5584,PS5,Puzzle,Publisher_26,M,2018,70.9,0.17
5585,PC,Action,Publisher_31,E10+,2018,,0.13
5586,PC,Sports,Publisher_30,T,2024,57.5,0.22
5587,PC,Shooter,Publisher_40,E,2017,70.2,0.16
5588,PC,RPG,Publisher_36,T,2019,91.9,0.29
5589,PC,Shooter,Publisher_24,T,2018,,0.18
5590,Switch,Sports,Publisher_36,E10+,2022,78.2,0.27
5591,PS5,Shooter,Publisher_2,M,2023,75.9,0.85
5592,Xbox Series X,Puzzle,Publisher_29,E10+,2023,68.3,0.13
5593,PS4,Puzzle,Publisher_21,T,2015,54.5,0.05
5594,PS4,Sports,Publisher_39,E,2015,76.6,0.4
5595,Switch,RPG,Publisher_21,M,2018,47.5,0.49
5596,Switch,Racing,Publisher_8,E,2019,68.7,0.33
5597,Xbox One,Racing,Publisher_29,T,2015,72.0,0.18
5598,Switch,Adventure,Publisher_39,E,2023,67.5,0.5
5599,PS5,Shooter,Publisher_1,E,2023,93.7,0.6
5600,PS4,Puzzle,Publisher_3,E,2019,90.2,0.15
5601,PC,Simulation,Publisher_27,M,2022,82.3,0.2
5602,Xbox Series X,RPG,Publisher_23,E,2020,62.7,0.51
5603,Xbox One,Adventure,Publisher_22,M,2021,91.2,0.24
5604,Xbox Series X,RPG,Publisher_4,T,2023,78.2,2.48
5605,PS4,RPG,Publisher_23,E,2015,62.6,0.23
5606,Switch,Puzzle,Publisher_23,E10+,2017,72.3,0.18
5607,Switch,Racing,Publisher_34,E10+,2019,81.6,0.25
5608,Switch,Racing,Publisher_16,E10+,2023,66.0,0.68
5609,Xbox Series X,Sports,Publisher_14,T,2020,73.4,0.26
5610,Xbox One,Action,Publisher_4,M,2018,,1.01
5611,PC,Simulation,Publisher_23,M,2015,61.0,0.16
5612,Xbox One,Adventure,Publisher_26,T,2020,69.3,0.13
5613,Xbox Series X,Simulation,Publisher_12,M,2017,61.7,0.18
5614,PS4,Racing,Publisher_30,M,2018,80.7,0.33
5615,Xbox One,Simulation,Publisher_38,E,2024,62.9,0.06
5616,Xbox Series X,Shooter,Publisher_7,T,2020,74.9,0.37
5617,Xbox One,Action,Publisher_23,M,2016,58.1,0.23
5618,PS5,Sports,Publisher_28,E,2015,60.7,1.01
5619,PS4,RPG,Publisher_1,T,2018,60.2,0.21
5620,Switch,Shooter,Publisher_8,M,2015,69.1,0.79
5621,Xbox Series X,Simulation,Publisher_16,E10+,2019,73.8,0.32
5622,Xbox Series X,RPG,Publisher_6,M,2019,75.6,0.31
5623,Xbox One,Racing,Publisher_15,M,2023,54.3,0.2
5624,Xbox Series X,RPG,Publisher_6,T,2018,70.3,0.56
5625,Switch,Puzzle,Publisher_36,T,2017,64.5,0.08
5626,PS4,Racing,Publisher_24,T,2021,77.3,0.15
5627,Switch,Sports,Publisher_14,E10+,2021,69.3,0.34
5628,PS4,Shooter,Publisher_32,E10+,2015,71.2,0.24
5629,Xbox Series X,Action,Publisher_1,T,2015,64.6,0.38
5630,Xbox One,Simulation,Publisher_24,E10+,2016,89.2,0.11
5631,PC,Puzzle,Publisher_28,M,2022,59.2,0.24
5632,PS4,Simulation,Publisher_33,M,2017,68.0,0.16
5633,Xbox One,Simulation,Publisher_9,E10+,2024,73.1,0.21
5634,PS5,Sports,Publisher_24,T,2019,69.5,0.21
5635,PS5,Puzzle,Publisher_31,E,2024,64.4,0.12
5636,Switch,Action,Publisher_32,E,2017,53.9,0.18
5637,Switch,Simulation,Publisher_8,E10+,2019,65.1,0.15
5638,Xbox Series X,Adventure,Publisher_40,E,2016,62.4,0.21
5639,Xbox One,Puzzle,Publisher_11,M,2023,88.8,0.14
5640,Xbox Series X,Simulation,Publisher_16,E,2020,94.6,0.8
5641,PS4,Adventure,Publisher_8,E10+,2015,,0.14
5642,Xbox Series X,Adventure,Publisher_6,E10+,2022,58.0,0.13
5643,PS4,Action,Publisher_11,E,2023,79.4,0.32
5644,Switch,Action,Publisher_6,E10+,2021,62.2,0.72
5645,Xbox Series X,Simulation,Publisher_30,T,2023,66.5,0.28
5646,PS4,RPG,Publisher_24,M,2017,65.7,0.19
5647,Xbox One,Shooter,Publisher_16,E,2019,67.0,0.39
5648,Switch,Action,Publisher_22,E,2023,68.5,0.51
5649,PS4,Racing,Publisher_25,E10+,2021,58.9,0.73
5650,PC,Adventure,Publisher_8,E10+,2021,65.0,0.13
5651,Xbox Series X,Adventure,Publisher_12,M,2022,82.2,0.23
5652,Xbox One,Racing,Publisher_36,E,2021,71.7,0.16
5653,PC,Puzzle,Publisher_1,E10+,2016,73.3,0.08
5654,Xbox Series X,Racing,Publisher_39,T,2017,49.7,0.35
5655,PS4,Shooter,Publisher_39,E10+,2022,81.5,1.35
5656,Switch,Racing,Publisher_11,T,2017,65.1,0.38
5657,PS5,Simulation,Publisher_13,M,2021,83.2,0.34
5658,Xbox Series X,RPG,Publisher_9,T,2019,73.5,0.91
5659,PC,Shooter,Publisher_23,E10+,2021,66.4,0.41
5660,Xbox Series X,Racing,Publisher_9,M,2017,55.2,0.63
5661,Switch,Racing,Publisher_32,M,2018,93.7,0.67
5662,Xbox One,Action,Publisher_16,M,2021,80.0,0.51
5663,PS4,RPG,Publisher_39,E,2016,80.6,0.73
5664,PS4,Puzzle,Publisher_35,M,2018,90.2,0.15
5665,Xbox One,Puzzle,Publisher_17,M,2024,74.2,0.36
5666,PS5,Puzzle,Publisher_24,M,2016,85.5,0.24
5667,Xbox Series X,Simulation,Publisher_1,T,2020,67.2,0.26
5668,Xbox Series X,Puzzle,Publisher_3,E10+,2016,79.4,0.08
5669,PC,Racing,Publisher_21,T,2022,65.7,0.16
5670,PS5,RPG,Publisher_19,T,2016,67.0,1.0
5671,PC,RPG,Publisher_16,M,2020,73.0,0.31
5672,Xbox Series X,Adventure,Publisher_4,E10+,2019,59.3,0.93
5673,Xbox One,Shooter,Publisher_34,T,2021,75.3,0.29
5674,Xbox One,Puzzle,Publisher_17,M,2015,68.9,0.13
5675,PS4,Action,Publisher_19,M,2020,52.1,0.65
5676,PC,Sports,Publisher_17,E,2020,67.4,0.3
5677,PS4,Sports,Publisher_20,M,2017,68.5,0.29
5678,PS5,Sports,Publisher_26,E,2017,80.5,0.36
5679,Switch,Racing,Publisher_31,M,2022,74.9,0.33
5680,Xbox One,Puzzle,Publisher_22,E,2020,86.5,0.12
5681,PC,Racing,Publisher_7,E,2020,77.2,0.12
5682,Xbox Series X,RPG,Publisher_35,T,2024,66.5,1.18
5683,PS5,Racing,Publisher_12,T,2019,71.4,0.32
5684,PS5,Action,Publisher_1,T,2023,68.5,0.55
5685,Xbox Series X,Shooter,Publisher_2,E10+,2024,76.9,0.28
5686,PS4,Sports,Publisher_31,E,2020,72.6,0.22
5687,PC,Action,Publisher_16,T,2017,65.7,0.33
5688,PS5,Sports,Publisher_1,T,2019,72.1,0.42
5689,PC,Action,Publisher_33,T,2015,76.6,0.21
5690,PS4,Shooter,Publisher_13,E10+,2021,61.9,0.38
5691,PS5,Racing,Publisher_40,M,2017,75.2,0.28
5692,PS4,Racing,Publisher_36,M,2024,56.2,0.33
5693,PS5,Shooter,Publisher_2,E,2021,83.1,0.24
5694,Xbox Series X,Sports,Publisher_28,E,2019,77.3,1.16
5695,PS4,Action,Publisher_25,E,2016,88.3,1.48
5696,Xbox One,Puzzle,Publisher_7,E,2015,60.8,0.07
5697,Xbox One,Simulation,Publisher_14,T,2021,,0.23
5698,PS5,RPG,Publisher_20,T,2022,81.4,1.11
5699,PS5,Sports,Publisher_6,E10+,2017,70.2,0.36
5700,PS5,RPG,Publisher_29,T,2015,68.2,0.48
5701,PS4,Sports,Publisher_12,M,2018,61.1,0.28
5702,PS5,Sports,Publisher_38,M,2022,58.5,0.43
5703,PS4,Shooter,Publisher_33,E10+,2020,64.5,0.28
5704,Xbox One,Adventure,Publisher_26,T,2015,59.4,0.09
5705,PS4,Puzzle,Publisher_5,T,2016,88.0,0.15
5706,PS4,Simulation,Publisher_1,M,2016,57.0,0.15
5707,Xbox Series X,RPG,Publisher_6,M,2022,73.5,0.21
5708,Xbox One,Shooter,Publisher_20,E10+,2022,76.4,0.41
5709,PS4,Shooter,Publisher_32,M,2019,,0.16
5710,PS4,Action,Publisher_7,E10+,2021,76.5,0.36
5711,Xbox Series X,Shooter,Publisher_29,M,2015,81.5,1.13
5712,PS5,RPG,Publisher_2,M,2020,67.5,0.42
5713,Xbox Series X,Shooter,Publisher_11,M,2017,72.9,0.84
5714,PC,Sports,Publisher_24,E,2023,69.1,0.22
5715,Xbox Series X,Puzzle,Publisher_34,E,2019,85.0,0.13
5716,PS5,Adventure,Publisher_32,M,2023,93.0,0.32
5717,Switch,Simulation,Publisher_22,E,2020,60.1,0.15
5718,PS5,Action,Publisher_2,E,2019,51.7,0.37
5719,PS4,Action,Publisher_12,E10+,2024,77.7,0.26
5720,PS5,Simulation,Publisher_32,E10+,2024,82.7,0.25
5721,PC,Adventure,Publisher_4,E,2019,91.6,0.54
5722,PC,Racing,Publisher_29,E,2018,79.4,0.17
5723,Xbox One,RPG,Publisher_29,E10+,2021,86.0,0.49
5724,Xbox One,Racing,Publisher_31,T,2016,88.6,0.15
5725,Xbox One,Racing,Publisher_9,T,2018,86.6,0.34
5726,Xbox One,Adventure,Publisher_10,M,2023,80.8,0.12
5727,Xbox One,Racing,Publisher_8,M,2023,59.2,0.13
5728,PC,Action,Publisher_16,E,2019,71.9,0.69
5729,Switch,Puzzle,Publisher_21,T,2018,75.0,0.11
5730,PS5,Adventure,Publisher_5,E,2023,71.0,0.56
5731,Xbox Series X,RPG,Publisher_23,E10+,2017,71.6,0.41
5732,PC,Action,Publisher_10,E10+,2015,87.7,0.09
5733,Xbox Series X,Sports,Publisher_23,T,2015,64.4,0.52
5734,PS4,Adventure,Publisher_13,E10+,2016,80.0,0.25
5735,PC,Shooter,Publisher_39,M,2023,75.2,0.73
5736,Xbox One,Racing,Publisher_13,E10+,2015,63.4,0.31
5737,Xbox One,Simulation,Publisher_35,M,2018,,0.37
5738,Xbox Series X,Action,Publisher_8,M,2021,55.0,0.38
5739,PS5,Sports,Publisher_4,T,2021,76.9,0.92
5740,Xbox Series X,Adventure,Publisher_8,E,2023,71.4,0.24
5741,Xbox Series X,Racing,Publisher_17,T,2024,63.7,0.58
5742,PC,Action,Publisher_37,E10+,2019,53.2,0.07
5743,PS4,Puzzle,Publisher_8,E10+,2017,76.3,0.12
5744,PS5,Sports,Publisher_32,E10+,2015,70.3,0.46
5745,Xbox Series X,Adventure,Publisher_28,E10+,2023,64.9,1.09
5746,PC,Adventure,Publisher_14,E10+,2018,62.4,0.22
5747,Xbox Series X,Adventure,Publisher_14,M,2023,69.6,0.31
5748,Xbox Series X,Shooter,Publisher_38,E10+,2018,76.7,0.45
5749,Switch,RPG,Publisher_29,E10+,2022,68.7,0.86
5750,Xbox One,Simulation,Publisher_10,T,2021,60.1,0.07
5751,PS4,Racing,Publisher_37,E,2022,71.4,0.09
5752,PC,Puzzle,Publisher_17,T,2021,82.5,0.17
5753,Xbox One,Sports,Publisher_4,M,2018,72.4,1.16
5754,PS5,Racing,Publisher_33,M,2016,72.7,0.24
5755,Xbox Series X,Racing,Publisher_35,E,2015,68.7,0.7
5756,PC,RPG,Publisher_18,E10+,2019,,0.18
5757,Xbox Series X,Adventure,Publisher_29,E,2023,62.8,0.31
5758,Xbox One,Sports,Publisher_10,T,2021,55.4,0.1
5759,Xbox One,Puzzle,Publisher_35,E10+,2021,83.8,0.25
5760,Switch,Simulation,Publisher_15,M,2017,76.6,0.34
5761,PC,Racing,Publisher_11,E,2019,72.8,0.2
5762,PS5,Action,Publisher_21,M,2019,75.0,0.7
5763,Xbox One,Racing,Publisher_11,E10+,2016,75.4,0.12
5764,Xbox One,Racing,Publisher_25,M,2021,64.7,0.98
5765,PS5,Racing,Publisher_30,E,2018,68.7,0.26
5766,Switch,RPG,Publisher_17,E10+,2019,67.3,0.59
5767,PS5,Puzzle,Publisher_32,E10+,2020,97.1,0.15
5768,Xbox Series X,RPG,Publisher_18,M,2015,82.2,0.68
5769,PS4,Racing,Publisher_39,T,2024,,0.37
5770,PS5,Racing,Publisher_11,M,2017,85.7,0.33
5771,Switch,Puzzle,Publisher_29,T,2021,84.4,0.16
5772,PS4,Adventure,Publisher_22,M,2022,58.2,0.12
5773,PS4,Simulation,Publisher_38,T,2016,69.8,0.1
5774,PC,Adventure,Publisher_9,T,2017,71.8,0.16
5775,PC,Adventure,Publisher_8,M,2019,78.1,0.11
5776,PS5,Adventure,Publisher_35,M,2023,69.8,1.57
5777,PS4,Sports,Publisher_37,T,2021,71.0,0.23
5778,Switch,RPG,Publisher_30,E10+,2019,67.4,0.47
5779,Switch,Racing,Publisher_19,T,2023,82.5,0.91
5780,PC,Shooter,Publisher_17,T,2019,57.6,0.36
5781,Xbox One,Puzzle,Publisher_27,M,2023,67.7,0.11
5782,PS5,Action,Publisher_30,T,2022,53.6,0.44
5783,PC,Sports,Publisher_12,M,2016,61.7,0.13
5784,PS5,Puzzle,Publisher_1,T,2018,75.2,0.17
5785,PS5,Adventure,Publisher_3,M,2015,75.4,0.53
5786,Switch,RPG,Publisher_14,M,2017,68.9,0.27
5787,Xbox One,RPG,Publisher_28,M,2015,,0.75
5788,PS5,Racing,Publisher_18,E,2016,85.5,0.25
5789,PS4,Shooter,Publisher_25,M,2015,71.3,1.0
5790,Xbox One,Sports,Publisher_19,E10+,2021,74.5,0.28
5791,PS4,Racing,Publisher_11,M,2019,67.5,0.17
5792,Switch,Adventure,Publisher_30,E10+,2019,78.3,0.27
5793,Xbox Series X,Puzzle,Publisher_29,E10+,2022,60.1,0.16
5794,Xbox One,Adventure,Publisher_39,T,2023,90.0,0.57
5795,Xbox Series X,Puzzle,Publisher_34,T,2020,83.4,0.12
5796,Xbox Series X,Simulation,Publisher_16,T,2019,60.0,0.44
5797,Xbox Series X,Sports,Publisher_29,E,2021,64.1,0.31
5798,Switch,Action,Publisher_15,M,2019,76.2,0.51
5799,Xbox One,Action,Publisher_35,E10+,2019,68.6,0.54
5800,Xbox One,Simulation,Publisher_25,M,2017,77.4,0.51
5801,Xbox One,Puzzle,Publisher_34,E10+,2016,68.4,0.09
5802,PS4,Sports,Publisher_12,T,2016,87.2,0.43
5803,PC,Adventure,Publisher_1,T,2021,72.1,0.13
5804,Xbox One,RPG,Publisher_6,E,2023,96.2,0.28
5805,Switch,Racing,Publisher_22,E10+,2019,78.0,0.46
5806,PC,Sports,Publisher_39,T,2015,58.5,0.28
5807,PC,Action,Publisher_26,M,2021,92.9,0.23
5808,Switch,RPG,Publisher_33,M,2024,83.0,1.3
5809,Switch,Sports,Publisher_19,E10+,2020,75.8,0.95
5810,Xbox Series X,Racing,Publisher_39,T,2015,78.5,0.75
5811,Switch,Action,Publisher_38,E,2015,,0.48
5812,PS4,Sports,Publisher_9,M,2020,54.0,0.3
5813,Switch,Racing,Publisher_35,M,2023,71.6,0.79
5814,PS5,Shooter,Publisher_1,M,2015,85.8,0.4
5815,PC,Puzzle,Publisher_24,E10+,2022,76.0,0.07
5816,PS4,Puzzle,Publisher_18,E10+,2022,89.1,0.09
5817,Xbox One,Simulation,Publisher_13,M,2015,85.2,0.25
5818,PS5,Adventure,Publisher_38,T,2017,72.2,0.22
5819,PS5,Sports,Publisher_27,E,2015,83.8,0.34
5820,PC,Puzzle,Publisher_6,T,2020,87.2,0.09
5821,PC,Puzzle,Publisher_6,T,2016,71.2,0.03
5822,PS4,Racing,Publisher_5,E10+,2024,69.9,0.29
5823,PS5,Adventure,Publisher_13,E10+,2015,73.4,0.26
5824,Switch,Sports,Publisher_3,E,2021,47.9,0.19
5825,PC,Shooter,Publisher_11,E10+,2022,74.8,0.22
5826,PS4,Adventure,Publisher_31,E,2016,79.2,0.25
5827,Xbox One,Simulation,Publisher_35,E10+,2017,73.4,0.18
5828,PS4,Action,Publisher_32,E,2022,75.4,0.21
5829,Switch,Shooter,Publisher_20,E10+,2015,71.6,0.5
5830,Xbox Series X,RPG,Publisher_28,T,2019,52.0,0.72
5831,PS5,Sports,Publisher_38,E10+,2017,88.6,0.37
5832,PS4,Action,Publisher_3,E,2015,68.3,0.32
5833,Xbox One,Racing,Publisher_37,M,2019,65.8,0.07
5834,Switch,Puzzle,Publisher_29,E10+,2019,85.6,0.29
5835,PS5,Racing,Publisher_16,T,2018,81.8,0.4
5836,PC,RPG,Publisher_18,T,2023,74.7,0.11
5837,Xbox One,Adventure,Publisher_18,T,2015,79.7,0.15
5838,PC,Puzzle,Publisher_7,E10+,2019,60.5,0.07
5839,PC,Simulation,Publisher_10,M,2016,71.2,0.1
5840,PS5,RPG,Publisher_12,M,2022,84.9,0.32
5841,PS5,Sports,Publisher_1,M,2020,65.2,0.35
5842,Switch,Shooter,Publisher_21,E10+,2022,62.0,0.33
5843,PS4,Racing,Publisher_20,E10+,2016,72.8,0.44
5844,PS5,Shooter,Publisher_14,E,2019,73.0,0.59
5845,Xbox Series X,Adventure,Publisher_8,E10+,2015,78.5,0.3
5846,PC,Action,Publisher_39,M,2018,58.2,0.5
5847,Switch,Racing,Publisher_28,E10+,2024,46.5,1.09
5848,Xbox One,Shooter,Publisher_19,M,2022,81.2,0.42
5849,PS4,Sports,Publisher_29,M,2015,61.2,0.72
5850,Xbox Series X,Puzzle,Publisher_15,T,2018,65.9,0.11
5851,Switch,Adventure,Publisher_9,T,2023,50.2,0.23
5852,PS5,Racing,Publisher_27,M,2016,82.2,0.97
5853,Xbox One,Action,Publisher_31,E,2022,75.5,0.16
5854,PS5,Action,Publisher_27,E,2018,75.1,0.7
5855,PS4,Shooter,Publisher_23,E,2019,75.0,0.33
5856,PS4,Puzzle,Publisher_1,M,2023,51.4,0.2
5857,Switch,RPG,Publisher_26,E10+,2021,62.1,0.65
5858,PC,RPG,Publisher_25,E,2017,67.5,0.85
5859,PS5,Adventure,Publisher_17,E,2015,64.5,0.64
5860,Switch,Action,Publisher_10,E10+,2017,69.3,0.56
5861,Xbox One,Action,Publisher_40,E10+,2019,74.5,0.2
5862,PC,Sports,Publisher_16,E,2016,82.1,0.43
5863,PC,Simulation,Publisher_11,E,2023,57.2,0.06
5864,PS5,Shooter,Publisher_29,M,2015,71.9,1.44
5865,Switch,Sports,Publisher_20,M,2020,,0.75
5866,Xbox One,RPG,Publisher_23,E,2024,62.8,0.24
5867,PS5,Simulation,Publisher_26,E10+,2018,70.1,0.16
5868,PS4,Puzzle,Publisher_15,E10+,2020,76.7,0.15
5869,PC,Sports,Publisher_7,E10+,2015,72.1,0.13
5870,Xbox One,Sports,Publisher_7,E,2022,78.7,0.2
5871,Xbox Series X,Action,Publisher_38,M,2024,72.9,0.33
5872,PS4,Adventure,Publisher_21,T,2022,68.9,0.22
5873,PC,Sports,Publisher_17,M,2016,60.3,0.8
5874,PS4,RPG,Publisher_13,E10+,2018,74.5,0.44
5875,PS5,RPG,Publisher_29,M,2022,,1.48
5876,Xbox One,Racing,Publisher_37,T,2022,62.1,0.2
5877,PC,Racing,Publisher_31,E,2019,77.8,0.25
5878,PS4,Adventure,Publisher_22,E10+,2024,84.7,0.18
5879,PS4,RPG,Publisher_20,M,2017,65.4,0.31
5880,Xbox Series X,Shooter,Publisher_35,M,2022,64.7,0.97
5881,PS4,Shooter,Publisher_35,T,2019,64.4,0.71
5882,Xbox One,Action,Publisher_16,E,2022,55.2,0.23
5883,PS4,Puzzle,Publisher_39,T,2020,92.0,0.13
5884,PS5,Racing,Publisher_34,M,2019,67.5,0.42
5885,PS4,Shooter,Publisher_34,E,2023,63.4,0.14
5886,PC,Simulation,Publisher_3,E10+,2023,60.7,0.11
5887,PC,Sports,Publisher_6,E,2023,68.1,0.29
5888,Xbox One,Simulation,Publisher_12,E,2015,65.0,0.07
5889,Xbox Series X,Puzzle,Publisher_31,M,2019,86.4,0.17
5890,Switch,Sports,Publisher_4,E,2022,59.5,0.9
5891,PS4,Puzzle,Publisher_4,E,2023,56.6,0.35
5892,Xbox One,Adventure,Publisher_2,E,2018,77.5,0.08
5893,Switch,RPG,Publisher_8,M,2022,70.9,0.43
5894,Switch,RPG,Publisher_37,E10+,2020,69.8,0.54
5895,PS4,Adventure,Publisher_29,M,2017,77.6,0.33
5896,Switch,Sports,Publisher_29,E10+,2023,73.4,0.31
5897,Xbox One,Action,Publisher_12,T,2019,71.5,0.33
5898,PC,Puzzle,Publisher_26,M,2021,57.9,0.04
5899,PS4,Simulation,Publisher_32,T,2017,55.3,0.12
5900,Xbox One,Racing,Publisher_22,T,2015,65.0,0.17
5901,Switch,Sports,Publisher_35,E,2019,61.2,0.93
5902,PS4,Racing,Publisher_23,E,2022,74.7,0.67
5903,Switch,RPG,Publisher_13,T,2018,54.0,0.76
5904,PS5,Adventure,Publisher_26,E10+,2024,67.5,0.21
5905,Switch,Racing,Publisher_38,E,2022,70.3,0.31
5906,Xbox One,RPG,Publisher_34,E,2021,,0.19
5907,PS4,Racing,Publisher_20,E10+,2023,76.0,0.37
5908,PS5,Puzzle,Publisher_24,E,2023,68.7,0.13
5909,Switch,Puzzle,Publisher_40,T,2022,65.3,0.12
5910,PS4,RPG,Publisher_30,E10+,2023,84.4,0.29
5911,Xbox Series X,Racing,Publisher_21,E10+,2022,68.8,0.17
5912,PS5,Action,Publisher_12,E,2023,86.2,0.21
5913,PC,Shooter,Publisher_37,T,2016,68.7,0.3
5914,Xbox One,Shooter,Publisher_40,E,2018,71.8,0.18
5915,PC,Racing,Publisher_3,T,2023,70.6,0.13
5916,PS5,Simulation,Publisher_2,M,2019,74.3,0.18
5917,PS4,Simulation,Publisher_5,M,2015,67.8,0.26
5918,Xbox One,Shooter,Publisher_16,T,2023,73.0,0.33
5919,Xbox One,Puzzle,Publisher_7,M,2021,87.3,0.13
5920,Switch,Action,Publisher_36,M,2024,82.5,0.82
5921,PC,Shooter,Publisher_37,T,2015,82.6,0.23
5922,Switch,Puzzle,Publisher_8,E10+,2016,58.6,0.1
5923,PS5,Puzzle,Publisher_34,T,2020,60.2,0.07
5924,PS4,Simulation,Publisher_6,M,2016,74.2,0.21
5925,PC,Shooter,Publisher_32,T,2020,79.7,0.17
5926,Xbox One,Simulation,Publisher_15,E10+,2018,66.8,0.1
5927,PC,Simulation,Publisher_2,E,2017,,0.08
5928,Xbox One,Racing,Publisher_18,E,2022,85.9,0.13
5929,PS5,Action,Publisher_33,E10+,2015,78.9,0.24
5930,Xbox Series X,Shooter,Publisher_38,M,2023,82.6,0.29
5931,Switch,Adventure,Publisher_5,T,2016,67.6,0.63
5932,Xbox One,Racing,Publisher_34,E,2020,66.8,0.1
5933,PS5,Simulation,Publisher_12,M,2024,81.5,0.3
5934,PS4,Adventure,Publisher_19,E10+,2016,69.4,0.34
5935,PC,Action,Publisher_5,E10+,2024,65.9,0.52
5936,PC,Adventure,Publisher_39,M,2018,62.9,0.24
5937,Switch,RPG,Publisher_32,E10+,2022,66.9,0.39
5938,PS5,Adventure,Publisher_26,T,2023,80.8,0.33
5939,Xbox One,Racing,Publisher_30,M,2017,56.9,0.12
5940,Switch,Shooter,Publisher_35,T,2018,78.3,2.29
5941,Xbox One,Action,Publisher_6,T,2023,64.9,0.11
5942,Xbox One,Action,Publisher_10,E10+,2016,69.9,0.15
5943,Xbox Series X,Racing,Publisher_2,M,2016,70.5,0.14
5944,PS4,Racing,Publisher_20,E,2018,69.8,0.25
5945,PS4,Racing,Publisher_20,E10+,2021,69.1,0.33
5946,Switch,Sports,Publisher_2,M,2023,67.6,0.53
5947,PS5,Racing,Publisher_27,E10+,2020,66.3,0.41
5948,PS5,Action,Publisher_1,E,2019,85.2,0.32
5949,Xbox Series X,Sports,Publisher_32,E10+,2023,72.3,0.16
5950,Switch,Shooter,Publisher_29,E10+,2016,70.7,0.48
5951,Xbox One,Racing,Publisher_33,T,2024,65.6,0.15
5952,Xbox One,Puzzle,Publisher_5,E,2018,67.9,0.18
5953,Xbox One,Simulation,Publisher_35,E10+,2017,65.6,0.25
5954,PS5,Adventure,Publisher_22,M,2024,79.7,0.47
5955,PS4,Shooter,Publisher_35,E,2021,64.5,0.57
5956,PS5,Adventure,Publisher_28,M,2019,49.5,0.7
5957,Switch,Action,Publisher_27,E,2018,72.6,0.63
5958,Switch,Adventure,Publisher_2,E10+,2019,69.2,0.43
5959,PS4,Shooter,Publisher_28,T,2022,66.1,1.06
5960,PS4,Adventure,Publisher_18,M,2016,81.1,0.11
5961,PS4,Simulation,Publisher_34,E10+,2016,44.7,0.14
5962,PC,Puzzle,Publisher_28,E,2018,87.8,0.41
5963,Xbox Series X,Simulation,Publisher_3,M,2019,82.5,0.19
5964,Switch,Action,Publisher_36,M,2023,65.7,0.34
5965,Xbox Series X,Sports,Publisher_3,T,2017,67.5,0.37
5966,Switch,Puzzle,Publisher_12,E,2022,77.0,0.27
5967,Xbox One,Racing,Publisher_9,T,2024,77.3,0.42
5968,PS4,Action,Publisher_39,E10+,2019,65.7,0.37
5969,PC,Puzzle,Publisher_7,E10+,2024,55.8,0.07
5970,Switch,Action,Publisher_34,E,2023,93.1,0.52
5971,Switch,Simulation,Publisher_9,E10+,2022,81.6,0.33
5972,PC,Sports,Publisher_27,M,2018,73.6,0.51
5973,PS4,Shooter,Publisher_4,E,2018,,1.19
5974,PS5,Adventure,Publisher_16,M,2023,78.2,0.94
5975,Xbox One,Racing,Publisher_25,T,2019,79.4,0.36
5976,PS4,Puzzle,Publisher_29,T,2015,51.1,0.14
5977,Xbox Series X,Puzzle,Publisher_35,M,2022,68.5,0.28
5978,PS4,Simulation,Publisher_33,E,2018,67.5,0.13
5979,Xbox Series X,Shooter,Publisher_21,M,2024,70.4,0.72
5980,Xbox Series X,Simulation,Publisher_13,E10+,2023,79.7,0.18
5981,Xbox Series X,Racing,Publisher_11,E10+,2016,54.1,0.11
5982,Switch,Simulation,Publisher_40,E10+,2024,58.5,0.25
5983,Xbox One,Puzzle,Publisher_25,T,2024,65.2,0.23
5984,Xbox Series X,Sports,Publisher_37,E10+,2022,73.5,0.41
5985,PS5,Puzzle,Publisher_18,M,2017,80.3,0.12
5986,Xbox One,Simulation,Publisher_20,E,2021,88.3,0.23
5987,PS4,Sports,Publisher_34,T,2023,69.1,0.29
5988,PS4,Adventure,Publisher_29,T,2023,80.3,0.32
5989,Xbox Series X,Action,Publisher_9,T,2019,79.1,0.4
5990,PS5,Adventure,Publisher_21,T,2022,77.4,0.7
5991,Xbox Series X,Adventure,Publisher_9,T,2018,71.8,0.48
5992,PS4,Sports,Publisher_31,M,2017,68.0,0.16
5993,PC,Puzzle,Publisher_2,E,2021,61.3,0.06
5994,PC,Action,Publisher_34,E10+,2019,60.7,0.18
5995,PS5,Racing,Publisher_38,T,2017,75.5,0.39
5996,Xbox One,Simulation,Publisher_1,E10+,2021,71.5,0.14
5997,Xbox One,Sports,Publisher_26,M,2018,67.8,0.18
5998,Xbox Series X,Sports,Publisher_4,T,2020,,0.58
5999,Xbox Series X,Shooter,Publisher_15,T,2018,70.0,0.67
6000,Switch,RPG,Publisher_14,E,2023,62.9,0.18
